trial_id,method,profile,scenario,outcome,initial_detected,offset_degrees,initial_error_px,terminal_error_px,final_error_px,peak_error_px,peak_error_increase_pct,terminal_time_s,settling_time_s,observed_time_s,sample_count,max_command_rad_s,max_joint_condition,wall_time_s,target_step_time_s,projected_overshoot_pct,near_goal_command_rms_rad_s,min_gain_per_s,max_gain_per_s,trace
1,fixed,medium,static,initial_out_of_view,False,"[-0.8130658685452481, 3.605923598707337, 5.845410233766206, -5.816519679560218, 7.104223377612421, -7.12241880234488]",,,,,,0.0,,0.0,1,0.0,10.898052857942403,0.00423450002563186,,,,1.2,1.2,traces/fixed_0001.npz
1,adaptive,medium,static,initial_out_of_view,False,"[-0.8130658685452481, 3.605923598707337, 5.845410233766206, -5.816519679560218, 7.104223377612421, -7.12241880234488]",,,,,,0.0,,0.0,1,0.0,10.898052857942403,0.005046500009484589,,,,0.8,0.8,traces/adaptive_0001.npz
1,fixed_high,medium,static,initial_out_of_view,False,"[-0.8130658685452481, 3.605923598707337, 5.845410233766206, -5.816519679560218, 7.104223377612421, -7.12241880234488]",,,,,,0.0,,0.0,1,0.0,10.898052857942403,0.0053072999871801585,,,,2.4,2.4,traces/fixed_high_0001.npz
2,fixed,large,static,initial_out_of_view,False,"[-1.2780489390141838, 13.987565757947603, 2.73655223997989, -17.88614405484045, -8.895292002893784, -13.414636810741886]",,,,,,0.0,,0.0,1,0.0,10.472045367642309,0.002945699990959838,,,,1.2,1.2,traces/fixed_0002.npz
2,adaptive,large,static,initial_out_of_view,False,"[-1.2780489390141838, 13.987565757947603, 2.73655223997989, -17.88614405484045, -8.895292002893784, -13.414636810741886]",,,,,,0.0,,0.0,1,0.0,10.472045367642309,0.0032922000100370497,,,,0.8,0.8,traces/adaptive_0002.npz
2,fixed_high,large,static,initial_out_of_view,False,"[-1.2780489390141838, 13.987565757947603, 2.73655223997989, -17.88614405484045, -8.895292002893784, -13.414636810741886]",,,,,,0.0,,0.0,1,0.0,10.472045367642309,0.004100199992535636,,,,2.4,2.4,traces/fixed_high_0002.npz
3,fixed,medium,static,converged,True,"[2.8717161482197646, 0.5131953458820373, -5.8431355255964545, 2.491762690898515, 6.532682785629813, -7.251546253014333]",53.76506042480469,0.948555588722229,0.948555588722229,53.76506042480469,0.0,3.7319999999998106,3.2319999999998656,4.731999999999701,143,0.15398795399664883,11.441005416285103,1.0198415000049863,,0.0,0.007201935029919233,1.2,1.2,traces/fixed_0003.npz
3,adaptive,medium,static,converged,True,"[2.8717161482197646, 0.5131953458820373, -5.8431355255964545, 2.491762690898515, 6.532682785629813, -7.251546253014333]",53.76506042480469,0.9412813186645508,0.9412813186645508,53.76506042480469,0.0,2.865999999999906,2.365999999999961,3.865999999999796,117,0.30514312215634554,11.441005416285103,0.8199072999996133,,0.0,0.008031039204441053,0.9776030132857874,2.3980707593047654,traces/adaptive_0003.npz
3,fixed_high,medium,static,converged,True,"[2.8717161482197646, 0.5131953458820373, -5.8431355255964545, 2.491762690898515, 6.532682785629813, -7.251546253014333]",53.76506042480469,0.9207556843757629,0.9207556843757629,53.76506042480469,0.0,2.065999999999994,1.5660000000000012,3.065999999999884,93,0.3053886088780575,11.441005416285103,0.6494702000054531,,0.0,0.014932275321950305,2.4,2.4,traces/fixed_high_0003.npz
4,fixed,medium,static,converged,True,"[6.79894319330408, -4.36699926190961, 8.996361133829193, 5.387711086014239, -2.3718429643837915, 1.3618570544631066]",99.37472534179688,0.9673828482627869,0.9673828482627869,99.37472534179688,0.0,4.331999999999745,3.8319999999997996,5.331999999999635,161,0.1983167327852044,10.634381710813201,1.1074268000083975,,0.0,0.00443434802315567,1.2,1.2,traces/fixed_0004.npz
4,adaptive,medium,static,converged,True,"[6.79894319330408, -4.36699926190961, 8.996361133829193, 5.387711086014239, -2.3718429643837915, 1.3618570544631066]",99.37472534179688,0.961202085018158,0.961202085018158,99.37472534179688,0.0,3.3319999999998546,2.8319999999999097,4.331999999999745,131,0.23481079348196718,10.634095848793496,0.9237062000029255,,0.0,0.0045520503472130614,0.981140515367234,2.399993552621642,traces/adaptive_0004.npz
4,fixed_high,medium,static,converged,True,"[6.79894319330408, -4.36699926190961, 8.996361133829193, 5.387711086014239, -2.3718429643837915, 1.3618570544631066]",99.37472534179688,0.9012138843536377,0.9012138843536377,99.37472534179688,0.0,2.46599999999995,1.9660000000000015,3.46599999999984,105,0.23481079348196734,10.634133545324799,0.6884539999882691,,0.0,0.00872011435218224,2.4,2.4,traces/fixed_high_0004.npz
5,fixed,small,static,converged,True,"[1.5636034648025703, 0.36269280643384594, -2.1997651672541902, 3.5255242056066907, 0.7816390083703304, 3.679332212342776]",29.471784591674805,0.9789620041847229,0.9789620041847229,29.471784591674805,0.0,3.365999999999851,2.865999999999906,4.365999999999741,132,0.0920787752821432,10.933706778151713,0.8697682000056375,,0.0,0.005807681085558731,1.2,1.2,traces/fixed_0005.npz
5,adaptive,small,static,converged,True,"[1.5636034648025703, 0.36269280643384594, -2.1997651672541902, 3.5255242056066907, 0.7816390083703304, 3.679332212342776]",29.471784591674805,0.9964606761932373,0.9964606761932373,29.471784591674805,0.0,2.7319999999999207,2.231999999999976,3.7319999999998106,113,0.18107316197453674,10.933706778151713,0.7932774999935646,,0.0,0.006187871959042268,0.9873801265300371,2.359803263060811,traces/adaptive_0005.npz
5,fixed_high,small,static,converged,True,"[1.5636034648025703, 0.36269280643384594, -2.1997651672541902, 3.5255242056066907, 0.7816390083703304, 3.679332212342776]",29.471784591674805,0.9590615034103394,0.9590615034103394,29.471784591674805,0.0,1.9000000000000015,1.400000000000001,2.899999999999902,88,0.1841575505642864,10.933706778151713,0.6078871999925468,,0.0,0.012180714117254394,2.4,2.4,traces/fixed_high_0005.npz
6,fixed,small,static,initial_out_of_view,False,"[2.1398502415996834, -0.27893884686042103, -3.78333338489909, -1.8652775461760562, -2.7385323503659205, -1.503045850580877]",,,,,,0.0,,0.0,1,0.0,11.094943409649064,0.0029343000205699354,,,,1.2,1.2,traces/fixed_0006.npz
6,adaptive,small,static,initial_out_of_view,False,"[2.1398502415996834, -0.27893884686042103, -3.78333338489909, -1.8652775461760562, -2.7385323503659205, -1.503045850580877]",,,,,,0.0,,0.0,1,0.0,11.094943409649064,0.003414400009205565,,,,0.8,0.8,traces/adaptive_0006.npz
6,fixed_high,small,static,initial_out_of_view,False,"[2.1398502415996834, -0.27893884686042103, -3.78333338489909, -1.8652775461760562, -2.7385323503659205, -1.503045850580877]",,,,,,0.0,,0.0,1,0.0,11.094943409649064,0.0028406000055838376,,,,2.4,2.4,traces/fixed_high_0006.npz
7,fixed,small,static,converged,True,"[1.5795083215018826, 0.3200520360263708, 0.40612750939433084, 3.662942435559663, -1.3870567625603958, -0.0866625829916865]",9.976941108703613,0.9680711030960083,0.9680711030960083,9.976941108703613,0.0,2.4999999999999463,2.0000000000000013,3.499999999999836,106,0.07530503455039095,10.637702777217434,0.7098257000034209,,0.0,0.010927280708201939,1.2,1.2,traces/fixed_0007.npz
7,adaptive,small,static,converged,True,"[1.5795083215018826, 0.3200520360263708, 0.40612750939433084, 3.662942435559663, -1.3870567625603958, -0.0866625829916865]",9.976941108703613,0.9732404947280884,0.9732404947280884,9.976941108703613,0.0,2.3319999999999648,1.8320000000000014,3.3319999999998546,101,0.12176002711507591,10.637578630437485,0.6860644000116736,,0.0,0.011501245757536945,0.9832740095231209,1.9402691122904816,traces/adaptive_0007.npz
7,fixed_high,small,static,converged,True,"[1.5795083215018826, 0.3200520360263708, 0.40612750939433084, 3.662942435559663, -1.3870567625603958, -0.0866625829916865]",9.976941108703613,0.9964171051979065,0.9964171051979065,9.976941108703613,0.0,1.466000000000001,0.9660000000000007,2.46599999999995,75,0.1506100691007819,10.637426734145592,0.5055225999967661,,0.0,0.022386461413017113,2.4,2.4,traces/fixed_high_0007.npz
8,fixed,medium,static,converged,True,"[-0.8791557812229875, -4.402620808469534, 4.571318342933505, 11.348047960064704, 0.9533308562043814, -4.390283202520127]",103.0530014038086,0.9902769327163696,0.9902769327163696,103.0530014038086,0.0,4.46599999999973,3.965999999999785,5.46599999999962,165,0.24115210170697618,10.643590236233024,1.111118600005284,,0.0,0.0031400845722434102,1.2,1.2,traces/fixed_0008.npz
8,adaptive,medium,static,converged,True,"[-0.8791557812229875, -4.402620808469534, 4.571318342933505, 11.348047960064704, 0.9533308562043814, -4.390283202520127]",103.0530014038086,0.9957333207130432,0.9957333207130432,103.0530014038086,0.0,3.3319999999998546,2.8319999999999097,4.331999999999745,131,0.35,10.643768400158596,0.8404805999889504,,0.0,0.0033388515963814823,0.9872516939802141,2.399995928997466,traces/adaptive_0008.npz
8,fixed_high,medium,static,converged,True,"[-0.8791557812229875, -4.402620808469534, 4.571318342933505, 11.348047960064704, 0.9533308562043814, -4.390283202520127]",103.0530014038086,0.9534618258476257,0.9534618258476257,103.0530014038086,0.0,2.4999999999999463,2.0000000000000013,3.499999999999836,106,0.35,10.643809489234922,0.7050460999889765,,0.0,0.006137294751390259,2.4,2.4,traces/fixed_high_0008.npz
9,fixed,medium,static,converged,True,"[5.672383509568952, -0.8296458207747293, -6.97342976791691, -4.1993184894812305, 5.546099854695498, 3.7420387460226525]",181.1334686279297,0.9769476652145386,0.9769476652145386,181.1334686279297,0.0,4.899999999999682,4.3999999999997375,5.899999999999572,178,0.15994420756955963,11.628282624087927,1.1671558000089135,,0.0,0.0034080239684529928,1.2,1.2,traces/fixed_0009.npz
9,adaptive,medium,static,converged,True,"[5.672383509568952, -0.8296458207747293, -6.97342976791691, -4.1993184894812305, 5.546099854695498, 3.7420387460226525]",181.1334686279297,0.9893869757652283,0.9893869757652283,181.1334686279297,0.0,3.665999999999818,3.165999999999873,4.665999999999708,141,0.15994420756955965,11.628282624087927,0.8963036999921314,,0.0,0.003768610703073191,0.9861305191178714,2.3999999997650576,traces/adaptive_0009.npz
9,fixed_high,medium,static,converged,True,"[5.672383509568952, -0.8296458207747293, -6.97342976791691, -4.1993184894812305, 5.546099854695498, 3.7420387460226525]",181.1334686279297,0.9805724024772644,0.9805724024772644,181.1334686279297,0.0,2.7999999999999132,2.2999999999999683,3.799999999999803,115,0.15994420756955963,11.628282624087927,0.7431103000126313,,0.0,0.007296933719311399,2.4,2.4,traces/fixed_high_0009.npz
10,fixed,medium,static,converged,True,"[7.915176513490408, -3.292840197830696, 6.128550068649943, 10.021271099986947, -0.5109147107880769, -11.88911339201951]",92.09175109863281,0.9805222749710083,0.9805222749710083,92.09175109863281,0.0,4.131999999999767,3.6319999999998216,5.131999999999657,155,0.2378559771631746,10.633693614422905,0.9852495999948587,,0.0,0.007487079897695753,1.2,1.2,traces/fixed_0010.npz
10,adaptive,medium,static,converged,True,"[7.915176513490408, -3.292840197830696, 6.128550068649943, 10.021271099986947, -0.5109147107880769, -11.88911339201951]",92.09175109863281,0.9764781594276428,0.9764781594276428,92.09175109863281,0.0,3.1319999999998767,2.6319999999999317,4.131999999999767,125,0.31876984414820736,10.633462930784061,0.7913081999868155,,0.0,0.007901762756433964,0.9833335242009953,2.3999839766837594,traces/adaptive_0010.npz
10,fixed_high,medium,static,converged,True,"[7.915176513490408, -3.292840197830696, 6.128550068649943, 10.021271099986947, -0.5109147107880769, -11.88911339201951]",92.09175109863281,0.9347968697547913,0.9347968697547913,92.09175109863281,0.0,2.3319999999999648,1.8320000000000014,3.3319999999998546,101,0.3187698441482075,10.633477792363887,0.6465617000067141,,0.0,0.015443248131403955,2.4,2.4,traces/fixed_high_0010.npz
11,fixed,medium,static,converged,True,"[4.440567006001055, -5.474273320585242, 9.073067324452456, 4.473315163689804, 1.1850897052712703, 10.345542805065946]",85.67382049560547,0.9673342704772949,0.9673342704772949,85.67382049560547,0.0,4.265999999999752,3.765999999999807,5.265999999999642,159,0.2685090177538874,10.62904619342949,1.0196795999945607,,0.0,0.006112698551938134,1.2,1.2,traces/fixed_0011.npz
11,adaptive,medium,static,converged,True,"[4.440567006001055, -5.474273320585242, 9.073067324452456, 4.473315163689804, 1.1850897052712703, 10.345542805065946]",85.67382049560547,0.9907004833221436,0.9907004833221436,85.67382049560547,0.0,3.2319999999998656,2.7319999999999207,4.231999999999756,128,0.3255025413008765,10.62853134103803,0.8388623000064399,,0.0,0.006481514466580262,0.9863372585539392,2.3999642594349737,traces/adaptive_0011.npz
11,fixed_high,medium,static,converged,True,"[4.440567006001055, -5.474273320585242, 9.073067324452456, 4.473315163689804, 1.1850897052712703, 10.345542805065946]",85.67382049560547,0.8949109315872192,0.8949109315872192,85.67382049560547,0.0,2.4319999999999538,1.9320000000000015,3.4319999999998436,104,0.32550254130087714,10.629711901767344,0.6532151999999769,,0.0,0.011722640791679263,2.4,2.4,traces/fixed_high_0011.npz
12,fixed,medium,static,initial_out_of_view,False,"[1.3005942696378465, -6.310350539686365, -8.955728587942712, -2.1843277455380044, 2.199089030472134, 4.3499972314542]",,,,,,0.0,,0.0,1,0.0,11.834520752670807,0.0034747000026982278,,,,1.2,1.2,traces/fixed_0012.npz
12,adaptive,medium,static,initial_out_of_view,False,"[1.3005942696378465, -6.310350539686365, -8.955728587942712, -2.1843277455380044, 2.199089030472134, 4.3499972314542]",,,,,,0.0,,0.0,1,0.0,11.834520752670807,0.0025642000255174935,,,,0.8,0.8,traces/adaptive_0012.npz
12,fixed_high,medium,static,initial_out_of_view,False,"[1.3005942696378465, -6.310350539686365, -8.955728587942712, -2.1843277455380044, 2.199089030472134, 4.3499972314542]",,,,,,0.0,,0.0,1,0.0,11.834520752670807,0.0018398000102024525,,,,2.4,2.4,traces/fixed_high_0012.npz
13,fixed,large,static,initial_out_of_view,False,"[-14.741457044561479, -8.987045006422225, -13.064166173816139, -15.558395123155087, 15.279048037659933, 8.095015660677007]",,,,,,0.0,,0.0,1,0.0,15.538112026016723,0.0024879999982658774,,,,1.2,1.2,traces/fixed_0013.npz
13,adaptive,large,static,initial_out_of_view,False,"[-14.741457044561479, -8.987045006422225, -13.064166173816139, -15.558395123155087, 15.279048037659933, 8.095015660677007]",,,,,,0.0,,0.0,1,0.0,15.538112026016723,0.001963399990927428,,,,0.8,0.8,traces/adaptive_0013.npz
13,fixed_high,large,static,initial_out_of_view,False,"[-14.741457044561479, -8.987045006422225, -13.064166173816139, -15.558395123155087, 15.279048037659933, 8.095015660677007]",,,,,,0.0,,0.0,1,0.0,15.538112026016723,0.0023736999719403684,,,,2.4,2.4,traces/fixed_high_0013.npz
14,fixed,small,static,converged,True,"[1.9128655002615274, 2.7945030033176996, -3.2879723700801406, 2.6875134967953676, -0.23932188976935986, -0.7883578626464862]",22.300743103027344,0.9751152396202087,0.9751152396202087,22.300743103027344,0.0,2.999999999999891,2.4999999999999463,3.999999999999781,121,0.07028504481227363,11.050047822654449,0.7514260999741964,,0.0,0.006243749081935758,1.2,1.2,traces/fixed_0014.npz
14,adaptive,small,static,converged,True,"[1.9128655002615274, 2.7945030033176996, -3.2879723700801406, 2.6875134967953676, -0.23932188976935986, -0.7883578626464862]",22.300743103027344,0.956304669380188,0.956304669380188,22.300743103027344,0.0,2.5319999999999427,2.031999999999998,3.5319999999998326,107,0.13480022728752944,11.050047822654449,0.6601356999890413,,0.0,0.00647726803545372,0.9802716602554844,2.3014892169036187,traces/adaptive_0014.npz
14,fixed_high,small,static,converged,True,"[1.9128655002615274, 2.7945030033176996, -3.2879723700801406, 2.6875134967953676, -0.23932188976935986, -0.7883578626464862]",22.300743103027344,0.9668174982070923,0.9668174982070923,22.300743103027344,0.0,1.7000000000000013,1.2000000000000008,2.6999999999999242,82,0.14057008962454726,11.050047822654449,0.505102099996293,,0.0,0.012829700560447717,2.4,2.4,traces/fixed_high_0014.npz
15,fixed,large,static,initial_out_of_view,False,"[-9.606097446590262, -7.936339897116497, -8.977787953874305, 24.842142224225846, 12.208848075434744, -3.963415580317829]",,,,,,0.0,,0.0,1,0.0,14.895786581688295,0.0025399000151082873,,,,1.2,1.2,traces/fixed_0015.npz
15,adaptive,large,static,initial_out_of_view,False,"[-9.606097446590262, -7.936339897116497, -8.977787953874305, 24.842142224225846, 12.208848075434744, -3.963415580317829]",,,,,,0.0,,0.0,1,0.0,14.895786581688295,0.0023089000023901463,,,,0.8,0.8,traces/adaptive_0015.npz
15,fixed_high,large,static,initial_out_of_view,False,"[-9.606097446590262, -7.936339897116497, -8.977787953874305, 24.842142224225846, 12.208848075434744, -3.963415580317829]",,,,,,0.0,,0.0,1,0.0,14.895786581688295,0.0020232999813742936,,,,2.4,2.4,traces/fixed_high_0015.npz
16,fixed,small,static,converged,True,"[0.8721793089469183, 1.125711748522165, -0.3729324154959812, 1.3456619839730717, 2.6318042852207473, -0.3054216412512236]",49.92502212524414,0.9840835928916931,0.9840835928916931,49.92502212524414,0.0,3.7319999999998106,3.2319999999998656,4.731999999999701,143,0.04757981595309116,10.70433606634862,0.9339578000071924,,0.0,0.0025568425485764054,1.2,1.2,traces/fixed_0016.npz
16,adaptive,small,static,converged,True,"[0.8721793089469183, 1.125711748522165, -0.3729324154959812, 1.3456619839730717, 2.6318042852207473, -0.3054216412512236]",49.92502212524414,0.9886608123779297,0.9886608123779297,49.92502212524414,0.0,2.865999999999906,2.365999999999961,3.865999999999796,117,0.09263216514083861,10.70433606634862,0.7358330999850295,,0.0,0.0028523222331980915,0.9860021808156272,2.3968821892279153,traces/adaptive_0016.npz
16,fixed_high,small,static,converged,True,"[0.8721793089469183, 1.125711748522165, -0.3729324154959812, 1.3456619839730717, 2.6318042852207473, -0.3054216412512236]",49.92502212524414,0.9732598662376404,0.9732598662376404,49.92502212524414,0.0,2.065999999999994,1.5660000000000012,3.065999999999884,93,0.09280692363766155,10.70433606634862,0.5640824000001885,,0.0,0.005314983983365235,2.4,2.4,traces/fixed_high_0016.npz
17,fixed,small,static,converged,True,"[2.9371178859998404, -1.162753733531347, 3.986358095802344, -2.8293113634325966, -0.6504352297532234, 0.856097935542782]",89.73177337646484,0.9780474901199341,0.9780474901199341,89.73177337646484,0.0,4.2999999999997485,3.799999999999803,5.299999999999638,160,0.11787452587463013,10.641111953427773,1.0308319999894593,,0.0,0.002517220444923602,1.2,1.2,traces/fixed_0017.npz
17,adaptive,small,static,converged,True,"[2.9371178859998404, -1.162753733531347, 3.986358095802344, -2.8293113634325966, -0.6504352297532234, 0.856097935542782]",89.73177337646484,0.9890742301940918,0.9890742301940918,89.73177337646484,0.0,3.199999999999869,2.6999999999999242,4.1999999999997595,127,0.22056578724499515,10.64117138925106,0.844603300007293,,0.0,0.002501273042243062,0.9860752481361286,2.399978478701537,traces/adaptive_0017.npz
17,fixed_high,small,static,converged,True,"[2.9371178859998404, -1.162753733531347, 3.986358095802344, -2.8293113634325966, -0.6504352297532234, 0.856097935542782]",89.73177337646484,0.936887264251709,0.936887264251709,89.73177337646484,0.0,2.365999999999961,1.8660000000000014,3.365999999999851,102,0.2205657872449954,10.6411561198957,0.6658406999777071,,0.0,0.004924333237207887,2.4,2.4,traces/fixed_high_0017.npz
18,fixed,large,static,initial_out_of_view,False,"[-0.09401476468289616, 9.546068338926109, -4.009729650906401, -28.50406152471639, -0.14655048277641214, 13.516540297858967]",,,,,,0.0,,0.0,1,0.0,11.985723426734722,0.0035567999875638634,,,,1.2,1.2,traces/fixed_0018.npz
18,adaptive,large,static,initial_out_of_view,False,"[-0.09401476468289616, 9.546068338926109, -4.009729650906401, -28.50406152471639, -0.14655048277641214, 13.516540297858967]",,,,,,0.0,,0.0,1,0.0,11.985723426734722,0.0025528999976813793,,,,0.8,0.8,traces/adaptive_0018.npz
18,fixed_high,large,static,initial_out_of_view,False,"[-0.09401476468289616, 9.546068338926109, -4.009729650906401, -28.50406152471639, -0.14655048277641214, 13.516540297858967]",,,,,,0.0,,0.0,1,0.0,11.985723426734722,0.0031565999961458147,,,,2.4,2.4,traces/fixed_high_0018.npz
19,fixed,large,static,initial_out_of_view,False,"[1.5642380187245024, 0.631049261319685, -0.0849665127716932, -18.38583178809371, 10.767711332637173, -29.596720934840643]",,,,,,0.0,,0.0,1,0.0,13.018663331047684,0.0031390999793075025,,,,1.2,1.2,traces/fixed_0019.npz
19,adaptive,large,static,initial_out_of_view,False,"[1.5642380187245024, 0.631049261319685, -0.0849665127716932, -18.38583178809371, 10.767711332637173, -29.596720934840643]",,,,,,0.0,,0.0,1,0.0,13.018663331047684,0.0032478999928571284,,,,0.8,0.8,traces/adaptive_0019.npz
19,fixed_high,large,static,initial_out_of_view,False,"[1.5642380187245024, 0.631049261319685, -0.0849665127716932, -18.38583178809371, 10.767711332637173, -29.596720934840643]",,,,,,0.0,,0.0,1,0.0,13.018663331047684,0.0034636000054888427,,,,2.4,2.4,traces/fixed_high_0019.npz
20,fixed,small,static,converged,True,"[-1.299981185566263, 0.32650365240885915, -3.6092949565522128, 3.242450883813527, -2.057923734634718, -3.664989265111556]",97.76409912109375,0.9608945250511169,0.9608945250511169,97.76409912109375,0.0,4.431999999999734,3.9319999999997886,5.431999999999624,164,0.054330769723725025,11.084683978724582,1.0712650000059512,,0.0,0.0034587131617818947,1.2,1.2,traces/fixed_0020.npz
20,adaptive,small,static,converged,True,"[-1.299981185566263, 0.32650365240885915, -3.6092949565522128, 3.242450883813527, -2.057923734634718, -3.664989265111556]",97.76409912109375,0.9773169159889221,0.9773169159889221,97.76409912109375,0.0,3.299999999999858,2.7999999999999132,4.2999999999997485,130,0.1050159838254032,11.084683978724582,0.8779287000070326,,0.0,0.003707889155615194,0.983162380943858,2.3999921146863947,traces/adaptive_0020.npz
20,fixed_high,small,static,converged,True,"[-1.299981185566263, 0.32650365240885915, -3.6092949565522128, 3.242450883813527, -2.057923734634718, -3.664989265111556]",97.76409912109375,0.909673273563385,0.909673273563385,97.76409912109375,0.0,2.4319999999999538,1.9320000000000015,3.4319999999998436,104,0.105029052317141,11.084683978724582,0.6426740000024438,,0.0,0.006806966448695892,2.4,2.4,traces/fixed_high_0020.npz
21,fixed,medium,static,initial_out_of_view,False,"[4.462275630049188, -1.8689898805304868, -2.3023980999129945, -7.077974244362384, -6.409185718161323, 5.871287074909844]",,,,,,0.0,,0.0,1,0.0,10.927007196541071,0.0025596999912522733,,,,1.2,1.2,traces/fixed_0021.npz
21,adaptive,medium,static,initial_out_of_view,False,"[4.462275630049188, -1.8689898805304868, -2.3023980999129945, -7.077974244362384, -6.409185718161323, 5.871287074909844]",,,,,,0.0,,0.0,1,0.0,10.927007196541071,0.002122600009897724,,,,0.8,0.8,traces/adaptive_0021.npz
21,fixed_high,medium,static,initial_out_of_view,False,"[4.462275630049188, -1.8689898805304868, -2.3023980999129945, -7.077974244362384, -6.409185718161323, 5.871287074909844]",,,,,,0.0,,0.0,1,0.0,10.927007196541071,0.001917400019010529,,,,2.4,2.4,traces/fixed_high_0021.npz
22,fixed,large,static,initial_out_of_view,False,"[5.766517121680728, -13.791877006792788, 20.993557302807723, 3.1641577004340036, 5.292606415818447, 22.079155056976894]",,,,,,0.0,,0.0,1,0.0,11.429139232508529,0.0031641000241506845,,,,1.2,1.2,traces/fixed_0022.npz
22,adaptive,large,static,initial_out_of_view,False,"[5.766517121680728, -13.791877006792788, 20.993557302807723, 3.1641577004340036, 5.292606415818447, 22.079155056976894]",,,,,,0.0,,0.0,1,0.0,11.429139232508529,0.002766599995084107,,,,0.8,0.8,traces/adaptive_0022.npz
22,fixed_high,large,static,initial_out_of_view,False,"[5.766517121680728, -13.791877006792788, 20.993557302807723, 3.1641577004340036, 5.292606415818447, 22.079155056976894]",,,,,,0.0,,0.0,1,0.0,11.429139232508529,0.0026839000056497753,,,,2.4,2.4,traces/fixed_high_0022.npz
23,fixed,large,static,initial_out_of_view,False,"[5.372709213379, 5.40303278903356, -22.685823591839863, 19.760334825956456, -10.20629824188717, -21.475235123339573]",,,,,,0.0,,0.0,1,0.0,14.480247206624698,0.002135200018528849,,,,1.2,1.2,traces/fixed_0023.npz
23,adaptive,large,static,initial_out_of_view,False,"[5.372709213379, 5.40303278903356, -22.685823591839863, 19.760334825956456, -10.20629824188717, -21.475235123339573]",,,,,,0.0,,0.0,1,0.0,14.480247206624698,0.001543000020319596,,,,0.8,0.8,traces/adaptive_0023.npz
23,fixed_high,large,static,initial_out_of_view,False,"[5.372709213379, 5.40303278903356, -22.685823591839863, 19.760334825956456, -10.20629824188717, -21.475235123339573]",,,,,,0.0,,0.0,1,0.0,14.480247206624698,0.0020838000054936856,,,,2.4,2.4,traces/fixed_high_0023.npz
24,fixed,large,static,initial_out_of_view,False,"[-15.061762713778782, -8.508266236465847, 8.72139057092761, -17.262770796409562, 3.156858483239219, -24.500183382966473]",,,,,,0.0,,0.0,1,0.0,11.064877841755573,0.0020435999904293567,,,,1.2,1.2,traces/fixed_0024.npz
24,adaptive,large,static,initial_out_of_view,False,"[-15.061762713778782, -8.508266236465847, 8.72139057092761, -17.262770796409562, 3.156858483239219, -24.500183382966473]",,,,,,0.0,,0.0,1,0.0,11.064877841755573,0.0027781999961007386,,,,0.8,0.8,traces/adaptive_0024.npz
24,fixed_high,large,static,initial_out_of_view,False,"[-15.061762713778782, -8.508266236465847, 8.72139057092761, -17.262770796409562, 3.156858483239219, -24.500183382966473]",,,,,,0.0,,0.0,1,0.0,11.064877841755573,0.002347000001464039,,,,2.4,2.4,traces/fixed_high_0024.npz
25,fixed,small,static,converged,True,"[-2.9000502856806465, -2.6185407596731167, -0.3196027066680358, 1.417527729916677, 2.9202710661801055, 0.5842757359939812]",77.86637878417969,0.9822306036949158,0.9822306036949158,77.86637878417969,0.0,4.131999999999767,3.6319999999998216,5.131999999999657,155,0.06963647294174319,10.708369862520879,0.9981629999820143,,0.0,0.0025396054189375434,1.2,1.2,traces/fixed_0025.npz
25,adaptive,small,static,converged,True,"[-2.9000502856806465, -2.6185407596731167, -0.3196027066680358, 1.417527729916677, 2.9202710661801055, 0.5842757359939812]",77.86637878417969,0.9760511517524719,0.9760511517524719,77.86637878417969,0.0,3.1319999999998767,2.6319999999999317,4.131999999999767,125,0.1392674421373635,10.710684545330228,0.782126399979461,,0.0,0.002855692839601756,0.9837716713949196,2.3999051575263883,traces/adaptive_0025.npz
25,fixed_high,small,static,converged,True,"[-2.9000502856806465, -2.6185407596731167, -0.3196027066680358, 1.417527729916677, 2.9202710661801055, 0.5842757359939812]",77.86637878417969,0.9665071964263916,0.9665071964263916,77.86637878417969,0.0,2.265999999999972,1.7660000000000013,3.265999999999862,99,0.13927294588348638,10.710683669316264,0.6140368000196759,,0.0,0.005087493976954408,2.4,2.4,traces/fixed_high_0025.npz
26,fixed,medium,static,initial_out_of_view,False,"[-3.079461816300862, 7.288666737543764, -0.39077793240974756, 10.6112054187149, 0.8130543444443923, 8.366760429068531]",,,,,,0.0,,0.0,1,0.0,10.904209652985799,0.004128400003537536,,,,1.2,1.2,traces/fixed_0026.npz
26,adaptive,medium,static,initial_out_of_view,False,"[-3.079461816300862, 7.288666737543764, -0.39077793240974756, 10.6112054187149, 0.8130543444443923, 8.366760429068531]",,,,,,0.0,,0.0,1,0.0,10.904209652985799,0.0034635000047273934,,,,0.8,0.8,traces/adaptive_0026.npz
26,fixed_high,medium,static,initial_out_of_view,False,"[-3.079461816300862, 7.288666737543764, -0.39077793240974756, 10.6112054187149, 0.8130543444443923, 8.366760429068531]",,,,,,0.0,,0.0,1,0.0,10.904209652985799,0.0031552999862469733,,,,2.4,2.4,traces/fixed_high_0026.npz
27,fixed,small,static,converged,True,"[1.219857616495477, 0.105778253558662, 3.7206280942100456, 1.7007094011742696, -2.9409468069047495, -1.9367023480948307]",32.292076110839844,0.9666597843170166,0.9666597843170166,32.292076110839844,0.0,3.265999999999862,2.765999999999917,4.265999999999752,129,0.07776773501346798,10.629809101822426,0.7903444000112358,,0.0,0.00553296327831104,1.2,1.2,traces/fixed_0027.npz
27,adaptive,small,static,converged,True,"[1.219857616495477, 0.105778253558662, 3.7206280942100456, 1.7007094011742696, -2.9409468069047495, -1.9367023480948307]",32.292076110839844,0.9596326351165771,0.9596326351165771,32.292076110839844,0.0,2.6319999999999317,2.131999999999987,3.6319999999998216,110,0.1537044022251632,10.629417374600274,0.7074790999758989,,0.0,0.00608056940033782,0.9808037058805555,2.3717455913850802,traces/adaptive_0027.npz
27,fixed_high,small,static,converged,True,"[1.219857616495477, 0.105778253558662, 3.7206280942100456, 1.7007094011742696, -2.9409468069047495, -1.9367023480948307]",32.292076110839844,0.940784752368927,0.940784752368927,32.292076110839844,0.0,1.8320000000000014,1.332000000000001,2.8319999999999097,86,0.15553547002693596,10.629341837055668,0.529893600003561,,0.0,0.011203256351900314,2.4,2.4,traces/fixed_high_0027.npz
28,fixed,small,static,converged,True,"[0.668094505844635, -2.863262713723053, 0.6256156054705393, -1.0867202064446104, 1.1262649108276683, -2.805485511072728]",44.795658111572266,0.9662371277809143,0.9662371277809143,44.795658111572266,0.0,3.665999999999818,3.165999999999873,4.665999999999708,141,0.07487487168108284,10.642246246186144,0.9240584000071976,,0.0,0.0029092123013558188,1.2,1.2,traces/fixed_0028.npz
28,adaptive,small,static,converged,True,"[0.668094505844635, -2.863262713723053, 0.6256156054705393, -1.0867202064446104, 1.1262649108276683, -2.805485511072728]",44.795658111572266,0.9588371515274048,0.9588371515274048,44.795658111572266,0.0,2.899999999999902,2.3999999999999573,3.899999999999792,118,0.14938037357012385,10.642104210062111,0.7934417999931611,,0.0,0.003094051451202575,0.9807210167748793,2.394080206877172,traces/adaptive_0028.npz
28,fixed_high,small,static,converged,True,"[0.668094505844635, -2.863262713723053, 0.6256156054705393, -1.0867202064446104, 1.1262649108276683, -2.805485511072728]",44.795658111572266,0.9264742732048035,0.9264742732048035,44.795658111572266,0.0,2.031999999999998,1.5320000000000011,3.0319999999998877,92,0.14974974336216568,10.642031485657839,0.5835466999851633,,0.0,0.0062352070127155166,2.4,2.4,traces/fixed_high_0028.npz
29,fixed,medium,static,initial_out_of_view,False,"[0.6876577112184368, -4.871556947463711, -6.4764715820087755, -4.821452278651174, 1.434404270496179, 9.665724881147565]",,,,,,0.0,,0.0,1,0.0,11.512349537407381,0.0029325000068638474,,,,1.2,1.2,traces/fixed_0029.npz
29,adaptive,medium,static,initial_out_of_view,False,"[0.6876577112184368, -4.871556947463711, -6.4764715820087755, -4.821452278651174, 1.434404270496179, 9.665724881147565]",,,,,,0.0,,0.0,1,0.0,11.512349537407381,0.0029642000154126436,,,,0.8,0.8,traces/adaptive_0029.npz
29,fixed_high,medium,static,initial_out_of_view,False,"[0.6876577112184368, -4.871556947463711, -6.4764715820087755, -4.821452278651174, 1.434404270496179, 9.665724881147565]",,,,,,0.0,,0.0,1,0.0,11.512349537407381,0.0023997000243980438,,,,2.4,2.4,traces/fixed_high_0029.npz
30,fixed,large,static,initial_out_of_view,False,"[4.1516706948421245, -9.163065780580048, 9.389189290226561, 18.739571325209866, 11.98593246858178, -15.89147979557314]",,,,,,0.0,,0.0,1,0.0,13.636097763645019,0.002644499996677041,,,,1.2,1.2,traces/fixed_0030.npz
30,adaptive,large,static,initial_out_of_view,False,"[4.1516706948421245, -9.163065780580048, 9.389189290226561, 18.739571325209866, 11.98593246858178, -15.89147979557314]",,,,,,0.0,,0.0,1,0.0,13.636097763645019,0.0025467000086791813,,,,0.8,0.8,traces/adaptive_0030.npz
30,fixed_high,large,static,initial_out_of_view,False,"[4.1516706948421245, -9.163065780580048, 9.389189290226561, 18.739571325209866, 11.98593246858178, -15.89147979557314]",,,,,,0.0,,0.0,1,0.0,13.636097763645019,0.003808399982517585,,,,2.4,2.4,traces/fixed_high_0030.npz
31,fixed,small,static,converged,True,"[1.936253476137142, -0.396955450964537, 2.8709247566153477, -1.431761086031119, 2.8603828742966613, 1.616577453786558]",89.26761627197266,0.9814502000808716,0.9814502000808716,89.26761627197266,0.0,4.2999999999997485,3.799999999999803,5.299999999999638,160,0.09905097603861467,10.64335913243811,1.0618562000163365,,0.0,0.0027239753084210795,1.2,1.2,traces/fixed_0031.npz
31,adaptive,small,static,converged,True,"[1.936253476137142, -0.396955450964537, 2.8709247566153477, -1.431761086031119, 2.8603828742966613, 1.616577453786558]",89.26761627197266,0.9887606501579285,0.9887606501579285,89.26761627197266,0.0,3.199999999999869,2.6999999999999242,4.1999999999997595,127,0.19810006954162113,10.643456367192135,0.8150549000129104,,0.0,0.0028632403309257807,0.985196688911234,2.3999771931300407,traces/adaptive_0031.npz
31,fixed_high,small,static,converged,True,"[1.936253476137142, -0.396955450964537, 2.8709247566153477, -1.431761086031119, 2.8603828742966613, 1.616577453786558]",89.26761627197266,0.9985829591751099,0.9985829591751099,89.26761627197266,0.0,2.3319999999999648,1.8320000000000014,3.3319999999998546,101,0.19810195207722933,10.643531323891741,0.653375199995935,,0.0,0.0056454850162025024,2.4,2.4,traces/fixed_high_0031.npz
32,fixed,small,static,converged,True,"[-2.5048229501987898, -1.9891453861344788, 1.5309560611031703, -1.1527518748582093, 2.8568063009533535, 3.7121819698457275]",48.972084045410156,0.9702905416488647,0.9702905416488647,48.972084045410156,0.0,3.799999999999803,3.299999999999858,4.799999999999693,145,0.07345013554952819,10.640435963692319,0.921946599992225,,0.0,0.0036818005850902304,1.2,1.2,traces/fixed_0032.npz
32,adaptive,small,static,converged,True,"[-2.5048229501987898, -1.9891453861344788, 1.5309560611031703, -1.1527518748582093, 2.8568063009533535, 3.7121819698457275]",48.972084045410156,0.9883712530136108,0.9883712530136108,48.972084045410156,0.0,2.965999999999895,2.46599999999995,3.965999999999785,120,0.14083066692915489,10.640421257861767,0.7747430000163149,,0.0,0.003857989830238686,0.98583591604323,2.396487779258642,traces/adaptive_0032.npz
32,fixed_high,small,static,converged,True,"[-2.5048229501987898, -1.9891453861344788, 1.5309560611031703, -1.1527518748582093, 2.8568063009533535, 3.7121819698457275]",48.972084045410156,0.9051673412322998,0.9051673412322998,48.972084045410156,0.0,2.131999999999987,1.6320000000000012,3.1319999999998767,95,0.14103706413830772,10.640739414118716,0.5851354000042193,,0.0,0.0077160355845163,2.4,2.4,traces/fixed_high_0032.npz
33,fixed,small,static,converged,True,"[-0.2332126368184939, -0.3809932849010682, -2.3427150695504873, -3.6961821113758635, 0.8082553957393417, -2.5138185522806618]",47.92955017089844,0.9549810886383057,0.9549810886383057,47.92955017089844,0.0,3.8319999999997996,3.3319999999998546,4.83199999999969,146,0.0744588165161288,10.954075708178355,0.9383299000037368,,0.0,0.003822109469899044,1.2,1.2,traces/fixed_0033.npz
33,adaptive,small,static,converged,True,"[-0.2332126368184939, -0.3809932849010682, -2.3427150695504873, -3.6961821113758635, 0.8082553957393417, -2.5138185522806618]",47.92955017089844,0.9792786240577698,0.9792786240577698,47.92955017089844,0.0,2.999999999999891,2.4999999999999463,3.999999999999781,121,0.148669369707029,10.954075708178355,0.7693521000037435,,0.0,0.004024245739350201,0.9843429058852753,2.395998915854234,traces/adaptive_0033.npz
33,fixed_high,small,static,converged,True,"[-0.2332126368184939, -0.3809932849010682, -2.3427150695504873, -3.6961821113758635, 0.8082553957393417, -2.5138185522806618]",47.92955017089844,0.9356677532196045,0.9356677532196045,47.92955017089844,0.0,2.131999999999987,1.6320000000000012,3.1319999999998767,95,0.1489176330322576,10.954075708178355,0.6084869999904186,,0.0,0.007681948951189017,2.4,2.4,traces/fixed_high_0033.npz
34,fixed,medium,static,initial_out_of_view,False,"[-7.589403013729923, 3.230287250372374, -2.3762340936076587, 11.162164911641653, 0.022713960693218738, 5.087215744086009]",,,,,,0.0,,0.0,1,0.0,11.12473133858669,0.0028151999867986888,,,,1.2,1.2,traces/fixed_0034.npz
34,adaptive,medium,static,initial_out_of_view,False,"[-7.589403013729923, 3.230287250372374, -2.3762340936076587, 11.162164911641653, 0.022713960693218738, 5.087215744086009]",,,,,,0.0,,0.0,1,0.0,11.12473133858669,0.0026628999912645668,,,,0.8,0.8,traces/adaptive_0034.npz
34,fixed_high,medium,static,initial_out_of_view,False,"[-7.589403013729923, 3.230287250372374, -2.3762340936076587, 11.162164911641653, 0.022713960693218738, 5.087215744086009]",,,,,,0.0,,0.0,1,0.0,11.12473133858669,0.002797099994495511,,,,2.4,2.4,traces/fixed_high_0034.npz
35,fixed,large,static,initial_out_of_view,False,"[11.614339096497535, 5.303413609100524, -6.635470269611783, 5.729883585093091, -3.891370755593904, 23.489528740908533]",,,,,,0.0,,0.0,1,0.0,11.494198761948127,0.0026271999813616276,,,,1.2,1.2,traces/fixed_0035.npz
35,adaptive,large,static,initial_out_of_view,False,"[11.614339096497535, 5.303413609100524, -6.635470269611783, 5.729883585093091, -3.891370755593904, 23.489528740908533]",,,,,,0.0,,0.0,1,0.0,11.494198761948127,0.0024250999849755317,,,,0.8,0.8,traces/adaptive_0035.npz
35,fixed_high,large,static,initial_out_of_view,False,"[11.614339096497535, 5.303413609100524, -6.635470269611783, 5.729883585093091, -3.891370755593904, 23.489528740908533]",,,,,,0.0,,0.0,1,0.0,11.494198761948127,0.002063099993392825,,,,2.4,2.4,traces/fixed_high_0035.npz
36,fixed,small,static,converged,True,"[-2.7211039958124497, 2.192682755023238, -0.5259234730586861, 2.531584804631489, 0.5637635131960503, 2.5411864992877353]",91.41859436035156,0.9558575749397278,0.9558575749397278,91.41859436035156,0.0,4.365999999999741,3.865999999999796,5.365999999999631,162,0.067239430374185,10.725742233173104,1.033709600014845,,0.0,0.0025072124335593408,1.2,1.2,traces/fixed_0036.npz
36,adaptive,small,static,converged,True,"[-2.7211039958124497, 2.192682755023238, -0.5259234730586861, 2.531584804631489, 0.5637635131960503, 2.5411864992877353]",91.41859436035156,0.9721388816833496,0.9721388816833496,91.41859436035156,0.0,3.265999999999862,2.765999999999917,4.265999999999752,129,0.13024551773732773,10.726348252143712,0.8347696000128053,,0.0,0.0026232363343187135,0.9830789117036774,2.399982570057737,traces/adaptive_0036.npz
36,fixed_high,small,static,converged,True,"[-2.7211039958124497, 2.192682755023238, -0.5259234730586861, 2.531584804631489, 0.5637635131960503, 2.5411864992877353]",91.41859436035156,0.8954290747642517,0.8954290747642517,91.41859436035156,0.0,2.3999999999999573,1.9000000000000015,3.399999999999847,103,0.13024551773732776,10.72634543680309,0.656767000007676,,0.0,0.0052753984194598876,2.4,2.4,traces/fixed_high_0036.npz
37,fixed,medium,static,initial_out_of_view,False,"[5.32589012253877, -6.924433533077327, -8.54887942349275, -0.25551645673568935, -6.087304509968046, 2.856562325333176]",,,,,,0.0,,0.0,1,0.0,11.729324079728062,0.003434899990679696,,,,1.2,1.2,traces/fixed_0037.npz
37,adaptive,medium,static,initial_out_of_view,False,"[5.32589012253877, -6.924433533077327, -8.54887942349275, -0.25551645673568935, -6.087304509968046, 2.856562325333176]",,,,,,0.0,,0.0,1,0.0,11.729324079728062,0.0015974999987520278,,,,0.8,0.8,traces/adaptive_0037.npz
37,fixed_high,medium,static,initial_out_of_view,False,"[5.32589012253877, -6.924433533077327, -8.54887942349275, -0.25551645673568935, -6.087304509968046, 2.856562325333176]",,,,,,0.0,,0.0,1,0.0,11.729324079728062,0.0020027999999001622,,,,2.4,2.4,traces/fixed_high_0037.npz
38,fixed,medium,static,converged,True,"[5.119199307589648, -2.369887165941762, 2.842619471042262, 6.963435768185448, -2.5598550672337606, -2.118188978282637]",60.441925048828125,0.9768058657646179,0.9768058657646179,60.441925048828125,0.0,3.799999999999803,3.299999999999858,4.799999999999693,145,0.13624104161768055,10.636582660206368,0.9511648999759927,,0.0,0.005945585395916092,1.2,1.2,traces/fixed_0038.npz
38,adaptive,medium,static,converged,True,"[5.119199307589648, -2.369887165941762, 2.842619471042262, 6.963435768185448, -2.5598550672337606, -2.118188978282637]",60.441925048828125,0.9781386852264404,0.9781386852264404,60.441925048828125,0.0,2.899999999999902,2.3999999999999573,3.899999999999792,118,0.2640382508132982,10.636215598361163,0.7541722000169102,,0.0,0.006478296329919985,0.983095803868995,2.3991626236433223,traces/adaptive_0038.npz
38,fixed_high,medium,static,converged,True,"[5.119199307589648, -2.369887165941762, 2.842619471042262, 6.963435768185448, -2.5598550672337606, -2.118188978282637]",60.441925048828125,0.976211428642273,0.976211428642273,60.441925048828125,0.0,2.065999999999994,1.5660000000000012,3.065999999999884,93,0.2640382508132983,10.635605534364174,0.5963134999910835,,0.0,0.014017789140435262,2.4,2.4,traces/fixed_high_0038.npz
39,fixed,large,static,initial_out_of_view,False,"[-16.332265907720682, -3.7721993455657614, -13.746738641641471, 7.911011487638504, -8.992105017687589, 4.553164105939658]",,,,,,0.0,,0.0,1,0.0,12.57227493984543,0.0025000000023283064,,,,1.2,1.2,traces/fixed_0039.npz
39,adaptive,large,static,initial_out_of_view,False,"[-16.332265907720682, -3.7721993455657614, -13.746738641641471, 7.911011487638504, -8.992105017687589, 4.553164105939658]",,,,,,0.0,,0.0,1,0.0,12.57227493984543,0.002018700004555285,,,,0.8,0.8,traces/adaptive_0039.npz
39,fixed_high,large,static,initial_out_of_view,False,"[-16.332265907720682, -3.7721993455657614, -13.746738641641471, 7.911011487638504, -8.992105017687589, 4.553164105939658]",,,,,,0.0,,0.0,1,0.0,12.57227493984543,0.0016553000023122877,,,,2.4,2.4,traces/fixed_high_0039.npz
40,fixed,small,static,converged,True,"[1.2610193862450503, -1.7589965348067091, 0.9070858223646159, -0.35055046778421506, -1.9172495725864744, 3.3390144361816176]",54.28238296508789,0.9694918394088745,0.9694918394088745,54.28238296508789,0.0,3.899999999999792,3.399999999999847,4.899999999999682,148,0.07904953763741579,10.64300816021944,0.9613402000104543,,0.0,0.002297734722478145,1.2,1.2,traces/fixed_0040.npz
40,adaptive,small,static,converged,True,"[1.2610193862450503, -1.7589965348067091, 0.9070858223646159, -0.35055046778421506, -1.9172495725864744, 3.3390144361816176]",54.28238296508789,0.9679702520370483,0.9679702520370483,54.28238296508789,0.0,3.0319999999998877,2.5319999999999427,4.031999999999778,122,0.15797994540957663,10.642930272836585,0.8065503999823704,,0.0,0.0024564872351879458,0.9823403910213501,2.398191566420518,traces/adaptive_0040.npz
40,fixed_high,small,static,converged,True,"[1.2610193862450503, -1.7589965348067091, 0.9070858223646159, -0.35055046778421506, -1.9172495725864744, 3.3390144361816176]",54.28238296508789,0.9063740968704224,0.9063740968704224,54.28238296508789,0.0,2.165999999999983,1.6660000000000013,3.165999999999873,96,0.15809907527483158,10.643095864830853,0.6078834000218194,,0.0,0.004343535450103597,2.4,2.4,traces/fixed_high_0040.npz
41,fixed,medium,static,initial_out_of_view,False,"[-1.3186511692131138, 2.0394927731649872, -0.19065239155553648, -2.460785523037476, 6.041676436013891, -11.729945416901629]",,,,,,0.0,,0.0,1,0.0,10.784027214694259,0.004979399993317202,,,,1.2,1.2,traces/fixed_0041.npz
41,adaptive,medium,static,initial_out_of_view,False,"[-1.3186511692131138, 2.0394927731649872, -0.19065239155553648, -2.460785523037476, 6.041676436013891, -11.729945416901629]",,,,,,0.0,,0.0,1,0.0,10.784027214694259,0.0023247000062838197,,,,0.8,0.8,traces/adaptive_0041.npz
41,fixed_high,medium,static,initial_out_of_view,False,"[-1.3186511692131138, 2.0394927731649872, -0.19065239155553648, -2.460785523037476, 6.041676436013891, -11.729945416901629]",,,,,,0.0,,0.0,1,0.0,10.784027214694259,0.002315299992915243,,,,2.4,2.4,traces/fixed_high_0041.npz
42,fixed,small,static,converged,True,"[2.130011261700952, -2.3062311695769693, -3.0811579503810247, 2.302465009221721, 2.992562862930636, 2.225003867639594]",76.18953704833984,0.984610915184021,0.984610915184021,76.18953704833984,0.0,4.031999999999778,3.5319999999998326,5.031999999999668,152,0.07681456355516406,11.043186791182242,0.994376699993154,,0.0,0.0037162798962827328,1.2,1.2,traces/fixed_0042.npz
42,adaptive,small,static,converged,True,"[2.130011261700952, -2.3062311695769693, -3.0811579503810247, 2.302465009221721, 2.992562862930636, 2.225003867639594]",76.18953704833984,0.9803123474121094,0.9803123474121094,76.18953704833984,0.0,3.0319999999998877,2.5319999999999427,4.031999999999778,122,0.14929553596517356,11.043186791182242,0.7633085999987088,,0.0,0.004011200030847737,0.9835179184380248,2.3998830412138537,traces/adaptive_0042.npz
42,fixed_high,small,static,converged,True,"[2.130011261700952, -2.3062311695769693, -3.0811579503810247, 2.302465009221721, 2.992562862930636, 2.225003867639594]",76.18953704833984,0.9389841556549072,0.9389841556549072,76.18953704833984,0.0,2.1999999999999793,1.7000000000000013,3.199999999999869,97,0.14929553596517361,11.043186791182242,0.6139612999977544,,0.0,0.007402655168797732,2.4,2.4,traces/fixed_high_0042.npz
43,fixed,large,static,initial_out_of_view,False,"[-2.497824233186531, -4.437480809229825, 9.476168190419187, 23.00484995126851, -12.68540574189015, 18.774969758857715]",,,,,,0.0,,0.0,1,0.0,9.846088431058252,0.0036345999978948385,,,,1.2,1.2,traces/fixed_0043.npz
43,adaptive,large,static,initial_out_of_view,False,"[-2.497824233186531, -4.437480809229825, 9.476168190419187, 23.00484995126851, -12.68540574189015, 18.774969758857715]",,,,,,0.0,,0.0,1,0.0,9.846088431058252,0.00201489997562021,,,,0.8,0.8,traces/adaptive_0043.npz
43,fixed_high,large,static,initial_out_of_view,False,"[-2.497824233186531, -4.437480809229825, 9.476168190419187, 23.00484995126851, -12.68540574189015, 18.774969758857715]",,,,,,0.0,,0.0,1,0.0,9.846088431058252,0.0031823000172153115,,,,2.4,2.4,traces/fixed_high_0043.npz
44,fixed,large,static,initial_out_of_view,False,"[-2.4920447546208635, 0.7315619735561114, 7.005145243987656, -12.93784074097941, -17.62175382131101, -13.033169241998]",,,,,,0.0,,0.0,1,0.0,9.88440969153486,0.003155100013827905,,,,1.2,1.2,traces/fixed_0044.npz
44,adaptive,large,static,initial_out_of_view,False,"[-2.4920447546208635, 0.7315619735561114, 7.005145243987656, -12.93784074097941, -17.62175382131101, -13.033169241998]",,,,,,0.0,,0.0,1,0.0,9.88440969153486,0.002132800000254065,,,,0.8,0.8,traces/adaptive_0044.npz
44,fixed_high,large,static,initial_out_of_view,False,"[-2.4920447546208635, 0.7315619735561114, 7.005145243987656, -12.93784074097941, -17.62175382131101, -13.033169241998]",,,,,,0.0,,0.0,1,0.0,9.88440969153486,0.003415199986193329,,,,2.4,2.4,traces/fixed_high_0044.npz
45,fixed,medium,static,initial_tracking_loss,False,"[-7.748547815750948, 3.1193374356998564, -6.10223433507354, -5.822098296412493, -3.477876843118562, 10.49618756936799]",,,,,,0.0,,0.0,1,0.0,11.425626686304488,0.0022598000068683177,,,,1.2,1.2,traces/fixed_0045.npz
45,adaptive,medium,static,initial_tracking_loss,False,"[-7.748547815750948, 3.1193374356998564, -6.10223433507354, -5.822098296412493, -3.477876843118562, 10.49618756936799]",,,,,,0.0,,0.0,1,0.0,11.425626686304488,0.003261300007579848,,,,0.8,0.8,traces/adaptive_0045.npz
45,fixed_high,medium,static,initial_tracking_loss,False,"[-7.748547815750948, 3.1193374356998564, -6.10223433507354, -5.822098296412493, -3.477876843118562, 10.49618756936799]",,,,,,0.0,,0.0,1,0.0,11.425626686304488,0.0024984999909065664,,,,2.4,2.4,traces/fixed_high_0045.npz
46,fixed,medium,static,initial_out_of_view,False,"[5.788346490366189, 1.405746879548838, 1.5554961483114305, -9.41175929759094, 0.7609885894957991, -6.165327337176779]",,,,,,0.0,,0.0,1,0.0,10.677549136665464,0.002469400002155453,,,,1.2,1.2,traces/fixed_0046.npz
46,adaptive,medium,static,initial_out_of_view,False,"[5.788346490366189, 1.405746879548838, 1.5554961483114305, -9.41175929759094, 0.7609885894957991, -6.165327337176779]",,,,,,0.0,,0.0,1,0.0,10.677549136665464,0.003175199992256239,,,,0.8,0.8,traces/adaptive_0046.npz
46,fixed_high,medium,static,initial_out_of_view,False,"[5.788346490366189, 1.405746879548838, 1.5554961483114305, -9.41175929759094, 0.7609885894957991, -6.165327337176779]",,,,,,0.0,,0.0,1,0.0,10.677549136665464,0.0032088000152725726,,,,2.4,2.4,traces/fixed_high_0046.npz
47,fixed,small,static,converged,True,"[0.9752101127040511, 2.028278073559637, 3.7226541593506974, 3.7789470985155837, -2.243388645644047, 1.2495667164143747]",79.52108764648438,0.9463644027709961,0.9463644027709961,79.52108764648438,0.0,4.065999999999774,3.565999999999829,5.065999999999664,153,0.10316786540394306,10.63960585815848,1.010018000000855,,0.0,0.002679739182578792,1.2,1.2,traces/fixed_0047.npz
47,adaptive,small,static,converged,True,"[0.9752101127040511, 2.028278073559637, 3.7226541593506974, 3.7789470985155837, -2.243388645644047, 1.2495667164143747]",79.52108764648438,0.9585463404655457,0.9585463404655457,79.52108764648438,0.0,3.0319999999998877,2.5319999999999427,4.031999999999778,122,0.18130804933669098,10.63968319234503,0.7979743000178132,,0.0,0.002778430619121766,0.980669427351676,2.3999228787741735,traces/adaptive_0047.npz
47,fixed_high,small,static,converged,True,"[0.9752101127040511, 2.028278073559637, 3.7226541593506974, 3.7789470985155837, -2.243388645644047, 1.2495667164143747]",79.52108764648438,0.9331106543540955,0.9331106543540955,79.52108764648438,0.0,2.231999999999976,1.7320000000000013,3.2319999999998656,98,0.1813080493366908,10.63980501707432,0.6485493000072893,,0.0,0.005679066763485032,2.4,2.4,traces/fixed_high_0047.npz
48,fixed,large,static,initial_out_of_view,False,"[-4.089856729572475, 10.679969570619562, -1.1775885760009324, 12.523182223728675, 13.963747570265738, -18.789297142378178]",,,,,,0.0,,0.0,1,0.0,13.22633680827754,0.00465220000478439,,,,1.2,1.2,traces/fixed_0048.npz
48,adaptive,large,static,initial_out_of_view,False,"[-4.089856729572475, 10.679969570619562, -1.1775885760009324, 12.523182223728675, 13.963747570265738, -18.789297142378178]",,,,,,0.0,,0.0,1,0.0,13.22633680827754,0.0037056999863125384,,,,0.8,0.8,traces/adaptive_0048.npz
48,fixed_high,large,static,initial_out_of_view,False,"[-4.089856729572475, 10.679969570619562, -1.1775885760009324, 12.523182223728675, 13.963747570265738, -18.789297142378178]",,,,,,0.0,,0.0,1,0.0,13.22633680827754,0.004190600011497736,,,,2.4,2.4,traces/fixed_high_0048.npz
49,fixed,medium,static,converged,True,"[2.349729947346372, -5.303197202978142, 0.38282608378447947, -4.410809203494318, 2.1288795221853416, -2.330884452365197]",118.15718841552734,0.95599365234375,0.95599365234375,118.15718841552734,0.0,4.499999999999726,3.999999999999781,5.499999999999616,166,0.1482495467472393,10.726362204989263,1.0590891999891028,,0.0,0.0030490707925523255,1.2,1.2,traces/fixed_0049.npz
49,adaptive,medium,static,converged,True,"[2.349729947346372, -5.303197202978142, 0.38282608378447947, -4.410809203494318, 2.1288795221853416, -2.330884452365197]",118.15718841552734,0.9693084955215454,0.9693084955215454,118.15718841552734,0.0,3.3319999999998546,2.8319999999999097,4.331999999999745,131,0.2022949479397757,10.73138276105452,0.85528400001931,,0.0,0.003461946030301112,0.9825775227882988,2.399999383769483,traces/adaptive_0049.npz
49,fixed_high,medium,static,converged,True,"[2.349729947346372, -5.303197202978142, 0.38282608378447947, -4.410809203494318, 2.1288795221853416, -2.330884452365197]",118.15718841552734,0.9448989629745483,0.9448989629745483,118.15718841552734,0.0,2.46599999999995,1.9660000000000015,3.46599999999984,105,0.20229494793977573,10.731382896291144,0.6726857000030577,,0.0,0.006311807705537217,2.4,2.4,traces/fixed_high_0049.npz
50,fixed,medium,static,initial_out_of_view,False,"[6.113421864754558, 7.7821369629716255, -7.287970333111762, -4.240390609854786, 5.792001926134077, 9.340911497585711]",,,,,,0.0,,0.0,1,0.0,11.664551354362752,0.0025504000077489763,,,,1.2,1.2,traces/fixed_0050.npz
50,adaptive,medium,static,initial_out_of_view,False,"[6.113421864754558, 7.7821369629716255, -7.287970333111762, -4.240390609854786, 5.792001926134077, 9.340911497585711]",,,,,,0.0,,0.0,1,0.0,11.664551354362752,0.0027179000026080757,,,,0.8,0.8,traces/adaptive_0050.npz
50,fixed_high,medium,static,initial_out_of_view,False,"[6.113421864754558, 7.7821369629716255, -7.287970333111762, -4.240390609854786, 5.792001926134077, 9.340911497585711]",,,,,,0.0,,0.0,1,0.0,11.664551354362752,0.0030092000088188797,,,,2.4,2.4,traces/fixed_high_0050.npz
51,fixed,large,static,initial_out_of_view,False,"[4.358879359520099, 5.098395455509781, 17.650316835607896, -8.036707161548268, -13.057136892028232, -2.3910093947037296]",,,,,,0.0,,0.0,1,0.0,9.042959182997791,0.004470200015930459,,,,1.2,1.2,traces/fixed_0051.npz
51,adaptive,large,static,initial_out_of_view,False,"[4.358879359520099, 5.098395455509781, 17.650316835607896, -8.036707161548268, -13.057136892028232, -2.3910093947037296]",,,,,,0.0,,0.0,1,0.0,9.042959182997791,0.005416100000729784,,,,0.8,0.8,traces/adaptive_0051.npz
51,fixed_high,large,static,initial_out_of_view,False,"[4.358879359520099, 5.098395455509781, 17.650316835607896, -8.036707161548268, -13.057136892028232, -2.3910093947037296]",,,,,,0.0,,0.0,1,0.0,9.042959182997791,0.0031752999930176884,,,,2.4,2.4,traces/fixed_high_0051.npz
52,fixed,small,static,converged,True,"[0.9686059641689946, -2.747271930172432, 0.8326680954586658, 2.4842764038437677, -1.7606343425489273, 2.073705328551158]",66.02796936035156,0.9620002508163452,0.9620002508163452,66.02796936035156,0.0,4.031999999999778,3.5319999999998326,5.031999999999668,152,0.07093590705721739,10.643507080115487,1.0311040000233334,,0.0,0.0022825314101479264,1.2,1.2,traces/fixed_0052.npz
52,adaptive,small,static,converged,True,"[0.9686059641689946, -2.747271930172432, 0.8326680954586658, 2.4842764038437677, -1.7606343425489273, 2.073705328551158]",66.02796936035156,0.965879499912262,0.965879499912262,66.02796936035156,0.0,3.065999999999884,2.565999999999939,4.065999999999774,123,0.14184719019704012,10.643530888033458,0.8143325999844819,,0.0,0.002822256066413973,0.9819698485991067,2.3995834450830387,traces/adaptive_0052.npz
52,fixed_high,small,static,converged,True,"[0.9686059641689946, -2.747271930172432, 0.8326680954586658, 2.4842764038437677, -1.7606343425489273, 2.073705328551158]",66.02796936035156,0.888075053691864,0.888075053691864,66.02796936035156,0.0,2.231999999999976,1.7320000000000013,3.2319999999998656,98,0.14187181411443478,10.643686888049599,0.6120599999849219,,0.0,0.004651745938634375,2.4,2.4,traces/fixed_high_0052.npz
53,fixed,medium,static,converged,True,"[-0.8383364304877823, 0.8519806049833303, 2.0043523092262703, 0.802487296665424, -1.2295961587543172, -2.177437366856953]",44.28864669799805,0.9736904501914978,0.9736904501914978,44.28864669799805,0.0,3.6319999999998216,3.1319999999998767,4.631999999999712,140,0.04875682978871108,10.638840101910136,0.9054556999763008,,0.0,0.0034704633462991296,1.2,1.2,traces/fixed_0053.npz
53,adaptive,medium,static,converged,True,"[-0.8383364304877823, 0.8519806049833303, 2.0043523092262703, 0.802487296665424, -1.2295961587543172, -2.177437366856953]",44.28864669799805,0.9643611907958984,0.9643611907958984,44.28864669799805,0.0,2.865999999999906,2.365999999999961,3.865999999999796,117,0.09725739718645249,10.638923981645595,0.7783605000004172,,0.0,0.003584083813697636,0.9817006984734427,2.3936928862992897,traces/adaptive_0053.npz
53,fixed_high,medium,static,converged,True,"[-0.8383364304877823, 0.8519806049833303, 2.0043523092262703, 0.802487296665424, -1.2295961587543172, -2.177437366856953]",44.28864669799805,0.908477783203125,0.908477783203125,44.28864669799805,0.0,2.031999999999998,1.5320000000000011,3.0319999999998877,92,0.09751365957742215,10.639161537483691,0.6100500999891665,,0.0,0.007166550067302023,2.4,2.4,traces/fixed_high_0053.npz
54,fixed,large,static,initial_out_of_view,False,"[-15.768465919211074, -17.818141752349305, 0.2495025778542761, -11.133209373021987, -11.093695216607724, -1.420172301376244]",,,,,,0.0,,0.0,1,0.0,10.626384910457505,0.0032727000070735812,,,,1.2,1.2,traces/fixed_0054.npz
54,adaptive,large,static,initial_out_of_view,False,"[-15.768465919211074, -17.818141752349305, 0.2495025778542761, -11.133209373021987, -11.093695216607724, -1.420172301376244]",,,,,,0.0,,0.0,1,0.0,10.626384910457505,0.0029924999980721623,,,,0.8,0.8,traces/adaptive_0054.npz
54,fixed_high,large,static,initial_out_of_view,False,"[-15.768465919211074, -17.818141752349305, 0.2495025778542761, -11.133209373021987, -11.093695216607724, -1.420172301376244]",,,,,,0.0,,0.0,1,0.0,10.626384910457505,0.0021232999861240387,,,,2.4,2.4,traces/fixed_high_0054.npz
55,fixed,large,static,converged,True,"[6.193794835378515, -5.95850896518907, -0.40729215354689075, 16.15301001281005, 13.303336348134835, 4.303285298270637]",77.91914367675781,0.960677981376648,0.960677981376648,77.91914367675781,0.0,4.531999999999723,4.031999999999778,5.531999999999613,167,0.35000000000000003,14.024772231438954,1.0772406000178307,,0.0,0.006405552198889485,1.2,1.2,traces/fixed_0055.npz
55,adaptive,large,static,converged,True,"[6.193794835378515, -5.95850896518907, -0.40729215354689075, 16.15301001281005, 13.303336348134835, 4.303285298270637]",77.91914367675781,0.9989178776741028,0.9989178776741028,77.91914367675781,0.0,3.6319999999998216,3.1319999999998767,4.631999999999712,140,0.35000000000000003,14.024772231438954,0.8513749999983702,,0.0,0.006826771748175792,0.9796127828814694,2.399905781066221,traces/adaptive_0055.npz
55,fixed_high,large,static,converged,True,"[6.193794835378515, -5.95850896518907, -0.40729215354689075, 16.15301001281005, 13.303336348134835, 4.303285298270637]",77.91914367675781,0.9091727137565613,0.9091727137565613,77.91914367675781,0.0,2.865999999999906,2.365999999999961,3.865999999999796,117,0.35,14.024772231438954,0.7344595000031404,,0.0,0.01226673377360039,2.4,2.4,traces/fixed_high_0055.npz
56,fixed,medium,static,initial_out_of_view,False,"[-7.889150945796757, -6.738377624083375, 3.1810147756551004, -10.102051235963438, -5.902129188599822, -9.614653862689156]",,,,,,0.0,,0.0,1,0.0,10.367052764785813,0.002944799984106794,,,,1.2,1.2,traces/fixed_0056.npz
56,adaptive,medium,static,initial_out_of_view,False,"[-7.889150945796757, -6.738377624083375, 3.1810147756551004, -10.102051235963438, -5.902129188599822, -9.614653862689156]",,,,,,0.0,,0.0,1,0.0,10.367052764785813,0.0026110000035259873,,,,0.8,0.8,traces/adaptive_0056.npz
56,fixed_high,medium,static,initial_out_of_view,False,"[-7.889150945796757, -6.738377624083375, 3.1810147756551004, -10.102051235963438, -5.902129188599822, -9.614653862689156]",,,,,,0.0,,0.0,1,0.0,10.367052764785813,0.0020087000157218426,,,,2.4,2.4,traces/fixed_high_0056.npz
57,fixed,medium,static,initial_out_of_view,False,"[2.396590350400267, 6.957121273800938, 6.716201047030921, 5.6078746542041635, -6.56520802351517, 1.6304439887334965]",,,,,,0.0,,0.0,1,0.0,9.94664845207133,0.00276319999829866,,,,1.2,1.2,traces/fixed_0057.npz
57,adaptive,medium,static,initial_out_of_view,False,"[2.396590350400267, 6.957121273800938, 6.716201047030921, 5.6078746542041635, -6.56520802351517, 1.6304439887334965]",,,,,,0.0,,0.0,1,0.0,9.94664845207133,0.003144999995129183,,,,0.8,0.8,traces/adaptive_0057.npz
57,fixed_high,medium,static,initial_out_of_view,False,"[2.396590350400267, 6.957121273800938, 6.716201047030921, 5.6078746542041635, -6.56520802351517, 1.6304439887334965]",,,,,,0.0,,0.0,1,0.0,9.94664845207133,0.0033448000031057745,,,,2.4,2.4,traces/fixed_high_0057.npz
58,fixed,medium,static,initial_tracking_loss,False,"[5.126530465746635, 6.1283046810674495, -7.945823988354244, -4.668558197359106, -3.9978966695187967, -5.6411665200574985]",,,,,,0.0,,0.0,1,0.0,11.668853096473718,0.002063099993392825,,,,1.2,1.2,traces/fixed_0058.npz
58,adaptive,medium,static,initial_tracking_loss,False,"[5.126530465746635, 6.1283046810674495, -7.945823988354244, -4.668558197359106, -3.9978966695187967, -5.6411665200574985]",,,,,,0.0,,0.0,1,0.0,11.668853096473718,0.0020745999936480075,,,,0.8,0.8,traces/adaptive_0058.npz
58,fixed_high,medium,static,initial_tracking_loss,False,"[5.126530465746635, 6.1283046810674495, -7.945823988354244, -4.668558197359106, -3.9978966695187967, -5.6411665200574985]",,,,,,0.0,,0.0,1,0.0,11.668853096473718,0.003697899985127151,,,,2.4,2.4,traces/fixed_high_0058.npz
59,fixed,large,static,initial_out_of_view,False,"[-5.779645652746533, -4.7454108730635465, -7.786577807039119, 12.293064956129633, -16.257730449323567, 11.72195383107502]",,,,,,0.0,,0.0,1,0.0,11.603697170764878,0.0018894000095315278,,,,1.2,1.2,traces/fixed_0059.npz
59,adaptive,large,static,initial_out_of_view,False,"[-5.779645652746533, -4.7454108730635465, -7.786577807039119, 12.293064956129633, -16.257730449323567, 11.72195383107502]",,,,,,0.0,,0.0,1,0.0,11.603697170764878,0.0016642000118736178,,,,0.8,0.8,traces/adaptive_0059.npz
59,fixed_high,large,static,initial_out_of_view,False,"[-5.779645652746533, -4.7454108730635465, -7.786577807039119, 12.293064956129633, -16.257730449323567, 11.72195383107502]",,,,,,0.0,,0.0,1,0.0,11.603697170764878,0.0015657999902032316,,,,2.4,2.4,traces/fixed_high_0059.npz
60,fixed,medium,static,converged,True,"[4.373124341417364, -4.278507045183218, 5.65546424267491, 5.734622967342247, 0.3519674377386881, 11.816326837451253]",68.03475952148438,0.9719333648681641,0.9719333648681641,68.03475952148438,0.0,4.065999999999774,3.565999999999829,5.065999999999664,153,0.20559802977745406,10.626067688547412,0.9734167999995407,,0.0,0.007075522934057915,1.2,1.2,traces/fixed_0060.npz
60,adaptive,medium,static,converged,True,"[4.373124341417364, -4.278507045183218, 5.65546424267491, 5.734622967342247, 0.3519674377386881, 11.816326837451253]",68.03475952148438,0.9809232950210571,0.9809232950210571,68.03475952148438,0.0,3.165999999999873,2.665999999999928,4.165999999999763,126,0.2870543847153977,10.62537067725969,0.8245232999906875,,0.0,0.007333537602068511,0.9845979288526449,2.399675861895333,traces/adaptive_0060.npz
60,fixed_high,medium,static,converged,True,"[4.373124341417364, -4.278507045183218, 5.65546424267491, 5.734622967342247, 0.3519674377386881, 11.816326837451253]",68.03475952148438,0.9141210913658142,0.9141210913658142,68.03475952148438,0.0,2.365999999999961,1.8660000000000014,3.365999999999851,102,0.2885498538548239,10.626666367319896,0.6429790999973193,,0.0,0.013287980056109306,2.4,2.4,traces/fixed_high_0060.npz
61,fixed,medium,static,initial_out_of_view,False,"[-7.355107670335217, -7.6860753900330145, -0.30809608841081015, -0.6553385447599354, -1.5385484557714193, -2.6341821564259718]",,,,,,0.0,,0.0,1,0.0,10.674816771311677,0.0031658000079914927,,,,1.2,1.2,traces/fixed_0061.npz
61,adaptive,medium,static,initial_out_of_view,False,"[-7.355107670335217, -7.6860753900330145, -0.30809608841081015, -0.6553385447599354, -1.5385484557714193, -2.6341821564259718]",,,,,,0.0,,0.0,1,0.0,10.674816771311677,0.0022202000254765153,,,,0.8,0.8,traces/adaptive_0061.npz
61,fixed_high,medium,static,initial_out_of_view,False,"[-7.355107670335217, -7.6860753900330145, -0.30809608841081015, -0.6553385447599354, -1.5385484557714193, -2.6341821564259718]",,,,,,0.0,,0.0,1,0.0,10.674816771311677,0.002067900000838563,,,,2.4,2.4,traces/fixed_high_0061.npz
62,fixed,large,static,converged,True,"[-3.1271322203495586, -16.789012837754207, 16.00013323262828, 12.702252136540011, 9.264006372520566, -5.6834120531527255]",141.85140991210938,0.9819365739822388,0.9819365739822388,141.85140991210938,0.0,4.83199999999969,4.331999999999745,5.83199999999958,176,0.35,12.866903162684311,1.141027200006647,,0.0,0.00486974202769868,1.2,1.2,traces/fixed_0062.npz
62,adaptive,large,static,converged,True,"[-3.1271322203495586, -16.789012837754207, 16.00013323262828, 12.702252136540011, 9.264006372520566, -5.6834120531527255]",141.85140991210938,0.9731021523475647,0.9731021523475647,141.85140991210938,0.0,3.765999999999807,3.265999999999862,4.765999999999697,144,0.35000000000000003,12.866903162684311,0.9282067000167444,,0.0,0.004706639743969309,0.9820733831338297,2.399999968124294,traces/adaptive_0062.npz
62,fixed_high,large,static,converged,True,"[-3.1271322203495586, -16.789012837754207, 16.00013323262828, 12.702252136540011, 9.264006372520566, -5.6834120531527255]",141.85140991210938,0.9331719279289246,0.9331719279289246,141.85140991210938,0.0,2.865999999999906,2.365999999999961,3.865999999999796,117,0.35000000000000003,12.866903162684311,0.7338078000175301,,0.0,0.009187735660185546,2.4,2.4,traces/fixed_high_0062.npz
63,fixed,medium,static,initial_out_of_view,False,"[5.669865556744904, 1.7677007001534726, 6.539459019303571, 9.729228332144562, 2.655330523062535, 11.637047099219146]",,,,,,0.0,,0.0,1,0.0,10.437293492039878,0.003073900006711483,,,,1.2,1.2,traces/fixed_0063.npz
63,adaptive,medium,static,initial_out_of_view,False,"[5.669865556744904, 1.7677007001534726, 6.539459019303571, 9.729228332144562, 2.655330523062535, 11.637047099219146]",,,,,,0.0,,0.0,1,0.0,10.437293492039878,0.003887600003508851,,,,0.8,0.8,traces/adaptive_0063.npz
63,fixed_high,medium,static,initial_out_of_view,False,"[5.669865556744904, 1.7677007001534726, 6.539459019303571, 9.729228332144562, 2.655330523062535, 11.637047099219146]",,,,,,0.0,,0.0,1,0.0,10.437293492039878,0.003973600018071011,,,,2.4,2.4,traces/fixed_high_0063.npz
64,fixed,medium,static,initial_out_of_view,False,"[6.006877077829541, 7.2863547816681695, 8.726025737763354, -4.704486784313036, 1.262505453268565, 3.8489746069171247]",,,,,,0.0,,0.0,1,0.0,9.8810172741766,0.003921900002751499,,,,1.2,1.2,traces/fixed_0064.npz
64,adaptive,medium,static,initial_out_of_view,False,"[6.006877077829541, 7.2863547816681695, 8.726025737763354, -4.704486784313036, 1.262505453268565, 3.8489746069171247]",,,,,,0.0,,0.0,1,0.0,9.8810172741766,0.003142200002912432,,,,0.8,0.8,traces/adaptive_0064.npz
64,fixed_high,medium,static,initial_out_of_view,False,"[6.006877077829541, 7.2863547816681695, 8.726025737763354, -4.704486784313036, 1.262505453268565, 3.8489746069171247]",,,,,,0.0,,0.0,1,0.0,9.8810172741766,0.003136199986329302,,,,2.4,2.4,traces/fixed_high_0064.npz
65,fixed,large,static,initial_out_of_view,False,"[13.611287690475358, -1.5123661250001348, -8.933321781197591, -2.7086471576690485, -7.445844346500957, -23.93973672183119]",,,,,,0.0,,0.0,1,0.0,11.784254375013983,0.0028711000049952418,,,,1.2,1.2,traces/fixed_0065.npz
65,adaptive,large,static,initial_out_of_view,False,"[13.611287690475358, -1.5123661250001348, -8.933321781197591, -2.7086471576690485, -7.445844346500957, -23.93973672183119]",,,,,,0.0,,0.0,1,0.0,11.784254375013983,0.002780199982225895,,,,0.8,0.8,traces/adaptive_0065.npz
65,fixed_high,large,static,initial_out_of_view,False,"[13.611287690475358, -1.5123661250001348, -8.933321781197591, -2.7086471576690485, -7.445844346500957, -23.93973672183119]",,,,,,0.0,,0.0,1,0.0,11.784254375013983,0.0020790000271517783,,,,2.4,2.4,traces/fixed_high_0065.npz
66,fixed,large,static,converged,True,"[-5.078328060479887, -15.34373299017259, 24.06448937716101, -5.810565450144253, -4.847380071010479, 27.661357629279102]",90.89916229248047,0.963940441608429,0.963940441608429,90.89916229248047,0.0,4.46599999999973,3.965999999999785,5.46599999999962,165,0.35000000000000003,10.606751237657432,1.0717526999942493,,0.0,0.01240582732710575,1.2,1.2,traces/fixed_0066.npz
66,adaptive,large,static,converged,True,"[-5.078328060479887, -15.34373299017259, 24.06448937716101, -5.810565450144253, -4.847380071010479, 27.661357629279102]",90.89916229248047,0.9764237403869629,0.9764237403869629,90.89916229248047,0.0,3.7319999999998106,3.2319999999998656,4.731999999999701,143,0.35000000000000003,10.605356216622047,0.9130095000145957,,0.0,0.012928738596695672,0.9836531054354368,2.39998140078979,traces/adaptive_0066.npz
66,fixed_high,large,static,converged,True,"[-5.078328060479887, -15.34373299017259, 24.06448937716101, -5.810565450144253, -4.847380071010479, 27.661357629279102]",90.89916229248047,0.9660122990608215,0.9660122990608215,90.89916229248047,0.0,2.899999999999902,2.3999999999999573,3.899999999999792,118,0.35000000000000003,10.605917631240299,0.7628097000124399,,0.0,0.025676444747589896,2.4,2.4,traces/fixed_high_0066.npz
67,fixed,large,static,initial_out_of_view,False,"[3.102245601168125, 12.559848856249655, -8.205623186439254, 21.66051184940857, 6.08402891783993, -20.746474938287857]",,,,,,0.0,,0.0,1,0.0,12.80134494765648,0.004873900004895404,,,,1.2,1.2,traces/fixed_0067.npz
67,adaptive,large,static,initial_out_of_view,False,"[3.102245601168125, 12.559848856249655, -8.205623186439254, 21.66051184940857, 6.08402891783993, -20.746474938287857]",,,,,,0.0,,0.0,1,0.0,12.80134494765648,0.005662099982146174,,,,0.8,0.8,traces/adaptive_0067.npz
67,fixed_high,large,static,initial_out_of_view,False,"[3.102245601168125, 12.559848856249655, -8.205623186439254, 21.66051184940857, 6.08402891783993, -20.746474938287857]",,,,,,0.0,,0.0,1,0.0,12.80134494765648,0.003859999997075647,,,,2.4,2.4,traces/fixed_high_0067.npz
68,fixed,large,static,initial_out_of_view,False,"[-3.2121259696310336, 6.126492381874744, -11.946674758338393, 10.968644776321234, 14.582597295290725, 14.379075790848283]",,,,,,0.0,,0.0,1,0.0,14.12313398363545,0.003198899998096749,,,,1.2,1.2,traces/fixed_0068.npz
68,adaptive,large,static,initial_out_of_view,False,"[-3.2121259696310336, 6.126492381874744, -11.946674758338393, 10.968644776321234, 14.582597295290725, 14.379075790848283]",,,,,,0.0,,0.0,1,0.0,14.12313398363545,0.0023883999965619296,,,,0.8,0.8,traces/adaptive_0068.npz
68,fixed_high,large,static,initial_out_of_view,False,"[-3.2121259696310336, 6.126492381874744, -11.946674758338393, 10.968644776321234, 14.582597295290725, 14.379075790848283]",,,,,,0.0,,0.0,1,0.0,14.12313398363545,0.0027025000017601997,,,,2.4,2.4,traces/fixed_high_0068.npz
69,fixed,large,static,initial_out_of_view,False,"[-11.990351517715915, -6.240315484663229, -16.119532152635013, 21.302592391725554, -11.000289373000971, 1.1009771063126408]",,,,,,0.0,,0.0,1,0.0,13.10968678462771,0.0022385999909602106,,,,1.2,1.2,traces/fixed_0069.npz
69,adaptive,large,static,initial_out_of_view,False,"[-11.990351517715915, -6.240315484663229, -16.119532152635013, 21.302592391725554, -11.000289373000971, 1.1009771063126408]",,,,,,0.0,,0.0,1,0.0,13.10968678462771,0.0015617000171914697,,,,0.8,0.8,traces/adaptive_0069.npz
69,fixed_high,large,static,initial_out_of_view,False,"[-11.990351517715915, -6.240315484663229, -16.119532152635013, 21.302592391725554, -11.000289373000971, 1.1009771063126408]",,,,,,0.0,,0.0,1,0.0,13.10968678462771,0.001795099989976734,,,,2.4,2.4,traces/fixed_high_0069.npz
70,fixed,large,static,initial_out_of_view,False,"[7.381328764916571, -11.687717711823298, 18.448420368642793, 10.234174857381568, 5.623376356651239, 12.222936746830783]",,,,,,0.0,,0.0,1,0.0,11.457205451040368,0.002501600014511496,,,,1.2,1.2,traces/fixed_0070.npz
70,adaptive,large,static,initial_out_of_view,False,"[7.381328764916571, -11.687717711823298, 18.448420368642793, 10.234174857381568, 5.623376356651239, 12.222936746830783]",,,,,,0.0,,0.0,1,0.0,11.457205451040368,0.0027700000209733844,,,,0.8,0.8,traces/adaptive_0070.npz
70,fixed_high,large,static,initial_out_of_view,False,"[7.381328764916571, -11.687717711823298, 18.448420368642793, 10.234174857381568, 5.623376356651239, 12.222936746830783]",,,,,,0.0,,0.0,1,0.0,11.457205451040368,0.00416179999592714,,,,2.4,2.4,traces/fixed_high_0070.npz
71,fixed,large,static,initial_out_of_view,False,"[3.294119560375073, 11.870868560232822, -2.9754424218445195, -15.242600380250748, 3.7148456832394636, 5.026399496811237]",,,,,,0.0,,0.0,1,0.0,11.540699131809504,0.002601999993203208,,,,1.2,1.2,traces/fixed_0071.npz
71,adaptive,large,static,initial_out_of_view,False,"[3.294119560375073, 11.870868560232822, -2.9754424218445195, -15.242600380250748, 3.7148456832394636, 5.026399496811237]",,,,,,0.0,,0.0,1,0.0,11.540699131809504,0.0025593000173103064,,,,0.8,0.8,traces/adaptive_0071.npz
71,fixed_high,large,static,initial_out_of_view,False,"[3.294119560375073, 11.870868560232822, -2.9754424218445195, -15.242600380250748, 3.7148456832394636, 5.026399496811237]",,,,,,0.0,,0.0,1,0.0,11.540699131809504,0.0025438999873586,,,,2.4,2.4,traces/fixed_high_0071.npz
72,fixed,small,static,converged,True,"[2.5561723879386333, 2.0175432841535574, -2.7787262721582424, 1.9889223215650471, -0.7480657447607038, 1.6032900979485891]",43.61561584472656,0.9655110239982605,0.9655110239982605,43.61561584472656,0.0,3.599999999999825,3.09999999999988,4.599999999999715,139,0.05559451422084573,10.978817845719295,0.9192418000020552,,0.0,0.004266224563696706,1.2,1.2,traces/fixed_0072.npz
72,adaptive,small,static,converged,True,"[2.5561723879386333, 2.0175432841535574, -2.7787262721582424, 1.9889223215650471, -0.7480657447607038, 1.6032900979485891]",43.61561584472656,0.9629853963851929,0.9629853963851929,43.61561584472656,0.0,2.8319999999999097,2.3319999999999648,3.8319999999997996,116,0.11087118154513646,10.978817845719295,0.7429057999979705,,0.0,0.004323409922353024,0.9814567673697208,2.3931393181285703,traces/adaptive_0072.npz
72,fixed_high,small,static,converged,True,"[2.5561723879386333, 2.0175432841535574, -2.7787262721582424, 1.9889223215650471, -0.7480657447607038, 1.6032900979485891]",43.61561584472656,0.8897098302841187,0.8897098302841187,43.61561584472656,0.0,2.031999999999998,1.5320000000000011,3.0319999999998877,92,0.11118902844169146,10.978817845719295,0.5962523999914993,,0.0,0.008552978999281903,2.4,2.4,traces/fixed_high_0072.npz
73,fixed,medium,static,initial_out_of_view,False,"[6.605644914327884, -3.875965688986847, -5.531093810374735, 7.166078903767573, 2.9484859760066175, -6.753835134008098]",,,,,,0.0,,0.0,1,0.0,11.479973831869913,0.003065600001718849,,,,1.2,1.2,traces/fixed_0073.npz
73,adaptive,medium,static,initial_out_of_view,False,"[6.605644914327884, -3.875965688986847, -5.531093810374735, 7.166078903767573, 2.9484859760066175, -6.753835134008098]",,,,,,0.0,,0.0,1,0.0,11.479973831869913,0.0021109000081196427,,,,0.8,0.8,traces/adaptive_0073.npz
73,fixed_high,medium,static,initial_out_of_view,False,"[6.605644914327884, -3.875965688986847, -5.531093810374735, 7.166078903767573, 2.9484859760066175, -6.753835134008098]",,,,,,0.0,,0.0,1,0.0,11.479973831869913,0.003636999987065792,,,,2.4,2.4,traces/fixed_high_0073.npz
74,fixed,medium,static,initial_out_of_view,False,"[5.966719011564594, -5.050293198580009, 8.985996188382387, -10.048875616617742, -7.685114454619725, 2.8573318291795182]",,,,,,0.0,,0.0,1,0.0,9.796931299595672,0.003984299983130768,,,,1.2,1.2,traces/fixed_0074.npz
74,adaptive,medium,static,initial_out_of_view,False,"[5.966719011564594, -5.050293198580009, 8.985996188382387, -10.048875616617742, -7.685114454619725, 2.8573318291795182]",,,,,,0.0,,0.0,1,0.0,9.796931299595672,0.002272400015499443,,,,0.8,0.8,traces/adaptive_0074.npz
74,fixed_high,medium,static,initial_out_of_view,False,"[5.966719011564594, -5.050293198580009, 8.985996188382387, -10.048875616617742, -7.685114454619725, 2.8573318291795182]",,,,,,0.0,,0.0,1,0.0,9.796931299595672,0.002208899997640401,,,,2.4,2.4,traces/fixed_high_0074.npz
75,fixed,large,static,initial_out_of_view,False,"[-10.840664568138784, 9.953733696754078, 11.882610274411661, -7.550669772588066, -9.023296302269875, 23.420487096081807]",,,,,,0.0,,0.0,1,0.0,9.496203003394951,0.003943600022466853,,,,1.2,1.2,traces/fixed_0075.npz
75,adaptive,large,static,initial_out_of_view,False,"[-10.840664568138784, 9.953733696754078, 11.882610274411661, -7.550669772588066, -9.023296302269875, 23.420487096081807]",,,,,,0.0,,0.0,1,0.0,9.496203003394951,0.0035410000127740204,,,,0.8,0.8,traces/adaptive_0075.npz
75,fixed_high,large,static,initial_out_of_view,False,"[-10.840664568138784, 9.953733696754078, 11.882610274411661, -7.550669772588066, -9.023296302269875, 23.420487096081807]",,,,,,0.0,,0.0,1,0.0,9.496203003394951,0.0026584999868646264,,,,2.4,2.4,traces/fixed_high_0075.npz
76,fixed,large,static,initial_out_of_view,False,"[11.725653874749991, -2.1939796936551677, -14.319494901227225, -18.317523845051596, 6.396064426841104, 21.835551137154532]",,,,,,0.0,,0.0,1,0.0,13.539780839579137,0.0027867999742738903,,,,1.2,1.2,traces/fixed_0076.npz
76,adaptive,large,static,initial_out_of_view,False,"[11.725653874749991, -2.1939796936551677, -14.319494901227225, -18.317523845051596, 6.396064426841104, 21.835551137154532]",,,,,,0.0,,0.0,1,0.0,13.539780839579137,0.001795999996829778,,,,0.8,0.8,traces/adaptive_0076.npz
76,fixed_high,large,static,initial_out_of_view,False,"[11.725653874749991, -2.1939796936551677, -14.319494901227225, -18.317523845051596, 6.396064426841104, 21.835551137154532]",,,,,,0.0,,0.0,1,0.0,13.539780839579137,0.0019480999908410013,,,,2.4,2.4,traces/fixed_high_0076.npz
77,fixed,medium,static,initial_out_of_view,False,"[7.043864067081179, 7.807936474863798, -8.11994071010723, -8.033211035937196, 0.8763007746814324, -3.6998568569159147]",,,,,,0.0,,0.0,1,0.0,11.793902722724624,0.0019740999850910157,,,,1.2,1.2,traces/fixed_0077.npz
77,adaptive,medium,static,initial_out_of_view,False,"[7.043864067081179, 7.807936474863798, -8.11994071010723, -8.033211035937196, 0.8763007746814324, -3.6998568569159147]",,,,,,0.0,,0.0,1,0.0,11.793902722724624,0.0021084999898448586,,,,0.8,0.8,traces/adaptive_0077.npz
77,fixed_high,medium,static,initial_out_of_view,False,"[7.043864067081179, 7.807936474863798, -8.11994071010723, -8.033211035937196, 0.8763007746814324, -3.6998568569159147]",,,,,,0.0,,0.0,1,0.0,11.793902722724624,0.003160699998261407,,,,2.4,2.4,traces/fixed_high_0077.npz
78,fixed,medium,static,initial_out_of_view,False,"[-3.914546188738802, 3.3312321934308926, 9.256929833493206, 10.26670408649705, 0.4328512696209206, 0.9514305141926744]",,,,,,0.0,,0.0,1,0.0,10.081730136732165,0.002625699999043718,,,,1.2,1.2,traces/fixed_0078.npz
78,adaptive,medium,static,initial_out_of_view,False,"[-3.914546188738802, 3.3312321934308926, 9.256929833493206, 10.26670408649705, 0.4328512696209206, 0.9514305141926744]",,,,,,0.0,,0.0,1,0.0,10.081730136732165,0.0035927999997511506,,,,0.8,0.8,traces/adaptive_0078.npz
78,fixed_high,medium,static,initial_out_of_view,False,"[-3.914546188738802, 3.3312321934308926, 9.256929833493206, 10.26670408649705, 0.4328512696209206, 0.9514305141926744]",,,,,,0.0,,0.0,1,0.0,10.081730136732165,0.0026556999946478754,,,,2.4,2.4,traces/fixed_high_0078.npz
79,fixed,large,static,converged,True,"[9.994686222361537, -6.697297475605392, 1.6691951965520246, 14.9963322580236, 12.088743717634003, -1.6384363201116123]",135.7124786376953,0.9589856266975403,0.9589856266975403,135.7124786376953,0.0,4.799999999999693,4.2999999999997485,5.799999999999583,175,0.35000000000000003,13.439968871933248,1.1780096000002231,,0.0,0.0034946606355797318,1.2,1.2,traces/fixed_0079.npz
79,adaptive,large,static,converged,True,"[9.994686222361537, -6.697297475605392, 1.6691951965520246, 14.9963322580236, 12.088743717634003, -1.6384363201116123]",135.7124786376953,0.9884766340255737,0.9884766340255737,135.7124786376953,0.0,3.7319999999998106,3.2319999999998656,4.731999999999701,143,0.35,13.439968871933248,0.9494784999988042,,0.0,0.0035206537146047403,0.985969621387663,2.3999999313371614,traces/adaptive_0079.npz
79,fixed_high,large,static,converged,True,"[9.994686222361537, -6.697297475605392, 1.6691951965520246, 14.9963322580236, 12.088743717634003, -1.6384363201116123]",135.7124786376953,0.9411782026290894,0.9411782026290894,135.7124786376953,0.0,2.865999999999906,2.365999999999961,3.865999999999796,117,0.35000000000000003,13.439968871933248,0.7940691999974661,,0.0,0.006667254902049874,2.4,2.4,traces/fixed_high_0079.npz
80,fixed,medium,static,initial_out_of_view,False,"[7.584420840492902, -6.633833025576383, -8.695541483937216, 2.448665629225893, -7.821454594785877, 5.359466602222483]",,,,,,0.0,,0.0,1,0.0,11.746538332865564,0.002314000012120232,,,,1.2,1.2,traces/fixed_0080.npz
80,adaptive,medium,static,initial_out_of_view,False,"[7.584420840492902, -6.633833025576383, -8.695541483937216, 2.448665629225893, -7.821454594785877, 5.359466602222483]",,,,,,0.0,,0.0,1,0.0,11.746538332865564,0.002929000009316951,,,,0.8,0.8,traces/adaptive_0080.npz
80,fixed_high,medium,static,initial_out_of_view,False,"[7.584420840492902, -6.633833025576383, -8.695541483937216, 2.448665629225893, -7.821454594785877, 5.359466602222483]",,,,,,0.0,,0.0,1,0.0,11.746538332865564,0.001652300008572638,,,,2.4,2.4,traces/fixed_high_0080.npz
81,fixed,large,static,initial_out_of_view,False,"[5.367126506791742, -4.076790354849603, -22.73339318190675, -17.862925961233426, 15.749715634581989, -14.262432107837013]",,,,,,0.0,,0.0,1,0.0,17.00044437753242,0.0016824999765958637,,,,1.2,1.2,traces/fixed_0081.npz
81,adaptive,large,static,initial_out_of_view,False,"[5.367126506791742, -4.076790354849603, -22.73339318190675, -17.862925961233426, 15.749715634581989, -14.262432107837013]",,,,,,0.0,,0.0,1,0.0,17.00044437753242,0.0023532999912276864,,,,0.8,0.8,traces/adaptive_0081.npz
81,fixed_high,large,static,initial_out_of_view,False,"[5.367126506791742, -4.076790354849603, -22.73339318190675, -17.862925961233426, 15.749715634581989, -14.262432107837013]",,,,,,0.0,,0.0,1,0.0,17.00044437753242,0.001630700018722564,,,,2.4,2.4,traces/fixed_high_0081.npz
82,fixed,large,static,initial_out_of_view,False,"[-1.5547345157422896, 3.8658243172328604, -2.6161970052100862, 1.0815202961786206, 15.737639951439924, -3.0049788324021733]",,,,,,0.0,,0.0,1,0.0,13.732304599290533,0.00396930001443252,,,,1.2,1.2,traces/fixed_0082.npz
82,adaptive,large,static,initial_out_of_view,False,"[-1.5547345157422896, 3.8658243172328604, -2.6161970052100862, 1.0815202961786206, 15.737639951439924, -3.0049788324021733]",,,,,,0.0,,0.0,1,0.0,13.732304599290533,0.0026870000001508743,,,,0.8,0.8,traces/adaptive_0082.npz
82,fixed_high,large,static,initial_out_of_view,False,"[-1.5547345157422896, 3.8658243172328604, -2.6161970052100862, 1.0815202961786206, 15.737639951439924, -3.0049788324021733]",,,,,,0.0,,0.0,1,0.0,13.732304599290533,0.0025215000205207616,,,,2.4,2.4,traces/fixed_high_0082.npz
83,fixed,medium,static,initial_out_of_view,False,"[-6.739185069194692, 3.1738567376849094, 5.51354621303722, -4.926614867089098, 5.678137737314332, 7.364912685787274]",,,,,,0.0,,0.0,1,0.0,10.588709094766793,0.003995500010205433,,,,1.2,1.2,traces/fixed_0083.npz
83,adaptive,medium,static,initial_out_of_view,False,"[-6.739185069194692, 3.1738567376849094, 5.51354621303722, -4.926614867089098, 5.678137737314332, 7.364912685787274]",,,,,,0.0,,0.0,1,0.0,10.588709094766793,0.0029500999953597784,,,,0.8,0.8,traces/adaptive_0083.npz
83,fixed_high,medium,static,initial_out_of_view,False,"[-6.739185069194692, 3.1738567376849094, 5.51354621303722, -4.926614867089098, 5.678137737314332, 7.364912685787274]",,,,,,0.0,,0.0,1,0.0,10.588709094766793,0.0026523999986238778,,,,2.4,2.4,traces/fixed_high_0083.npz
84,fixed,medium,static,initial_out_of_view,False,"[5.6264301942376775, -7.608452137844894, -9.926121353564563, -6.643860411619949, -3.456039366337052, -9.558050093321405]",,,,,,0.0,,0.0,1,0.0,11.987147951829678,0.0025602999958209693,,,,1.2,1.2,traces/fixed_0084.npz
84,adaptive,medium,static,initial_out_of_view,False,"[5.6264301942376775, -7.608452137844894, -9.926121353564563, -6.643860411619949, -3.456039366337052, -9.558050093321405]",,,,,,0.0,,0.0,1,0.0,11.987147951829678,0.0020758000027853996,,,,0.8,0.8,traces/adaptive_0084.npz
84,fixed_high,medium,static,initial_out_of_view,False,"[5.6264301942376775, -7.608452137844894, -9.926121353564563, -6.643860411619949, -3.456039366337052, -9.558050093321405]",,,,,,0.0,,0.0,1,0.0,11.987147951829678,0.0026483999972697347,,,,2.4,2.4,traces/fixed_high_0084.npz
85,fixed,small,static,converged,True,"[-0.40596367057573834, 2.8184965501375894, 3.4123696822444805, -0.04917997968834964, -2.4510943035640635, -3.0873199913814924]",87.23479461669922,0.9740985631942749,0.9740985631942749,87.23479461669922,0.0,4.0999999999997705,3.599999999999825,5.09999999999966,154,0.0887706452807909,10.640639985526084,0.9712849000061397,,0.0,0.0026106394049083188,1.2,1.2,traces/fixed_0085.npz
85,adaptive,small,static,converged,True,"[-0.40596367057573834, 2.8184965501375894, 3.4123696822444805, -0.04917997968834964, -2.4510943035640635, -3.0873199913814924]",87.23479461669922,0.9742680788040161,0.9742680788040161,87.23479461669922,0.0,3.0319999999998877,2.5319999999999427,4.031999999999778,122,0.14584067953120444,10.6406885111444,0.7631410000030883,,0.0,0.0026461192059048953,0.9834559801055318,2.399970594976733,traces/adaptive_0085.npz
85,fixed_high,small,static,converged,True,"[-0.40596367057573834, 2.8184965501375894, 3.4123696822444805, -0.04917997968834964, -2.4510943035640635, -3.0873199913814924]",87.23479461669922,0.9069079756736755,0.9069079756736755,87.23479461669922,0.0,2.265999999999972,1.7660000000000013,3.265999999999862,99,0.14584067953120453,10.640859127402125,0.6129995000083,,0.0,0.005077867125096847,2.4,2.4,traces/fixed_high_0085.npz
86,fixed,small,static,converged,True,"[1.9696882070393693, 1.19464447114476, -1.200158035635713, -0.3477634986476108, 0.6173549657913844, 0.34621276375772325]",47.0295295715332,0.9773055911064148,0.9773055911064148,47.0295295715332,0.0,3.7319999999998106,3.2319999999998656,4.731999999999701,143,0.04411151449567638,10.787032886218698,0.9409729999897536,,0.0,0.0023173738950402678,1.2,1.2,traces/fixed_0086.npz
86,adaptive,small,static,converged,True,"[1.9696882070393693, 1.19464447114476, -1.200158035635713, -0.3477634986476108, 0.6173549657913844, 0.34621276375772325]",47.0295295715332,0.9958274960517883,0.9958274960517883,47.0295295715332,0.0,2.899999999999902,2.3999999999999573,3.899999999999792,118,0.0880584374407449,10.787032886218698,0.7296893999737222,,0.0,0.0023825380111752977,0.9872683220404379,2.3955224874278844,traces/adaptive_0086.npz
86,fixed_high,small,static,converged,True,"[1.9696882070393693, 1.19464447114476, -1.200158035635713, -0.3477634986476108, 0.6173549657913844, 0.34621276375772325]",47.0295295715332,0.9709083437919617,0.9709083437919617,47.0295295715332,0.0,2.065999999999994,1.5660000000000012,3.065999999999884,93,0.08822302899135276,10.787032886218698,0.5656426999776158,,0.0,0.0047525105344775895,2.4,2.4,traces/fixed_high_0086.npz
87,fixed,large,static,initial_out_of_view,False,"[-14.53366318815295, -1.1448221444191162, 21.161577655628456, 8.49259379871075, -14.490146041449156, 25.994777413265744]",,,,,,0.0,,0.0,1,0.0,8.820097669516478,0.0022227000154089183,,,,1.2,1.2,traces/fixed_0087.npz
87,adaptive,large,static,initial_out_of_view,False,"[-14.53366318815295, -1.1448221444191162, 21.161577655628456, 8.49259379871075, -14.490146041449156, 25.994777413265744]",,,,,,0.0,,0.0,1,0.0,8.820097669516478,0.0024228999973274767,,,,0.8,0.8,traces/adaptive_0087.npz
87,fixed_high,large,static,initial_out_of_view,False,"[-14.53366318815295, -1.1448221444191162, 21.161577655628456, 8.49259379871075, -14.490146041449156, 25.994777413265744]",,,,,,0.0,,0.0,1,0.0,8.820097669516478,0.002600599982542917,,,,2.4,2.4,traces/fixed_high_0087.npz
88,fixed,medium,static,initial_out_of_view,False,"[1.6944074771062372, -3.3164889186102897, -6.328573658081318, -9.622543235375657, -3.2853827659982464, 2.6918165663944364]",,,,,,0.0,,0.0,1,0.0,11.514510753460938,0.001928200013935566,,,,1.2,1.2,traces/fixed_0088.npz
88,adaptive,medium,static,initial_out_of_view,False,"[1.6944074771062372, -3.3164889186102897, -6.328573658081318, -9.622543235375657, -3.2853827659982464, 2.6918165663944364]",,,,,,0.0,,0.0,1,0.0,11.514510753460938,0.0027498000126797706,,,,0.8,0.8,traces/adaptive_0088.npz
88,fixed_high,medium,static,initial_out_of_view,False,"[1.6944074771062372, -3.3164889186102897, -6.328573658081318, -9.622543235375657, -3.2853827659982464, 2.6918165663944364]",,,,,,0.0,,0.0,1,0.0,11.514510753460938,0.0027987000066787004,,,,2.4,2.4,traces/fixed_high_0088.npz
89,fixed,small,static,converged,True,"[-0.6054226460030621, 2.2990254736634137, 0.36095589130615213, -0.6953646773464213, -2.8708878406476033, -1.9027892211251336]",23.756473541259766,0.916892945766449,0.916892945766449,23.756473541259766,0.0,2.965999999999895,2.46599999999995,3.965999999999785,120,0.057366245740101525,10.638471703649218,0.7530511999793816,,0.0,0.005502249197671737,1.2,1.2,traces/fixed_0089.npz
89,adaptive,small,static,converged,True,"[-0.6054226460030621, 2.2990254736634137, 0.36095589130615213, -0.6953646773464213, -2.8708878406476033, -1.9027892211251336]",23.756473541259766,0.9229568839073181,0.9229568839073181,23.756473541259766,0.0,2.4319999999999538,1.9320000000000015,3.4319999999998436,104,0.11080665671237674,10.638344541585731,0.6481021999788936,,0.0,0.005869773579942362,0.974341212482866,2.3178785074635226,traces/adaptive_0089.npz
89,fixed_high,small,static,converged,True,"[-0.6054226460030621, 2.2990254736634137, 0.36095589130615213, -0.6953646773464213, -2.8708878406476033, -1.9027892211251336]",23.756473541259766,0.7863730788230896,0.7863730788230896,23.756473541259766,0.0,1.7000000000000013,1.2000000000000008,2.6999999999999242,82,0.11473249148020305,10.638744547034799,0.5197205999866128,,0.0,0.011052436183141365,2.4,2.4,traces/fixed_high_0089.npz
90,fixed,medium,static,initial_out_of_view,False,"[-1.2676696768112379, 7.221217757086679, 1.3625177578447651, -9.399269023197812, 4.292331251390253, 7.334111104855815]",,,,,,0.0,,0.0,1,0.0,10.871001695196476,0.0043928999803029,,,,1.2,1.2,traces/fixed_0090.npz
90,adaptive,medium,static,initial_out_of_view,False,"[-1.2676696768112379, 7.221217757086679, 1.3625177578447651, -9.399269023197812, 4.292331251390253, 7.334111104855815]",,,,,,0.0,,0.0,1,0.0,10.871001695196476,0.0029021000082138926,,,,0.8,0.8,traces/adaptive_0090.npz
90,fixed_high,medium,static,initial_out_of_view,False,"[-1.2676696768112379, 7.221217757086679, 1.3625177578447651, -9.399269023197812, 4.292331251390253, 7.334111104855815]",,,,,,0.0,,0.0,1,0.0,10.871001695196476,0.0024773000041022897,,,,2.4,2.4,traces/fixed_high_0090.npz
91,fixed,large,static,initial_out_of_view,False,"[-0.8056586829442764, -3.6019320834725015, -5.189271087603625, -19.688347922325505, 4.580531830964432, -20.161973095778066]",,,,,,0.0,,0.0,1,0.0,12.240315432856985,0.002063599997200072,,,,1.2,1.2,traces/fixed_0091.npz
91,adaptive,large,static,initial_out_of_view,False,"[-0.8056586829442764, -3.6019320834725015, -5.189271087603625, -19.688347922325505, 4.580531830964432, -20.161973095778066]",,,,,,0.0,,0.0,1,0.0,12.240315432856985,0.0030690999992657453,,,,0.8,0.8,traces/adaptive_0091.npz
91,fixed_high,large,static,initial_out_of_view,False,"[-0.8056586829442764, -3.6019320834725015, -5.189271087603625, -19.688347922325505, 4.580531830964432, -20.161973095778066]",,,,,,0.0,,0.0,1,0.0,12.240315432856985,0.0022708000033162534,,,,2.4,2.4,traces/fixed_high_0091.npz
92,fixed,small,static,converged,True,"[0.5561535951411765, -2.2245729335979822, 1.0518615649622909, -3.837104058861792, -0.05686456589309108, 1.807037647072577]",50.40726852416992,0.983802080154419,0.983802080154419,50.40726852416992,0.0,3.8319999999997996,3.3319999999998546,4.83199999999969,146,0.07310492100530797,10.642861640767935,0.9689014999894425,,0.0,0.002934931528028122,1.2,1.2,traces/fixed_0092.npz
92,adaptive,small,static,converged,True,"[0.5561535951411765, -2.2245729335979822, 1.0518615649622909, -3.837104058861792, -0.05686456589309108, 1.807037647072577]",50.40726852416992,0.9819808006286621,0.9819808006286621,50.40726852416992,0.0,2.999999999999891,2.4999999999999463,3.999999999999781,121,0.139961027254359,10.642881532545603,0.7930755000270437,,0.0,0.003317870989031461,0.9846452959964878,2.397064581156268,traces/adaptive_0092.npz
92,fixed_high,small,static,converged,True,"[0.5561535951411765, -2.2245729335979822, 1.0518615649622909, -3.837104058861792, -0.05686456589309108, 1.807037647072577]",50.40726852416992,0.9492114782333374,0.9492114782333374,50.40726852416992,0.0,2.131999999999987,1.6320000000000012,3.1319999999998767,95,0.13986138589348188,10.642780009941966,0.577616599999601,,0.0,0.006127876352184863,2.4,2.4,traces/fixed_high_0092.npz
93,fixed,small,static,converged,True,"[2.1917143636255654, 1.4258350767762344, 1.8781448704490362, -0.07514381590635999, 2.345242548911009, -1.6828284610500281]",101.37680053710938,0.9770882725715637,0.9770882725715637,101.37680053710938,0.0,4.3999999999997375,3.899999999999792,5.399999999999627,163,0.08124647582244424,10.649757528447948,1.017688799998723,,0.0,0.0020036823112232326,1.2,1.2,traces/fixed_0093.npz
93,adaptive,small,static,converged,True,"[2.1917143636255654, 1.4258350767762344, 1.8781448704490362, -0.07514381590635999, 2.345242548911009, -1.6828284610500281]",101.37680053710938,0.9963675141334534,0.9963675141334534,101.37680053710938,0.0,3.199999999999869,2.6999999999999242,4.1999999999997595,127,0.1438428737342406,10.651466854774887,0.7775784999830648,,0.0,0.0021045091923998327,0.9862363293849242,2.399994980080418,traces/adaptive_0093.npz
93,fixed_high,small,static,converged,True,"[2.1917143636255654, 1.4258350767762344, 1.8781448704490362, -0.07514381590635999, 2.345242548911009, -1.6828284610500281]",101.37680053710938,0.9867246747016907,0.9867246747016907,101.37680053710938,0.0,2.365999999999961,1.8660000000000014,3.365999999999851,102,0.14384287373424065,10.65222180256512,0.5796363000117708,,0.0,0.004295580734397774,2.4,2.4,traces/fixed_high_0093.npz
94,fixed,large,static,initial_out_of_view,False,"[5.046477004862069, -13.017300450604877, -14.698788008263165, -19.149265633157974, -1.343190171062826, -4.778075994120503]",,,,,,0.0,,0.0,1,0.0,13.100593761258848,0.0020824000239372253,,,,1.2,1.2,traces/fixed_0094.npz
94,adaptive,large,static,initial_out_of_view,False,"[5.046477004862069, -13.017300450604877, -14.698788008263165, -19.149265633157974, -1.343190171062826, -4.778075994120503]",,,,,,0.0,,0.0,1,0.0,13.100593761258848,0.0015397999959532171,,,,0.8,0.8,traces/adaptive_0094.npz
94,fixed_high,large,static,initial_out_of_view,False,"[5.046477004862069, -13.017300450604877, -14.698788008263165, -19.149265633157974, -1.343190171062826, -4.778075994120503]",,,,,,0.0,,0.0,1,0.0,13.100593761258848,0.0017853000026661903,,,,2.4,2.4,traces/fixed_high_0094.npz
95,fixed,large,static,converged,True,"[0.07803546303520292, -5.398991074043165, 17.022043563832803, 8.907426434474154, -3.655144793232992, 20.5808827064361]",161.37547302246094,0.9769336581230164,0.9769336581230164,161.37547302246094,0.0,4.999999999999671,4.499999999999726,5.999999999999561,181,0.34531843150787916,10.62946131495769,1.1868016999796964,,0.0,0.007610934434902754,1.2,1.2,traces/fixed_0095.npz
95,adaptive,large,static,converged,True,"[0.07803546303520292, -5.398991074043165, 17.022043563832803, 8.907426434474154, -3.655144793232992, 20.5808827064361]",161.37547302246094,0.9832568168640137,0.9832568168640137,161.37547302246094,0.0,3.899999999999792,3.399999999999847,4.899999999999682,148,0.35,10.629147657962115,1.0181444000045303,,0.0,0.008331635115634919,0.9849550450824166,2.399999997223099,traces/adaptive_0095.npz
95,fixed_high,large,static,converged,True,"[0.07803546303520292, -5.398991074043165, 17.022043563832803, 8.907426434474154, -3.655144793232992, 20.5808827064361]",161.37547302246094,0.9669420719146729,0.9669420719146729,161.37547302246094,0.0,3.065999999999884,2.565999999999939,4.065999999999774,123,0.35,10.629445093787803,0.7753971000202,,0.0,0.01553078175229387,2.4,2.4,traces/fixed_high_0095.npz
96,fixed,small,static,converged,True,"[1.1083059234193806, 0.26645154661854686, 3.100324184142985, -2.519601703349271, -1.696219634663345, -3.7787210439007834]",59.580318450927734,0.9791641235351562,0.9791641235351562,59.580318450927734,0.0,3.9319999999997886,3.4319999999998436,4.931999999999679,149,0.07370980724895608,10.637839662555532,0.9800306000106502,,0.0,0.003531730486843567,1.2,1.2,traces/fixed_0096.npz
96,adaptive,small,static,converged,True,"[1.1083059234193806, 0.26645154661854686, 3.100324184142985, -2.519601703349271, -1.696219634663345, -3.7787210439007834]",59.580318450927734,0.9924642443656921,0.9924642443656921,59.580318450927734,0.0,2.999999999999891,2.4999999999999463,3.999999999999781,121,0.1473623298174065,10.637606360769343,0.7757071999949403,,0.0,0.003727243869316476,0.9865730090788927,2.3990674020300267,traces/adaptive_0096.npz
96,fixed_high,small,static,converged,True,"[1.1083059234193806, 0.26645154661854686, 3.100324184142985, -2.519601703349271, -1.696219634663345, -3.7787210439007834]",59.580318450927734,0.9641623497009277,0.9641623497009277,59.580318450927734,0.0,2.165999999999983,1.6660000000000013,3.165999999999873,96,0.14741961449791216,10.637843560165516,0.6161355999938678,,0.0,0.007275370959922989,2.4,2.4,traces/fixed_high_0096.npz
97,fixed,large,static,initial_out_of_view,False,"[-0.6052563043859287, 14.747760136519098, -2.836845609265648, -26.62981501271942, 3.3827708643267513, -6.728444818721968]",,,,,,0.0,,0.0,1,0.0,12.133737281142826,0.0037386000039987266,,,,1.2,1.2,traces/fixed_0097.npz
97,adaptive,large,static,initial_out_of_view,False,"[-0.6052563043859287, 14.747760136519098, -2.836845609265648, -26.62981501271942, 3.3827708643267513, -6.728444818721968]",,,,,,0.0,,0.0,1,0.0,12.133737281142826,0.004110900015803054,,,,0.8,0.8,traces/adaptive_0097.npz
97,fixed_high,large,static,initial_out_of_view,False,"[-0.6052563043859287, 14.747760136519098, -2.836845609265648, -26.62981501271942, 3.3827708643267513, -6.728444818721968]",,,,,,0.0,,0.0,1,0.0,12.133737281142826,0.0026245000190101564,,,,2.4,2.4,traces/fixed_high_0097.npz
98,fixed,small,static,converged,True,"[1.5052906694575006, 0.6219502894035278, -0.9535260444055531, 1.7924646021276462, -1.2654244302256537, -0.043440928567343384]",25.854969024658203,0.9533897042274475,0.9533897042274475,25.854969024658203,0.0,3.265999999999862,2.765999999999917,4.265999999999752,129,0.039565387005085606,10.755350765497582,0.8029050000186544,,0.0,0.0036130808783562595,1.2,1.2,traces/fixed_0098.npz
98,adaptive,small,static,converged,True,"[1.5052906694575006, 0.6219502894035278, -0.9535260444055531, 1.7924646021276462, -1.2654244302256537, -0.043440928567343384]",25.854969024658203,0.9791045188903809,0.9791045188903809,25.854969024658203,0.0,2.6999999999999242,2.1999999999999793,3.699999999999814,112,0.07704786468625192,10.755350765497582,0.6711805999802891,,0.0,0.0038102208451121374,0.9841276002521979,2.3368263177008215,traces/adaptive_0098.npz
98,fixed_high,small,static,converged,True,"[1.5052906694575006, 0.6219502894035278, -0.9535260444055531, 1.7924646021276462, -1.2654244302256537, -0.043440928567343384]",25.854969024658203,0.8817459344863892,0.8817459344863892,25.854969024658203,0.0,1.8660000000000014,1.366000000000001,2.865999999999906,87,0.07913077401017121,10.755350765497582,0.5444992999837268,,0.0,0.007233705393331131,2.4,2.4,traces/fixed_high_0098.npz
99,fixed,large,static,initial_out_of_view,False,"[-10.718029618630851, 15.876744135086483, 23.790902828864112, 1.4298252602111496, -12.037141734974808, -3.1724543735195994]",,,,,,0.0,,0.0,1,0.0,8.668296416658903,0.002289199997903779,,,,1.2,1.2,traces/fixed_0099.npz
99,adaptive,large,static,initial_out_of_view,False,"[-10.718029618630851, 15.876744135086483, 23.790902828864112, 1.4298252602111496, -12.037141734974808, -3.1724543735195994]",,,,,,0.0,,0.0,1,0.0,8.668296416658903,0.002101199992466718,,,,0.8,0.8,traces/adaptive_0099.npz
99,fixed_high,large,static,initial_out_of_view,False,"[-10.718029618630851, 15.876744135086483, 23.790902828864112, 1.4298252602111496, -12.037141734974808, -3.1724543735195994]",,,,,,0.0,,0.0,1,0.0,8.668296416658903,0.002512899984139949,,,,2.4,2.4,traces/fixed_high_0099.npz
100,fixed,large,static,initial_out_of_view,False,"[-1.8770345493793563, 17.251764908040457, -16.2497467634516, -4.766994438363643, 7.043219327669423, 21.917852245379834]",,,,,,0.0,,0.0,1,0.0,13.132637948950446,0.0026089999882970005,,,,1.2,1.2,traces/fixed_0100.npz
100,adaptive,large,static,initial_out_of_view,False,"[-1.8770345493793563, 17.251764908040457, -16.2497467634516, -4.766994438363643, 7.043219327669423, 21.917852245379834]",,,,,,0.0,,0.0,1,0.0,13.132637948950446,0.0021757000067736953,,,,0.8,0.8,traces/adaptive_0100.npz
100,fixed_high,large,static,initial_out_of_view,False,"[-1.8770345493793563, 17.251764908040457, -16.2497467634516, -4.766994438363643, 7.043219327669423, 21.917852245379834]",,,,,,0.0,,0.0,1,0.0,13.132637948950446,0.0028794999816454947,,,,2.4,2.4,traces/fixed_high_0100.npz
101,fixed,small,static,converged,True,"[2.9823043767688775, -2.580181674170531, -0.02159400945097012, -1.4933772053100034, 0.5068354290937855, 3.2286445925387985]",90.72429656982422,0.9615237712860107,0.9615237712860107,90.72429656982422,0.0,4.2999999999997485,3.799999999999803,5.299999999999638,160,0.08785679718848889,10.69434348500278,1.0614200999843888,,0.0,0.002498879197580605,1.2,1.2,traces/fixed_0101.npz
101,adaptive,small,static,converged,True,"[2.9823043767688775, -2.580181674170531, -0.02159400945097012, -1.4933772053100034, 0.5068354290937855, 3.2286445925387985]",90.72429656982422,0.9871647953987122,0.9871647953987122,90.72429656982422,0.0,3.199999999999869,2.6999999999999242,4.1999999999997595,127,0.15961819034550198,10.697407238887289,0.8148112999915611,,0.0,0.002688941211273062,0.9857377300163068,2.39998098976986,traces/adaptive_0101.npz
101,fixed_high,small,static,converged,True,"[2.9823043767688775, -2.580181674170531, -0.02159400945097012, -1.4933772053100034, 0.5068354290937855, 3.2286445925387985]",90.72429656982422,0.9815648794174194,0.9815648794174194,90.72429656982422,0.0,2.3319999999999648,1.8320000000000014,3.3319999999998546,101,0.1596181903455021,10.697420938011039,0.6015459000191186,,0.0,0.005264443723996118,2.4,2.4,traces/fixed_high_0101.npz
102,fixed,small,static,initial_out_of_view,False,"[-0.9436896205496415, -2.52069404854485, -1.6124233645467987, -3.2994862453950917, -2.9528746912914356, 2.038803266265708]",,,,,,0.0,,0.0,1,0.0,10.834861088057496,0.003660699992906302,,,,1.2,1.2,traces/fixed_0102.npz
102,adaptive,small,static,initial_out_of_view,False,"[-0.9436896205496415, -2.52069404854485, -1.6124233645467987, -3.2994862453950917, -2.9528746912914356, 2.038803266265708]",,,,,,0.0,,0.0,1,0.0,10.834861088057496,0.0027037000108975917,,,,0.8,0.8,traces/adaptive_0102.npz
102,fixed_high,small,static,initial_out_of_view,False,"[-0.9436896205496415, -2.52069404854485, -1.6124233645467987, -3.2994862453950917, -2.9528746912914356, 2.038803266265708]",,,,,,0.0,,0.0,1,0.0,10.834861088057496,0.0019651999755296856,,,,2.4,2.4,traces/fixed_high_0102.npz
103,fixed,large,static,initial_out_of_view,False,"[-9.672227227070154, 14.633123255414752, 14.912258765645888, -14.65922286928138, -11.85473671835925, -16.757805142776874]",,,,,,0.0,,0.0,1,0.0,9.320315592580602,0.0034355999960098416,,,,1.2,1.2,traces/fixed_0103.npz
103,adaptive,large,static,initial_out_of_view,False,"[-9.672227227070154, 14.633123255414752, 14.912258765645888, -14.65922286928138, -11.85473671835925, -16.757805142776874]",,,,,,0.0,,0.0,1,0.0,9.320315592580602,0.0038240000139921904,,,,0.8,0.8,traces/adaptive_0103.npz
103,fixed_high,large,static,initial_out_of_view,False,"[-9.672227227070154, 14.633123255414752, 14.912258765645888, -14.65922286928138, -11.85473671835925, -16.757805142776874]",,,,,,0.0,,0.0,1,0.0,9.320315592580602,0.0028356999973766506,,,,2.4,2.4,traces/fixed_high_0103.npz
104,fixed,large,static,initial_out_of_view,False,"[-3.084956381232045, 1.4295235521086802, 15.523471440770876, 27.553271475731194, 15.187262393037656, 13.617711126041627]",,,,,,0.0,,0.0,1,0.0,14.921233312303665,0.003315400012070313,,,,1.2,1.2,traces/fixed_0104.npz
104,adaptive,large,static,initial_out_of_view,False,"[-3.084956381232045, 1.4295235521086802, 15.523471440770876, 27.553271475731194, 15.187262393037656, 13.617711126041627]",,,,,,0.0,,0.0,1,0.0,14.921233312303665,0.0028326000028755516,,,,0.8,0.8,traces/adaptive_0104.npz
104,fixed_high,large,static,initial_out_of_view,False,"[-3.084956381232045, 1.4295235521086802, 15.523471440770876, 27.553271475731194, 15.187262393037656, 13.617711126041627]",,,,,,0.0,,0.0,1,0.0,14.921233312303665,0.0034299000108148903,,,,2.4,2.4,traces/fixed_high_0104.npz
105,fixed,large,static,initial_out_of_view,False,"[-2.444007404982436, 5.992353394482347, -17.48092876183369, 29.304586967762432, 14.404643209954052, -8.263974759919762]",,,,,,0.0,,0.0,1,0.0,17.02998028096013,0.0025231000036001205,,,,1.2,1.2,traces/fixed_0105.npz
105,adaptive,large,static,initial_out_of_view,False,"[-2.444007404982436, 5.992353394482347, -17.48092876183369, 29.304586967762432, 14.404643209954052, -8.263974759919762]",,,,,,0.0,,0.0,1,0.0,17.02998028096013,0.0029346999945119023,,,,0.8,0.8,traces/adaptive_0105.npz
105,fixed_high,large,static,initial_out_of_view,False,"[-2.444007404982436, 5.992353394482347, -17.48092876183369, 29.304586967762432, 14.404643209954052, -8.263974759919762]",,,,,,0.0,,0.0,1,0.0,17.02998028096013,0.0027510999934747815,,,,2.4,2.4,traces/fixed_high_0105.npz
106,fixed,small,static,converged,True,"[2.647508729014019, 1.2156055929912242, -3.1090503167551944, 0.008386984730910818, -1.1298767507244607, 1.1252978003070986]",71.38233947753906,0.9435878992080688,0.9435878992080688,71.38233947753906,0.0,4.131999999999767,3.6319999999998216,5.131999999999657,155,0.0551365319360168,11.012310570316739,0.9953732999856584,,0.0,0.0034498486896130274,1.2,1.2,traces/fixed_0106.npz
106,adaptive,small,static,converged,True,"[2.647508729014019, 1.2156055929912242, -3.1090503167551944, 0.008386984730910818, -1.1298767507244607, 1.1252978003070986]",71.38233947753906,0.9684237241744995,0.9684237241744995,71.38233947753906,0.0,3.1319999999998767,2.6319999999999317,4.131999999999767,125,0.11026326313493506,11.012310570316739,0.8029518999974243,,0.0,0.0037008359405811923,0.9824207484173413,2.399786695243516,traces/adaptive_0106.npz
106,fixed_high,small,static,converged,True,"[2.647508729014019, 1.2156055929912242, -3.1090503167551944, 0.008386984730910818, -1.1298767507244607, 1.1252978003070986]",71.38233947753906,0.926758348941803,0.926758348941803,71.38233947753906,0.0,2.265999999999972,1.7660000000000013,3.265999999999862,99,0.1102730638720336,11.012310570316739,0.6236892000015359,,0.0,0.007464071786920754,2.4,2.4,traces/fixed_high_0106.npz
107,fixed,small,static,converged,True,"[-0.23419315678010122, -1.7358087528391521, 0.5797141929088658, 0.14938537196695822, -1.76485018305447, 0.26042380145242205]",48.28383255004883,0.9305139780044556,0.9305139780044556,48.28383255004883,0.0,3.865999999999796,3.365999999999851,4.865999999999686,147,0.04375469246143296,10.643759347898873,0.9545895999763161,,0.0,0.0018551658047839252,1.2,1.2,traces/fixed_0107.npz
107,adaptive,small,static,converged,True,"[-0.23419315678010122, -1.7358087528391521, 0.5797141929088658, 0.14938537196695822, -1.76485018305447, 0.26042380145242205]",48.28383255004883,0.9605322480201721,0.9605322480201721,48.28383255004883,0.0,3.0319999999998877,2.5319999999999427,4.031999999999778,122,0.0873698162201901,10.643711614386854,0.7322108999942429,,0.0,0.002067043411975543,0.981021702917533,2.396172240420647,traces/adaptive_0107.npz
107,fixed_high,small,static,converged,True,"[-0.23419315678010122, -1.7358087528391521, 0.5797141929088658, 0.14938537196695822, -1.76485018305447, 0.26042380145242205]",48.28383255004883,0.90482097864151,0.90482097864151,48.28383255004883,0.0,2.131999999999987,1.6320000000000012,3.1319999999998767,95,0.08750938492286592,10.643838748295531,0.5543565999832936,,0.0,0.0037801702559646403,2.4,2.4,traces/fixed_high_0107.npz
108,fixed,small,static,converged,True,"[-2.5412661515660675, 1.3878123259903905, -1.8987603563966742, 0.501404158675057, -2.618812981808472, -2.5024740516782478]",68.58834838867188,0.9402055144309998,0.9402055144309998,68.58834838867188,0.0,4.131999999999767,3.6319999999998216,5.131999999999657,155,0.05301007704216762,10.857910305457606,0.9697171000007074,,0.0,0.0034043341412029666,1.2,1.2,traces/fixed_0108.npz
108,adaptive,small,static,converged,True,"[-2.5412661515660675, 1.3878123259903905, -1.8987603563966742, 0.501404158675057, -2.618812981808472, -2.5024740516782478]",68.58834838867188,0.9754535555839539,0.9754535555839539,68.58834838867188,0.0,3.1319999999998767,2.6319999999999317,4.131999999999767,125,0.10600679259958629,10.857910305457606,0.7820232000085525,,0.0,0.0035598595644749046,0.983630602416719,2.39969753332586,traces/adaptive_0108.npz
108,fixed_high,small,static,converged,True,"[-2.5412661515660675, 1.3878123259903905, -1.8987603563966742, 0.501404158675057, -2.618812981808472, -2.5024740516782478]",68.58834838867188,0.9499074220657349,0.9499074220657349,68.58834838867188,0.0,2.265999999999972,1.7660000000000013,3.265999999999862,99,0.10602015408433524,10.857910305457606,0.5804080000089016,,0.0,0.0067235711536438,2.4,2.4,traces/fixed_high_0108.npz
109,fixed,medium,static,initial_out_of_view,False,"[-5.9317592117549385, -1.1609901209989104, 3.077672940879845, -8.174935852857836, 4.842877584668731, -4.914494365792966]",,,,,,0.0,,0.0,1,0.0,10.854652559362993,0.0028460999892558903,,,,1.2,1.2,traces/fixed_0109.npz
109,adaptive,medium,static,initial_out_of_view,False,"[-5.9317592117549385, -1.1609901209989104, 3.077672940879845, -8.174935852857836, 4.842877584668731, -4.914494365792966]",,,,,,0.0,,0.0,1,0.0,10.854652559362993,0.004251099977409467,,,,0.8,0.8,traces/adaptive_0109.npz
109,fixed_high,medium,static,initial_out_of_view,False,"[-5.9317592117549385, -1.1609901209989104, 3.077672940879845, -8.174935852857836, 4.842877584668731, -4.914494365792966]",,,,,,0.0,,0.0,1,0.0,10.854652559362993,0.002246000018203631,,,,2.4,2.4,traces/fixed_high_0109.npz
110,fixed,small,static,converged,True,"[-2.3307731813961374, 0.4687346728668653, -0.07349853103881188, -1.6909822218097714, -0.10957170278243877, -2.872624019246932]",39.72669982910156,0.9694738388061523,0.9694738388061523,39.72669982910156,0.0,3.5319999999998326,3.0319999999998877,4.531999999999723,137,0.055798288549217256,10.658425198301,0.8663171000080183,,0.0,0.0028854001936614183,1.2,1.2,traces/fixed_0110.npz
110,adaptive,small,static,converged,True,"[-2.3307731813961374, 0.4687346728668653, -0.07349853103881188, -1.6909822218097714, -0.10957170278243877, -2.872624019246932]",39.72669982910156,0.9628354907035828,0.9628354907035828,39.72669982910156,0.0,2.7999999999999132,2.2999999999999683,3.799999999999803,115,0.11107786814759046,10.658425198301,0.6983909999835305,,0.0,0.0030823856086185327,0.9814301725581648,2.3888446266508065,traces/adaptive_0110.npz
110,fixed_high,small,static,converged,True,"[-2.3307731813961374, 0.4687346728668653, -0.07349853103881188, -1.6909822218097714, -0.10957170278243877, -2.872624019246932]",39.72669982910156,0.9417122602462769,0.9417122602462769,39.72669982910156,0.0,1.9660000000000015,1.466000000000001,2.965999999999895,90,0.11159657709843451,10.658425198301,0.5752860000065994,,0.0,0.005850782738482998,2.4,2.4,traces/fixed_high_0110.npz
111,fixed,medium,static,initial_out_of_view,False,"[-6.4797711994940155, 4.476898236992259, 8.895348049570874, 0.21878274359692185, -0.10830700712589092, 5.573083425581402]",,,,,,0.0,,0.0,1,0.0,9.743007626953489,0.0028472999983932823,,,,1.2,1.2,traces/fixed_0111.npz
111,adaptive,medium,static,initial_out_of_view,False,"[-6.4797711994940155, 4.476898236992259, 8.895348049570874, 0.21878274359692185, -0.10830700712589092, 5.573083425581402]",,,,,,0.0,,0.0,1,0.0,9.743007626953489,0.0029235999973025173,,,,0.8,0.8,traces/adaptive_0111.npz
111,fixed_high,medium,static,initial_out_of_view,False,"[-6.4797711994940155, 4.476898236992259, 8.895348049570874, 0.21878274359692185, -0.10830700712589092, 5.573083425581402]",,,,,,0.0,,0.0,1,0.0,9.743007626953489,0.0037683999980799854,,,,2.4,2.4,traces/fixed_high_0111.npz
112,fixed,small,static,converged,True,"[0.7432802729685788, 0.6151306293586662, -1.0235709545321585, 2.4595373373215894, -1.718977762986883, 2.201031863437371]",27.411720275878906,0.9880030751228333,0.9880030751228333,27.411720275878906,0.0,3.3319999999998546,2.8319999999999097,4.331999999999745,131,0.06004888452553862,10.76551589596748,0.8186620999767911,,0.0,0.004198850252142895,1.2,1.2,traces/fixed_0112.npz
112,adaptive,small,static,converged,True,"[0.7432802729685788, 0.6151306293586662, -1.0235709545321585, 2.4595373373215894, -1.718977762986883, 2.201031863437371]",27.411720275878906,0.9833046793937683,0.9833046793937683,27.411720275878906,0.0,2.7319999999999207,2.231999999999976,3.7319999999998106,113,0.10745900937455237,10.76551589596748,0.6912094999861438,,0.0,0.00433570798522105,0.9850551625303127,2.3479973894256325,traces/adaptive_0112.npz
112,fixed_high,small,static,converged,True,"[0.7432802729685788, 0.6151306293586662, -1.0235709545321585, 2.4595373373215894, -1.718977762986883, 2.201031863437371]",27.411720275878906,0.9645119309425354,0.9645119309425354,27.411720275878906,0.0,1.9000000000000015,1.400000000000001,2.899999999999902,88,0.11186643177449572,10.76551589596748,0.5337480000162032,,0.0,0.00849138891508897,2.4,2.4,traces/fixed_high_0112.npz
113,fixed,medium,static,converged,True,"[0.32600360456969923, -0.5800307084211074, -3.263831005893893, -6.7720941872771006, 6.499263524362574, 6.636056417862672]",53.209999084472656,0.977003276348114,0.977003276348114,53.209999084472656,0.0,4.031999999999778,3.5319999999998326,5.031999999999668,152,0.1409593563775694,11.39613851163641,0.9527663999760989,,0.0,0.005996698435896408,1.2,1.2,traces/fixed_0113.npz
113,adaptive,medium,static,converged,True,"[0.32600360456969923, -0.5800307084211074, -3.263831005893893, -6.7720941872771006, 6.499263524362574, 6.636056417862672]",53.209999084472656,0.9958947896957397,0.9958947896957397,53.209999084472656,0.0,3.09999999999988,2.5999999999999353,4.0999999999997705,124,0.28167581049930723,11.39613851163641,0.8376826999883633,,0.0,0.006087069341581545,0.9856997895261999,2.3979321506958584,traces/adaptive_0113.npz
113,fixed_high,medium,static,converged,True,"[0.32600360456969923, -0.5800307084211074, -3.263831005893893, -6.7720941872771006, 6.499263524362574, 6.636056417862672]",53.209999084472656,0.9514046311378479,0.9514046311378479,53.209999084472656,0.0,2.231999999999976,1.7320000000000013,3.2319999999998656,98,0.2819187127551388,11.39613851163641,0.6323498999990989,,0.0,0.011726672956927028,2.4,2.4,traces/fixed_high_0113.npz
114,fixed,large,static,initial_out_of_view,False,"[9.33099295327668, -12.569459991355126, -14.269119294732214, 12.657750058823169, 8.74418127857125, 28.247657622770575]",,,,,,0.0,,0.0,1,0.0,13.47144050193675,0.002425600017886609,,,,1.2,1.2,traces/fixed_0114.npz
114,adaptive,large,static,initial_out_of_view,False,"[9.33099295327668, -12.569459991355126, -14.269119294732214, 12.657750058823169, 8.74418127857125, 28.247657622770575]",,,,,,0.0,,0.0,1,0.0,13.47144050193675,0.00221210002200678,,,,0.8,0.8,traces/adaptive_0114.npz
114,fixed_high,large,static,initial_out_of_view,False,"[9.33099295327668, -12.569459991355126, -14.269119294732214, 12.657750058823169, 8.74418127857125, 28.247657622770575]",,,,,,0.0,,0.0,1,0.0,13.47144050193675,0.003280000004451722,,,,2.4,2.4,traces/fixed_high_0114.npz
115,fixed,small,static,converged,True,"[1.1126173222322908, 2.085725249266652, 3.1078903927641433, -1.4419103787969663, 0.30047741079409773, 2.0479786377212843]",104.96031951904297,0.9818360209465027,0.9818360209465027,104.96031951904297,0.0,4.331999999999745,3.8319999999997996,5.331999999999635,161,0.10835039615183106,10.643669499569338,1.0519297999853734,,0.0,0.002307081957509731,1.2,1.2,traces/fixed_0115.npz
115,adaptive,small,static,converged,True,"[1.1126173222322908, 2.085725249266652, 3.1078903927641433, -1.4419103787969663, 0.30047741079409773, 2.0479786377212843]",104.96031951904297,0.9958472847938538,0.9958472847938538,104.96031951904297,0.0,3.165999999999873,2.665999999999928,4.165999999999763,126,0.16703866376495208,10.643788264580051,0.8086976000049617,,0.0,0.002417905296498154,0.986935430919768,2.399996792553096,traces/adaptive_0115.npz
115,fixed_high,small,static,converged,True,"[1.1126173222322908, 2.085725249266652, 3.1078903927641433, -1.4419103787969663, 0.30047741079409773, 2.0479786377212843]",104.96031951904297,0.9877078533172607,0.9877078533172607,104.96031951904297,0.0,2.365999999999961,1.8660000000000014,3.365999999999851,102,0.16703866376495208,10.643725054953766,0.6365947000158485,,0.0,0.005238705239887046,2.4,2.4,traces/fixed_high_0115.npz
116,fixed,large,static,initial_out_of_view,False,"[5.0078992679781145, 0.09988169998300478, -23.729274646014254, -12.767291404376802, -6.583745035102041, 2.2403274217979785]",,,,,,0.0,,0.0,1,0.0,14.69587228444442,0.002436800015857443,,,,1.2,1.2,traces/fixed_0116.npz
116,adaptive,large,static,initial_out_of_view,False,"[5.0078992679781145, 0.09988169998300478, -23.729274646014254, -12.767291404376802, -6.583745035102041, 2.2403274217979785]",,,,,,0.0,,0.0,1,0.0,14.69587228444442,0.0021801999828312546,,,,0.8,0.8,traces/adaptive_0116.npz
116,fixed_high,large,static,initial_out_of_view,False,"[5.0078992679781145, 0.09988169998300478, -23.729274646014254, -12.767291404376802, -6.583745035102041, 2.2403274217979785]",,,,,,0.0,,0.0,1,0.0,14.69587228444442,0.001736000005621463,,,,2.4,2.4,traces/fixed_high_0116.npz
117,fixed,large,static,initial_out_of_view,False,"[3.748690798737549, 0.2050614379978697, 23.75356289246229, 15.372097825633006, 2.731682900900587, 17.069656644228353]",,,,,,0.0,,0.0,1,0.0,10.516560144621133,0.0023782000062055886,,,,1.2,1.2,traces/fixed_0117.npz
117,adaptive,large,static,initial_out_of_view,False,"[3.748690798737549, 0.2050614379978697, 23.75356289246229, 15.372097825633006, 2.731682900900587, 17.069656644228353]",,,,,,0.0,,0.0,1,0.0,10.516560144621133,0.004410200024722144,,,,0.8,0.8,traces/adaptive_0117.npz
117,fixed_high,large,static,initial_out_of_view,False,"[3.748690798737549, 0.2050614379978697, 23.75356289246229, 15.372097825633006, 2.731682900900587, 17.069656644228353]",,,,,,0.0,,0.0,1,0.0,10.516560144621133,0.002905000001192093,,,,2.4,2.4,traces/fixed_high_0117.npz
118,fixed,small,static,converged,True,"[0.7242184556297468, -0.7427529786358225, -2.2819664413209555, 1.9030590426546574, -2.851378927319136, 3.3460314357578023]",91.26128387451172,0.9668840169906616,0.9668840169906616,91.26128387451172,0.0,4.365999999999741,3.865999999999796,5.365999999999631,162,0.12287103730358835,10.907945867334542,1.0403555000084452,,0.0,0.00320736340618881,1.2,1.2,traces/fixed_0118.npz
118,adaptive,small,static,converged,True,"[0.7242184556297468, -0.7427529786358225, -2.2819664413209555, 1.9030590426546574, -2.851378927319136, 3.3460314357578023]",91.26128387451172,0.9718955159187317,0.9718955159187317,91.26128387451172,0.0,3.265999999999862,2.765999999999917,4.265999999999752,129,0.24574025446953457,10.908457199155015,0.8280062999983784,,0.0,0.0032235475468156568,0.9830358078773789,2.399982223921771,traces/adaptive_0118.npz
118,fixed_high,small,static,converged,True,"[0.7242184556297468, -0.7427529786358225, -2.2819664413209555, 1.9030590426546574, -2.851378927319136, 3.3460314357578023]",91.26128387451172,0.9106849431991577,0.9106849431991577,91.26128387451172,0.0,2.3999999999999573,1.9000000000000015,3.399999999999847,103,0.2457420746071767,10.908457206849237,0.6463746000081301,,0.0,0.006840816917502358,2.4,2.4,traces/fixed_high_0118.npz
119,fixed,large,static,initial_out_of_view,False,"[6.131773654842451, 8.145784129101585, -12.324260674930015, 13.875212860751105, 16.727561382837095, -19.256969430055115]",,,,,,0.0,,0.0,1,0.0,15.338412243257007,0.0030510000069625676,,,,1.2,1.2,traces/fixed_0119.npz
119,adaptive,large,static,initial_out_of_view,False,"[6.131773654842451, 8.145784129101585, -12.324260674930015, 13.875212860751105, 16.727561382837095, -19.256969430055115]",,,,,,0.0,,0.0,1,0.0,15.338412243257007,0.002479299990227446,,,,0.8,0.8,traces/adaptive_0119.npz
119,fixed_high,large,static,initial_out_of_view,False,"[6.131773654842451, 8.145784129101585, -12.324260674930015, 13.875212860751105, 16.727561382837095, -19.256969430055115]",,,,,,0.0,,0.0,1,0.0,15.338412243257007,0.0033189000096172094,,,,2.4,2.4,traces/fixed_high_0119.npz
120,fixed,large,static,initial_out_of_view,False,"[-2.1614096191718506, -0.5212091566605075, 22.52322467931107, 20.325120573970104, 11.795658658137036, 10.760660415433328]",,,,,,0.0,,0.0,1,0.0,12.955710109989425,0.0028649000159930438,,,,1.2,1.2,traces/fixed_0120.npz
120,adaptive,large,static,initial_out_of_view,False,"[-2.1614096191718506, -0.5212091566605075, 22.52322467931107, 20.325120573970104, 11.795658658137036, 10.760660415433328]",,,,,,0.0,,0.0,1,0.0,12.955710109989425,0.002206000004662201,,,,0.8,0.8,traces/adaptive_0120.npz
120,fixed_high,large,static,initial_out_of_view,False,"[-2.1614096191718506, -0.5212091566605075, 22.52322467931107, 20.325120573970104, 11.795658658137036, 10.760660415433328]",,,,,,0.0,,0.0,1,0.0,12.955710109989425,0.002986200008308515,,,,2.4,2.4,traces/fixed_high_0120.npz
121,fixed,large,static,initial_out_of_view,False,"[-16.883440496799768, -4.872994896593269, -18.30843637280271, -12.428830805656602, -9.135618800940174, -22.609439672606584]",,,,,,0.0,,0.0,1,0.0,13.45873620333558,0.002008500014198944,,,,1.2,1.2,traces/fixed_0121.npz
121,adaptive,large,static,initial_out_of_view,False,"[-16.883440496799768, -4.872994896593269, -18.30843637280271, -12.428830805656602, -9.135618800940174, -22.609439672606584]",,,,,,0.0,,0.0,1,0.0,13.45873620333558,0.0021354999917093664,,,,0.8,0.8,traces/adaptive_0121.npz
121,fixed_high,large,static,initial_out_of_view,False,"[-16.883440496799768, -4.872994896593269, -18.30843637280271, -12.428830805656602, -9.135618800940174, -22.609439672606584]",,,,,,0.0,,0.0,1,0.0,13.45873620333558,0.002005299989832565,,,,2.4,2.4,traces/fixed_high_0121.npz
122,fixed,medium,static,converged,True,"[-5.401231541788867, 1.027272851047421, 7.83916454556563, 3.3675730949560627, -6.649526134369124, 6.837598906765933]",157.72198486328125,0.9876469969749451,0.9876469969749451,157.72198486328125,0.0,4.765999999999697,4.265999999999752,5.765999999999587,174,0.22759525051760277,10.639869363309385,1.1505598000076134,,0.0,0.002730884790855767,1.2,1.2,traces/fixed_0122.npz
122,adaptive,medium,static,converged,True,"[-5.401231541788867, 1.027272851047421, 7.83916454556563, 3.3675730949560627, -6.649526134369124, 6.837598906765933]",157.72198486328125,0.9780625700950623,0.9780625700950623,157.72198486328125,0.0,3.6319999999998216,3.1319999999998767,4.631999999999712,140,0.22759525051760257,10.6399324383102,0.8883452999871224,,0.0,0.002861696703420363,0.9841276988137612,2.3999999956157367,traces/adaptive_0122.npz
122,fixed_high,medium,static,converged,True,"[-5.401231541788867, 1.027272851047421, 7.83916454556563, 3.3675730949560627, -6.649526134369124, 6.837598906765933]",157.72198486328125,0.9667657017707825,0.9667657017707825,157.72198486328125,0.0,2.765999999999917,2.265999999999972,3.765999999999807,114,0.22759525051760277,10.639896992162928,0.7701299999898765,,0.0,0.005841484731195187,2.4,2.4,traces/fixed_high_0122.npz
123,fixed,large,static,initial_out_of_view,False,"[11.352722621740998, -0.928445119649826, 23.290806517079936, 9.822945240934956, 15.869055605880362, 18.385451153756662]",,,,,,0.0,,0.0,1,0.0,13.779362167242075,0.0028802000160794705,,,,1.2,1.2,traces/fixed_0123.npz
123,adaptive,large,static,initial_out_of_view,False,"[11.352722621740998, -0.928445119649826, 23.290806517079936, 9.822945240934956, 15.869055605880362, 18.385451153756662]",,,,,,0.0,,0.0,1,0.0,13.779362167242075,0.0027606000076048076,,,,0.8,0.8,traces/adaptive_0123.npz
123,fixed_high,large,static,initial_out_of_view,False,"[11.352722621740998, -0.928445119649826, 23.290806517079936, 9.822945240934956, 15.869055605880362, 18.385451153756662]",,,,,,0.0,,0.0,1,0.0,13.779362167242075,0.002800400019623339,,,,2.4,2.4,traces/fixed_high_0123.npz
124,fixed,small,static,converged,True,"[0.8213030579425569, -0.8035958293741841, 0.6263045770969482, 3.3850551658298924, -2.3492908594517985, -3.387003929826749]",34.82852554321289,0.9620283842086792,0.9620283842086792,34.82852554321289,0.0,3.6319999999998216,3.1319999999998767,4.631999999999712,140,0.06693881815964124,10.642883052789337,0.8860072000243235,,0.0,0.0037458709525372853,1.2,1.2,traces/fixed_0124.npz
124,adaptive,small,static,converged,True,"[0.8213030579425569, -0.8035958293741841, 0.6263045770969482, 3.3850551658298924, -2.3492908594517985, -3.387003929826749]",34.82852554321289,0.9792873859405518,0.9792873859405518,34.82852554321289,0.0,2.9319999999998987,2.4319999999999538,3.9319999999997886,119,0.13272978062109253,10.64285870453545,0.7594451000040863,,0.0,0.0039019345384810502,0.9843444558097814,2.379422599984614,traces/adaptive_0124.npz
124,fixed_high,small,static,converged,True,"[0.8213030579425569, -0.8035958293741841, 0.6263045770969482, 3.3850551658298924, -2.3492908594517985, -3.387003929826749]",34.82852554321289,0.947745680809021,0.947745680809021,34.82852554321289,0.0,2.031999999999998,1.5320000000000011,3.0319999999998877,92,0.13387763631928248,10.642987874642756,0.5700913000036962,,0.0,0.007642073540065083,2.4,2.4,traces/fixed_high_0124.npz
125,fixed,small,static,converged,True,"[-2.6431562661632375, 1.2996090939231966, -2.7225364391140126, -0.4964657594253872, 1.9183289904544845, -1.0200363135929997]",54.88029098510742,0.9750921130180359,0.9750921130180359,54.88029098510742,0.0,3.865999999999796,3.365999999999851,4.865999999999686,147,0.056397022784639775,10.976824351341216,0.9077425000141375,,0.0,0.0037294284698180377,1.2,1.2,traces/fixed_0125.npz
125,adaptive,small,static,converged,True,"[-2.6431562661632375, 1.2996090939231966, -2.7225364391140126, -0.4964657594253872, 1.9183289904544845, -1.0200363135929997]",54.88029098510742,0.9783348441123962,0.9783348441123962,54.88029098510742,0.0,2.999999999999891,2.4999999999999463,3.999999999999781,121,0.11271517426070397,10.976824351341216,0.7877142000070307,,0.0,0.0038429996273544554,0.9841758865468776,2.3983217984635075,traces/adaptive_0125.npz
125,fixed_high,small,static,converged,True,"[-2.6431562661632375, 1.2996090939231966, -2.7225364391140126, -0.4964657594253872, 1.9183289904544845, -1.0200363135929997]",54.88029098510742,0.9709003567695618,0.9709003567695618,54.88029098510742,0.0,2.131999999999987,1.6320000000000012,3.1319999999998767,95,0.11279404556927955,10.976824351341216,0.5845218999893405,,0.0,0.00792127415634248,2.4,2.4,traces/fixed_high_0125.npz
126,fixed,large,static,initial_out_of_view,False,"[-9.822368847874229, 0.5207922696877993, -18.665985922141193, -5.282245867181807, 14.767564696262568, 8.792646917537375]",,,,,,0.0,,0.0,1,0.0,14.222308729600485,0.0035285000049043447,,,,1.2,1.2,traces/fixed_0126.npz
126,adaptive,large,static,initial_out_of_view,False,"[-9.822368847874229, 0.5207922696877993, -18.665985922141193, -5.282245867181807, 14.767564696262568, 8.792646917537375]",,,,,,0.0,,0.0,1,0.0,14.222308729600485,0.0021772999898530543,,,,0.8,0.8,traces/adaptive_0126.npz
126,fixed_high,large,static,initial_out_of_view,False,"[-9.822368847874229, 0.5207922696877993, -18.665985922141193, -5.282245867181807, 14.767564696262568, 8.792646917537375]",,,,,,0.0,,0.0,1,0.0,14.222308729600485,0.0018387000018265098,,,,2.4,2.4,traces/fixed_high_0126.npz
127,fixed,small,static,converged,True,"[1.3331240378584708, 0.15150966387656872, 0.2931135587680398, -1.108334351210198, -2.601456350929049, -1.108853724021519]",43.789573669433594,0.9980005621910095,0.9980005621910095,43.789573669433594,0.0,3.7319999999998106,3.2319999999998656,4.731999999999701,143,0.06260263389286815,10.64413366803478,0.9049317999742925,,0.0,0.0024543670899348693,1.2,1.2,traces/fixed_0127.npz
127,adaptive,small,static,converged,True,"[1.3331240378584708, 0.15150966387656872, 0.2931135587680398, -1.108334351210198, -2.601456350929049, -1.108853724021519]",43.789573669433594,0.9786429405212402,0.9786429405212402,43.789573669433594,0.0,2.965999999999895,2.46599999999995,3.965999999999785,120,0.12485505254136421,10.644145614170325,0.7590825999795925,,0.0,0.0024679985149130843,0.9842304168347518,2.393286891187906,traces/adaptive_0127.npz
127,fixed_high,small,static,converged,True,"[1.3331240378584708, 0.15150966387656872, 0.2931135587680398, -1.108334351210198, -2.601456350929049, -1.108853724021519]",43.789573669433594,0.9291936159133911,0.9291936159133911,43.789573669433594,0.0,2.0999999999999903,1.6000000000000012,3.09999999999988,94,0.1252052677857363,10.644327419763822,0.6002567999821622,,0.0,0.0048176067633280365,2.4,2.4,traces/fixed_high_0127.npz
128,fixed,medium,static,initial_out_of_view,False,"[6.652588232472988, 4.0354509562351755, 8.69359511225396, 9.203393962633449, -5.2004247883303805, 2.206775643925157]",,,,,,0.0,,0.0,1,0.0,9.841199937419757,0.0028873999835923314,,,,1.2,1.2,traces/fixed_0128.npz
128,adaptive,medium,static,initial_out_of_view,False,"[6.652588232472988, 4.0354509562351755, 8.69359511225396, 9.203393962633449, -5.2004247883303805, 2.206775643925157]",,,,,,0.0,,0.0,1,0.0,9.841199937419757,0.0030223999929148704,,,,0.8,0.8,traces/adaptive_0128.npz
128,fixed_high,medium,static,initial_out_of_view,False,"[6.652588232472988, 4.0354509562351755, 8.69359511225396, 9.203393962633449, -5.2004247883303805, 2.206775643925157]",,,,,,0.0,,0.0,1,0.0,9.841199937419757,0.0029522999830078334,,,,2.4,2.4,traces/fixed_high_0128.npz
129,fixed,small,static,converged,True,"[-2.1071566387690837, 0.2771677929419214, 0.23742560479688546, 2.95621421066969, 1.4467841842199487, 0.8133085878162056]",73.13218688964844,0.9786071181297302,0.9786071181297302,73.13218688964844,0.0,4.165999999999763,3.665999999999818,5.165999999999653,156,0.05450938640818728,10.672362230619964,0.9622753000003286,,0.0,0.0022631256491279397,1.2,1.2,traces/fixed_0129.npz
129,adaptive,small,static,converged,True,"[-2.1071566387690837, 0.2771677929419214, 0.23742560479688546, 2.95621421066969, 1.4467841842199487, 0.8133085878162056]",73.13218688964844,0.9837375283241272,0.9837375283241272,73.13218688964844,0.0,3.165999999999873,2.665999999999928,4.165999999999763,126,0.11957486690110283,10.674699784819722,0.7827041000127792,,0.0,0.002448386842755748,0.9851317274547982,2.3998286015311496,traces/adaptive_0129.npz
129,fixed_high,small,static,converged,True,"[-2.1071566387690837, 0.2771677929419214, 0.23742560479688546, 2.95621421066969, 1.4467841842199487, 0.8133085878162056]",73.13218688964844,0.9475499987602234,0.9475499987602234,73.13218688964844,0.0,2.2999999999999683,1.8000000000000014,3.299999999999858,100,0.11965551316822376,10.674722282677847,0.6087422000127845,,0.0,0.004859010815162157,2.4,2.4,traces/fixed_high_0129.npz
130,fixed,small,static,converged,True,"[1.201795071970662, 1.64102911745867, -3.138962878775618, -3.376349134211929, 2.4779200014841445, -0.9098537170249257]",54.04005432128906,0.9737438559532166,0.9737438559532166,54.04005432128906,0.0,3.899999999999792,3.399999999999847,4.899999999999682,148,0.06701009533501026,11.061465522710863,0.951247399993008,,0.0,0.003317139556436115,1.2,1.2,traces/fixed_0130.npz
130,adaptive,small,static,converged,True,"[1.201795071970662, 1.64102911745867, -3.138962878775618, -3.376349134211929, 2.4779200014841445, -0.9098537170249257]",54.04005432128906,0.9700210094451904,0.9700210094451904,54.04005432128906,0.0,3.0319999999998877,2.5319999999999427,4.031999999999778,122,0.13391609878114133,11.061465522710863,0.7381951999850571,,0.0,0.0035677855472522196,0.9827037576752963,2.3981359485308777,traces/adaptive_0130.npz
130,fixed_high,small,static,converged,True,"[1.201795071970662, 1.64102911745867, -3.138962878775618, -3.376349134211929, 2.4779200014841445, -0.9098537170249257]",54.04005432128906,0.9578077793121338,0.9578077793121338,54.04005432128906,0.0,2.165999999999983,1.6660000000000013,3.165999999999873,96,0.13402019067002052,11.061465522710863,0.5760119000042323,,0.0,0.0069533139077823025,2.4,2.4,traces/fixed_high_0130.npz
131,fixed,medium,static,initial_out_of_view,False,"[-1.2049147373126576, -5.776668319116228, 1.7945779407892655, -3.3548240231042694, -7.3269438043709325, 3.0384009092553725]",,,,,,0.0,,0.0,1,0.0,10.424075779836798,0.0024858000106178224,,,,1.2,1.2,traces/fixed_0131.npz
131,adaptive,medium,static,initial_out_of_view,False,"[-1.2049147373126576, -5.776668319116228, 1.7945779407892655, -3.3548240231042694, -7.3269438043709325, 3.0384009092553725]",,,,,,0.0,,0.0,1,0.0,10.424075779836798,0.002967100008390844,,,,0.8,0.8,traces/adaptive_0131.npz
131,fixed_high,medium,static,initial_out_of_view,False,"[-1.2049147373126576, -5.776668319116228, 1.7945779407892655, -3.3548240231042694, -7.3269438043709325, 3.0384009092553725]",,,,,,0.0,,0.0,1,0.0,10.424075779836798,0.002464799996232614,,,,2.4,2.4,traces/fixed_high_0131.npz
132,fixed,small,static,converged,True,"[-2.5538462827930655, -1.8931628377977399, -1.9299059104958634, 1.9311102631492112, 0.6115879507123285, -2.0446169181305356]",97.96627807617188,0.9460691213607788,0.9460691213607788,97.96627807617188,0.0,4.365999999999741,3.865999999999796,5.365999999999631,162,0.07520966154034787,10.883340266920898,0.9977705999917816,,0.0,0.0022468821088856197,1.2,1.2,traces/fixed_0132.npz
132,adaptive,small,static,converged,True,"[-2.5538462827930655, -1.8931628377977399, -1.9299059104958634, 1.9311102631492112, 0.6115879507123285, -2.0446169181305356]",97.96627807617188,0.9772500395774841,0.9772500395774841,97.96627807617188,0.0,3.2319999999998656,2.7319999999999207,4.231999999999756,128,0.13206236037738003,10.884197632686075,0.8208299000107218,,0.0,0.0024806799007369407,0.9839838799481516,2.3999923114703403,traces/adaptive_0132.npz
132,fixed_high,small,static,converged,True,"[-2.5538462827930655, -1.8931628377977399, -1.9299059104958634, 1.9311102631492112, 0.6115879507123285, -2.0446169181305356]",97.96627807617188,0.8582679033279419,0.8582679033279419,97.96627807617188,0.0,2.3999999999999573,1.9000000000000015,3.399999999999847,103,0.1320623603773802,10.884197632686075,0.654848200007109,,0.0,0.004512188169367683,2.4,2.4,traces/fixed_high_0132.npz
133,fixed,small,static,converged,True,"[-2.5305975037018476, -2.6679506796484485, 2.756832581734507, 3.4276284170637323, -1.487841324220772, 0.7757867244218595]",84.97461700439453,0.9790807962417603,0.9790807962417603,84.97461700439453,0.0,4.265999999999752,3.765999999999807,5.265999999999642,159,0.08640511814255722,10.642058294993488,1.029358100000536,,0.0,0.0021950565243167293,1.2,1.2,traces/fixed_0133.npz
133,adaptive,small,static,converged,True,"[-2.5305975037018476, -2.6679506796484485, 2.756832581734507, 3.4276284170637323, -1.487841324220772, 0.7757867244218595]",84.97461700439453,0.981783390045166,0.981783390045166,84.97461700439453,0.0,3.199999999999869,2.6999999999999242,4.1999999999997595,127,0.17280742776583605,10.641969899011913,0.8464259000029415,,0.0,0.002432436531411403,0.9847860769169018,2.3999609950983656,traces/adaptive_0133.npz
133,fixed_high,small,static,converged,True,"[-2.5305975037018476, -2.6679506796484485, 2.756832581734507, 3.4276284170637323, -1.487841324220772, 0.7757867244218595]",84.97461700439453,0.9659690260887146,0.9659690260887146,84.97461700439453,0.0,2.3319999999999648,1.8320000000000014,3.3319999999998546,101,0.17281023628511444,10.641956532467765,0.6629651999974158,,0.0,0.0047868905987846705,2.4,2.4,traces/fixed_high_0133.npz
134,fixed,large,static,initial_out_of_view,False,"[-13.909797444668293, 5.040134472298462, -12.117886027315205, 17.734117667583213, -14.617045150028352, -10.586765334437285]",,,,,,0.0,,0.0,1,0.0,12.317406657154912,0.002897099999245256,,,,1.2,1.2,traces/fixed_0134.npz
134,adaptive,large,static,initial_out_of_view,False,"[-13.909797444668293, 5.040134472298462, -12.117886027315205, 17.734117667583213, -14.617045150028352, -10.586765334437285]",,,,,,0.0,,0.0,1,0.0,12.317406657154912,0.0022237000230234116,,,,0.8,0.8,traces/adaptive_0134.npz
134,fixed_high,large,static,initial_out_of_view,False,"[-13.909797444668293, 5.040134472298462, -12.117886027315205, 17.734117667583213, -14.617045150028352, -10.586765334437285]",,,,,,0.0,,0.0,1,0.0,12.317406657154912,0.0024428000033367425,,,,2.4,2.4,traces/fixed_high_0134.npz
135,fixed,medium,static,converged,True,"[7.921082011292176, -3.028045015813234, 9.914061973572885, -2.2478841432867256, -5.148952969965983, -2.571643746412523]",183.00555419921875,0.9836642742156982,0.9836642742156982,183.00555419921875,0.0,4.931999999999679,4.431999999999734,5.931999999999569,179,0.2126203859918538,10.641858090369595,1.1896705999970436,,0.0,0.002190202726659852,1.2,1.2,traces/fixed_0135.npz
135,adaptive,medium,static,converged,True,"[7.921082011292176, -3.028045015813234, 9.914061973572885, -2.2478841432867256, -5.148952969965983, -2.571643746412523]",183.00555419921875,0.9810110330581665,0.9810110330581665,183.00555419921875,0.0,3.765999999999807,3.265999999999862,4.765999999999697,144,0.21764136032955697,10.64191649782555,0.9477672000066377,,0.0,0.0022003764967879398,0.984649432995121,2.399999999814077,traces/adaptive_0135.npz
135,fixed_high,medium,static,converged,True,"[7.921082011292176, -3.028045015813234, 9.914061973572885, -2.2478841432867256, -5.148952969965983, -2.571643746412523]",183.00555419921875,0.9713810682296753,0.9713810682296753,183.00555419921875,0.0,2.899999999999902,2.3999999999999573,3.899999999999792,118,0.21764136032955678,10.642062633632152,0.7406597000081092,,0.0,0.004291996101045393,2.4,2.4,traces/fixed_high_0135.npz
136,fixed,large,static,initial_out_of_view,False,"[12.225173769326737, 3.729062702725269, -6.819374345263796, 5.639393344878876, -12.474544526452773, 27.945311484429027]",,,,,,0.0,,0.0,1,0.0,11.464177166094423,0.002543500013416633,,,,1.2,1.2,traces/fixed_0136.npz
136,adaptive,large,static,initial_out_of_view,False,"[12.225173769326737, 3.729062702725269, -6.819374345263796, 5.639393344878876, -12.474544526452773, 27.945311484429027]",,,,,,0.0,,0.0,1,0.0,11.464177166094423,0.0028808999923057854,,,,0.8,0.8,traces/adaptive_0136.npz
136,fixed_high,large,static,initial_out_of_view,False,"[12.225173769326737, 3.729062702725269, -6.819374345263796, 5.639393344878876, -12.474544526452773, 27.945311484429027]",,,,,,0.0,,0.0,1,0.0,11.464177166094423,0.0024344999983441085,,,,2.4,2.4,traces/fixed_high_0136.npz
137,fixed,large,static,initial_out_of_view,False,"[-8.94745686314526, -7.77417004314629, 8.74156128973371, -28.784684768803242, -14.35967663088009, 27.055553279581666]",,,,,,0.0,,0.0,1,0.0,9.937578670098933,0.0019385000050533563,,,,1.2,1.2,traces/fixed_0137.npz
137,adaptive,large,static,initial_out_of_view,False,"[-8.94745686314526, -7.77417004314629, 8.74156128973371, -28.784684768803242, -14.35967663088009, 27.055553279581666]",,,,,,0.0,,0.0,1,0.0,9.937578670098933,0.0020029000006616116,,,,0.8,0.8,traces/adaptive_0137.npz
137,fixed_high,large,static,initial_out_of_view,False,"[-8.94745686314526, -7.77417004314629, 8.74156128973371, -28.784684768803242, -14.35967663088009, 27.055553279581666]",,,,,,0.0,,0.0,1,0.0,9.937578670098933,0.0037626999837812036,,,,2.4,2.4,traces/fixed_high_0137.npz
138,fixed,large,static,initial_out_of_view,False,"[16.736361191196742, -11.004299578003632, 17.424966590579558, 0.37721902045062095, -13.754120344870662, -25.849415957021996]",,,,,,0.0,,0.0,1,0.0,9.019413732040226,0.002529399993363768,,,,1.2,1.2,traces/fixed_0138.npz
138,adaptive,large,static,initial_out_of_view,False,"[16.736361191196742, -11.004299578003632, 17.424966590579558, 0.37721902045062095, -13.754120344870662, -25.849415957021996]",,,,,,0.0,,0.0,1,0.0,9.019413732040226,0.0022646000143140554,,,,0.8,0.8,traces/adaptive_0138.npz
138,fixed_high,large,static,initial_out_of_view,False,"[16.736361191196742, -11.004299578003632, 17.424966590579558, 0.37721902045062095, -13.754120344870662, -25.849415957021996]",,,,,,0.0,,0.0,1,0.0,9.019413732040226,0.003057900001294911,,,,2.4,2.4,traces/fixed_high_0138.npz
139,fixed,medium,static,initial_out_of_view,False,"[-4.421699242625719, -0.2707063982953084, 9.503663694942478, -11.761275025322176, 7.392339752693898, 11.145233259395741]",,,,,,0.0,,0.0,1,0.0,11.373855703415302,0.002304800000274554,,,,1.2,1.2,traces/fixed_0139.npz
139,adaptive,medium,static,initial_out_of_view,False,"[-4.421699242625719, -0.2707063982953084, 9.503663694942478, -11.761275025322176, 7.392339752693898, 11.145233259395741]",,,,,,0.0,,0.0,1,0.0,11.373855703415302,0.0028769999917130917,,,,0.8,0.8,traces/adaptive_0139.npz
139,fixed_high,medium,static,initial_out_of_view,False,"[-4.421699242625719, -0.2707063982953084, 9.503663694942478, -11.761275025322176, 7.392339752693898, 11.145233259395741]",,,,,,0.0,,0.0,1,0.0,11.373855703415302,0.0032890000147745013,,,,2.4,2.4,traces/fixed_high_0139.npz
140,fixed,medium,static,initial_out_of_view,False,"[-2.7629633478681015, 2.6367585598441963, 9.704413370407242, 4.084583018902549, 3.5878522410626648, 11.495341935898018]",,,,,,0.0,,0.0,1,0.0,10.132218308791463,0.0029904000111855567,,,,1.2,1.2,traces/fixed_0140.npz
140,adaptive,medium,static,initial_out_of_view,False,"[-2.7629633478681015, 2.6367585598441963, 9.704413370407242, 4.084583018902549, 3.5878522410626648, 11.495341935898018]",,,,,,0.0,,0.0,1,0.0,10.132218308791463,0.0026335000002291054,,,,0.8,0.8,traces/adaptive_0140.npz
140,fixed_high,medium,static,initial_out_of_view,False,"[-2.7629633478681015, 2.6367585598441963, 9.704413370407242, 4.084583018902549, 3.5878522410626648, 11.495341935898018]",,,,,,0.0,,0.0,1,0.0,10.132218308791463,0.0033493000082671642,,,,2.4,2.4,traces/fixed_high_0140.npz
141,fixed,large,static,initial_out_of_view,False,"[-6.033988514414615, 5.1247637875961765, 18.83488945875228, -6.256793849967799, 4.112265901285678, 6.232470448050741]",,,,,,0.0,,0.0,1,0.0,10.176671431789655,0.0037754000222776085,,,,1.2,1.2,traces/fixed_0141.npz
141,adaptive,large,static,initial_out_of_view,False,"[-6.033988514414615, 5.1247637875961765, 18.83488945875228, -6.256793849967799, 4.112265901285678, 6.232470448050741]",,,,,,0.0,,0.0,1,0.0,10.176671431789655,0.002514099993277341,,,,0.8,0.8,traces/adaptive_0141.npz
141,fixed_high,large,static,initial_out_of_view,False,"[-6.033988514414615, 5.1247637875961765, 18.83488945875228, -6.256793849967799, 4.112265901285678, 6.232470448050741]",,,,,,0.0,,0.0,1,0.0,10.176671431789655,0.0036549000069499016,,,,2.4,2.4,traces/fixed_high_0141.npz
142,fixed,medium,static,initial_out_of_view,False,"[6.652220456962169, -6.228744665876716, -6.327796008242572, -8.8279499551399, -2.3995616976373775, 9.101469950962482]",,,,,,0.0,,0.0,1,0.0,11.515206537933741,0.0018172000127378851,,,,1.2,1.2,traces/fixed_0142.npz
142,adaptive,medium,static,initial_out_of_view,False,"[6.652220456962169, -6.228744665876716, -6.327796008242572, -8.8279499551399, -2.3995616976373775, 9.101469950962482]",,,,,,0.0,,0.0,1,0.0,11.515206537933741,0.0020049000158905983,,,,0.8,0.8,traces/adaptive_0142.npz
142,fixed_high,medium,static,initial_out_of_view,False,"[6.652220456962169, -6.228744665876716, -6.327796008242572, -8.8279499551399, -2.3995616976373775, 9.101469950962482]",,,,,,0.0,,0.0,1,0.0,11.515206537933741,0.0028301000129431486,,,,2.4,2.4,traces/fixed_high_0142.npz
143,fixed,medium,static,initial_out_of_view,False,"[-3.798739441836535, 2.5602917189405385, -5.142602500852885, 11.639905383510186, -4.781458001059869, -7.216490385336761]",,,,,,0.0,,0.0,1,0.0,11.365559835486053,0.0029389000264927745,,,,1.2,1.2,traces/fixed_0143.npz
143,adaptive,medium,static,initial_out_of_view,False,"[-3.798739441836535, 2.5602917189405385, -5.142602500852885, 11.639905383510186, -4.781458001059869, -7.216490385336761]",,,,,,0.0,,0.0,1,0.0,11.365559835486053,0.002935500000603497,,,,0.8,0.8,traces/adaptive_0143.npz
143,fixed_high,medium,static,initial_out_of_view,False,"[-3.798739441836535, 2.5602917189405385, -5.142602500852885, 11.639905383510186, -4.781458001059869, -7.216490385336761]",,,,,,0.0,,0.0,1,0.0,11.365559835486053,0.002653100003954023,,,,2.4,2.4,traces/fixed_high_0143.npz
144,fixed,small,static,converged,True,"[1.8395103952293708, -1.487716859277303, -2.1034258715683762, 2.956199154227863, 1.4641138287138675, 2.9180485608397797]",56.52314376831055,0.9962051510810852,0.9962051510810852,56.52314376831055,0.0,3.799999999999803,3.299999999999858,4.799999999999693,145,0.08494415735021335,10.920534676155722,0.9224080999847502,,0.0,0.003776600307535555,1.2,1.2,traces/fixed_0144.npz
144,adaptive,small,static,converged,True,"[1.8395103952293708, -1.487716859277303, -2.1034258715683762, 2.956199154227863, 1.4641138287138675, 2.9180485608397797]",56.52314376831055,0.9742133021354675,0.9742133021354675,56.52314376831055,0.0,2.965999999999895,2.46599999999995,3.965999999999785,120,0.1697915735817749,10.920534676155722,0.7456406999845058,,0.0,0.0039038547976001513,0.9832122594628283,2.3986333451763664,traces/adaptive_0144.npz
144,fixed_high,small,static,converged,True,"[1.8395103952293708, -1.487716859277303, -2.1034258715683762, 2.956199154227863, 1.4641138287138675, 2.9180485608397797]",56.52314376831055,0.9452775716781616,0.9452775716781616,56.52314376831055,0.0,2.0999999999999903,1.6000000000000012,3.09999999999988,94,0.1698883147004267,10.920534676155722,0.5867463999893516,,0.0,0.008198323776320024,2.4,2.4,traces/fixed_high_0144.npz
145,fixed,small,static,initial_out_of_view,False,"[-2.6222646488572954, -2.698254522949591, -3.7169134701405744, -2.340896649514284, -1.81853223766552, -3.528181546246709]",,,,,,0.0,,0.0,1,0.0,11.093506738174158,0.003138800006126985,,,,1.2,1.2,traces/fixed_0145.npz
145,adaptive,small,static,initial_out_of_view,False,"[-2.6222646488572954, -2.698254522949591, -3.7169134701405744, -2.340896649514284, -1.81853223766552, -3.528181546246709]",,,,,,0.0,,0.0,1,0.0,11.093506738174158,0.0039561000012326986,,,,0.8,0.8,traces/adaptive_0145.npz
145,fixed_high,small,static,initial_out_of_view,False,"[-2.6222646488572954, -2.698254522949591, -3.7169134701405744, -2.340896649514284, -1.81853223766552, -3.528181546246709]",,,,,,0.0,,0.0,1,0.0,11.093506738174158,0.0032161000126507133,,,,2.4,2.4,traces/fixed_high_0145.npz
146,fixed,large,static,initial_out_of_view,False,"[-10.294186117290728, -17.600042626142116, -21.71194325122179, 6.047549467670699, 0.4677948784090127, 10.019543412027346]",,,,,,0.0,,0.0,1,0.0,14.211700165332774,0.0018278000061400235,,,,1.2,1.2,traces/fixed_0146.npz
146,adaptive,large,static,initial_out_of_view,False,"[-10.294186117290728, -17.600042626142116, -21.71194325122179, 6.047549467670699, 0.4677948784090127, 10.019543412027346]",,,,,,0.0,,0.0,1,0.0,14.211700165332774,0.0018675000173971057,,,,0.8,0.8,traces/adaptive_0146.npz
146,fixed_high,large,static,initial_out_of_view,False,"[-10.294186117290728, -17.600042626142116, -21.71194325122179, 6.047549467670699, 0.4677948784090127, 10.019543412027346]",,,,,,0.0,,0.0,1,0.0,14.211700165332774,0.002593499986687675,,,,2.4,2.4,traces/fixed_high_0146.npz
147,fixed,large,static,converged,True,"[6.238503027374438, -6.3562756536577325, 1.6463113197886692, 27.691305684430752, 6.163298411944986, -29.379886886732436]",48.94014358520508,0.9963602423667908,0.9963602423667908,48.94014358520508,0.0,4.499999999999726,3.999999999999781,5.499999999999616,166,0.35000000000000003,12.547332755779872,1.1173228000116069,,0.0,0.012482800092964218,1.2,1.2,traces/fixed_0147.npz
147,adaptive,large,static,converged,True,"[6.238503027374438, -6.3562756536577325, 1.6463113197886692, 27.691305684430752, 6.163298411944986, -29.379886886732436]",48.94014358520508,0.9935013651847839,0.9935013651847839,48.94014358520508,0.0,3.965999999999785,3.46599999999984,4.965999999999675,150,0.35000000000000003,12.547332755779872,1.0427632000064477,,0.0,0.01280087485052481,0.9857097353780848,2.3964737285983215,traces/adaptive_0147.npz
147,fixed_high,large,static,converged,True,"[6.238503027374438, -6.3562756536577325, 1.6463113197886692, 27.691305684430752, 6.163298411944986, -29.379886886732436]",48.94014358520508,0.9872795343399048,0.9872795343399048,48.94014358520508,0.0,3.0319999999998877,2.5319999999999427,4.031999999999778,122,0.35000000000000003,12.547332755779872,0.7997791999951005,,0.0,0.02413873486863927,2.4,2.4,traces/fixed_high_0147.npz
148,fixed,small,static,converged,True,"[-2.8704067147596413, 1.1971528212321694, 1.6022362586636332, -0.33465582157437, 1.0854714379736574, 1.055060413005192]",87.42700958251953,0.9551714062690735,0.9551714062690735,87.42700958251953,0.0,4.2999999999997485,3.799999999999803,5.299999999999638,160,0.06892948309678235,10.644407075387694,1.0833189000259154,,0.0,0.002051722936924433,1.2,1.2,traces/fixed_0148.npz
148,adaptive,small,static,converged,True,"[-2.8704067147596413, 1.1971528212321694, 1.6022362586636332, -0.33465582157437, 1.0854714379736574, 1.055060413005192]",87.42700958251953,0.9629577994346619,0.9629577994346619,87.42700958251953,0.0,3.2319999999998656,2.7319999999999207,4.231999999999756,128,0.13047028242043898,10.645346076802435,0.8258061000087764,,0.0,0.002096304474488898,0.9814518712324464,2.3999712930889965,traces/adaptive_0148.npz
148,fixed_high,small,static,converged,True,"[-2.8704067147596413, 1.1971528212321694, 1.6022362586636332, -0.33465582157437, 1.0854714379736574, 1.055060413005192]",87.42700958251953,0.8746223449707031,0.8746223449707031,87.42700958251953,0.0,2.365999999999961,1.8660000000000014,3.365999999999851,102,0.13047028242043882,10.644797367257823,0.6237278000044171,,0.0,0.004154103781605905,2.4,2.4,traces/fixed_high_0148.npz
149,fixed,medium,static,initial_out_of_view,False,"[-7.734694482162592, 7.859807507642865, -6.383538229267773, 7.352431979595217, 2.1224768160479144, 1.4347772619201642]",,,,,,0.0,,0.0,1,0.0,11.559568613342929,0.0029101999825797975,,,,1.2,1.2,traces/fixed_0149.npz
149,adaptive,medium,static,initial_out_of_view,False,"[-7.734694482162592, 7.859807507642865, -6.383538229267773, 7.352431979595217, 2.1224768160479144, 1.4347772619201642]",,,,,,0.0,,0.0,1,0.0,11.559568613342929,0.0022951000137254596,,,,0.8,0.8,traces/adaptive_0149.npz
149,fixed_high,medium,static,initial_out_of_view,False,"[-7.734694482162592, 7.859807507642865, -6.383538229267773, 7.352431979595217, 2.1224768160479144, 1.4347772619201642]",,,,,,0.0,,0.0,1,0.0,11.559568613342929,0.00385070001357235,,,,2.4,2.4,traces/fixed_high_0149.npz
150,fixed,medium,static,initial_out_of_view,False,"[-3.0006521854572945, 1.8681334538724066, -9.727252766708974, 6.836090431137389, 1.1872840669550975, -2.609938797376943]",,,,,,0.0,,0.0,1,0.0,12.010957134866047,0.002210000006016344,,,,1.2,1.2,traces/fixed_0150.npz
150,adaptive,medium,static,initial_out_of_view,False,"[-3.0006521854572945, 1.8681334538724066, -9.727252766708974, 6.836090431137389, 1.1872840669550975, -2.609938797376943]",,,,,,0.0,,0.0,1,0.0,12.010957134866047,0.002075399999739602,,,,0.8,0.8,traces/adaptive_0150.npz
150,fixed_high,medium,static,initial_out_of_view,False,"[-3.0006521854572945, 1.8681334538724066, -9.727252766708974, 6.836090431137389, 1.1872840669550975, -2.609938797376943]",,,,,,0.0,,0.0,1,0.0,12.010957134866047,0.0035194000229239464,,,,2.4,2.4,traces/fixed_high_0150.npz
151,fixed,small,static,converged,True,"[-1.6177195158454687, -0.6335160916414333, 1.562387107424465, -3.6466882865952357, 0.43524767723635716, 0.3103201725578355]",21.240203857421875,0.9731318354606628,0.9731318354606628,21.240203857421875,0.0,3.065999999999884,2.565999999999939,4.065999999999774,123,0.08500275383878338,10.635763131302507,0.7857344999792986,,0.0,0.005689734774815361,1.2,1.2,traces/fixed_0151.npz
151,adaptive,small,static,converged,True,"[-1.6177195158454687, -0.6335160916414333, 1.562387107424465, -3.6466882865952357, 0.43524767723635716, 0.3103201725578355]",21.240203857421875,0.9662578105926514,0.9662578105926514,21.240203857421875,0.0,2.5999999999999353,2.0999999999999903,3.599999999999825,109,0.16278510897249138,10.636046289315145,0.6983553000027314,,0.0,0.005762499848883487,0.9820043093386124,2.2875247251514317,traces/adaptive_0151.npz
151,fixed_high,small,static,converged,True,"[-1.6177195158454687, -0.6335160916414333, 1.562387107424465, -3.6466882865952357, 0.43524767723635716, 0.3103201725578355]",21.240203857421875,0.9438692927360535,0.9438692927360535,21.240203857421875,0.0,1.7660000000000013,1.266000000000001,2.765999999999917,84,0.17000550767756675,10.636391555720255,0.542599499982316,,0.0,0.011279777821209182,2.4,2.4,traces/fixed_high_0151.npz
152,fixed,medium,static,converged,True,"[-7.8798118021745385, -6.459895611579219, 3.3423246598322542, -6.454901390153998, -3.005361145561009, 2.3299389575511675]",161.0653533935547,0.9301022887229919,0.9301022887229919,161.0653533935547,0.0,4.765999999999697,4.265999999999752,5.765999999999587,174,0.1910755420737908,10.644372159796983,1.16217319999123,,0.0,0.0021994521829187016,1.2,1.2,traces/fixed_0152.npz
152,adaptive,medium,static,converged,True,"[-7.8798118021745385, -6.459895611579219, 3.3423246598322542, -6.454901390153998, -3.005361145561009, 2.3299389575511675]",161.0653533935547,0.9723228216171265,0.9723228216171265,161.0653533935547,0.0,3.599999999999825,3.09999999999988,4.599999999999715,139,0.19107554207379074,10.645207102601887,0.8583489999873564,,0.0,0.0023461039054859796,0.9830645129951274,2.399999997113337,traces/adaptive_0152.npz
152,fixed_high,medium,static,converged,True,"[-7.8798118021745385, -6.459895611579219, 3.3423246598322542, -6.454901390153998, -3.005361145561009, 2.3299389575511675]",161.0653533935547,0.8501269221305847,0.8501269221305847,161.0653533935547,0.0,2.765999999999917,2.265999999999972,3.765999999999807,114,0.1910755420737908,10.644649282036756,0.7338809999928344,,0.0,0.004231322233260163,2.4,2.4,traces/fixed_high_0152.npz
153,fixed,medium,static,converged,True,"[-2.8447445692477746, -1.6779639512918951, -1.033153777410936, -11.10183271220265, 0.26040895039349365, 9.602861411586105]",49.5594596862793,0.9539710879325867,0.9539710879325867,49.5594596862793,0.0,3.899999999999792,3.399999999999847,4.899999999999682,148,0.22581236963672763,10.993778158994722,0.9035549999971408,,0.0,0.007832569706339672,1.2,1.2,traces/fixed_0153.npz
153,adaptive,medium,static,converged,True,"[-2.8447445692477746, -1.6779639512918951, -1.033153777410936, -11.10183271220265, 0.26040895039349365, 9.602861411586105]",49.5594596862793,0.9867597222328186,0.9867597222328186,49.5594596862793,0.0,3.065999999999884,2.565999999999939,4.065999999999774,123,0.35,10.993778158994722,0.7866652999946382,,0.0,0.008382149974067409,0.985516210302215,2.39673641518026,traces/adaptive_0153.npz
153,fixed_high,medium,static,converged,True,"[-2.8447445692477746, -1.6779639512918951, -1.033153777410936, -11.10183271220265, 0.26040895039349365, 9.602861411586105]",49.5594596862793,0.8822680711746216,0.8822680711746216,49.5594596862793,0.0,2.1999999999999793,1.7000000000000013,3.199999999999869,97,0.35000000000000003,10.993778158994722,0.5794795999827329,,0.0,0.015290293267170482,2.4,2.4,traces/fixed_high_0153.npz
154,fixed,small,static,converged,True,"[-2.324877636220574, 0.28181354107715695, 2.983635319207031, -3.8476673397607355, 0.4731553180459458, 0.38492777346452023]",65.2078628540039,0.979157567024231,0.979157567024231,65.2078628540039,0.0,3.9319999999997886,3.4319999999998436,4.931999999999679,149,0.10339024366942182,10.64065777444783,0.9811935000179801,,0.0,0.0029668480603039994,1.2,1.2,traces/fixed_0154.npz
154,adaptive,small,static,converged,True,"[-2.324877636220574, 0.28181354107715695, 2.983635319207031, -3.8476673397607355, 0.4731553180459458, 0.38492777346452023]",65.2078628540039,0.9816378951072693,0.9816378951072693,65.2078628540039,0.0,2.965999999999895,2.46599999999995,3.965999999999785,120,0.20674072322320222,10.640786352938662,0.790395099989837,,0.0,0.002981286080351603,0.9847603343434382,2.39953847735458,traces/adaptive_0154.npz
154,fixed_high,small,static,converged,True,"[-2.324877636220574, 0.28181354107715695, 2.983635319207031, -3.8476673397607355, 0.4731553180459458, 0.38492777346452023]",65.2078628540039,0.9585963487625122,0.9585963487625122,65.2078628540039,0.0,2.165999999999983,1.6660000000000013,3.165999999999873,96,0.20678048733884363,10.640781392476226,0.5421628000040073,,0.0,0.005577815425961689,2.4,2.4,traces/fixed_high_0154.npz
155,fixed,medium,static,converged,True,"[-6.167196974547288, -2.921433886265884, 6.042425597341108, -5.935357107472495, 1.843895376922486, 2.358043753171213]",103.72904205322266,0.959308385848999,0.959308385848999,103.72904205322266,0.0,4.431999999999734,3.9319999999997886,5.431999999999624,164,0.18107518153001287,10.639032374509366,1.0410954000253696,,0.0,0.0031706912577264337,1.2,1.2,traces/fixed_0155.npz
155,adaptive,medium,static,converged,True,"[-6.167196974547288, -2.921433886265884, 6.042425597341108, -5.935357107472495, 1.843895376922486, 2.358043753171213]",103.72904205322266,0.955735981464386,0.955735981464386,103.72904205322266,0.0,3.365999999999851,2.865999999999906,4.365999999999741,132,0.22127643125414634,10.63913576238054,0.849614400009159,,0.0,0.0034435003828522533,0.9801707274845717,2.3999962588871027,traces/adaptive_0155.npz
155,fixed_high,medium,static,converged,True,"[-6.167196974547288, -2.921433886265884, 6.042425597341108, -5.935357107472495, 1.843895376922486, 2.358043753171213]",103.72904205322266,0.9302608370780945,0.9302608370780945,103.72904205322266,0.0,2.46599999999995,1.9660000000000015,3.46599999999984,105,0.22127643125414612,10.638945243288253,0.6713661999965552,,0.0,0.006554013127491359,2.4,2.4,traces/fixed_high_0155.npz
156,fixed,medium,static,initial_out_of_view,False,"[4.852910310274309, -0.8595240793648156, -3.6398931171161557, -9.525047769459777, -7.706547150904493, 5.616670876251931]",,,,,,0.0,,0.0,1,0.0,11.105147869495658,0.0029827999824192375,,,,1.2,1.2,traces/fixed_0156.npz
156,adaptive,medium,static,initial_out_of_view,False,"[4.852910310274309, -0.8595240793648156, -3.6398931171161557, -9.525047769459777, -7.706547150904493, 5.616670876251931]",,,,,,0.0,,0.0,1,0.0,11.105147869495658,0.0027958000137005,,,,0.8,0.8,traces/adaptive_0156.npz
156,fixed_high,medium,static,initial_out_of_view,False,"[4.852910310274309, -0.8595240793648156, -3.6398931171161557, -9.525047769459777, -7.706547150904493, 5.616670876251931]",,,,,,0.0,,0.0,1,0.0,11.105147869495658,0.0025015000137500465,,,,2.4,2.4,traces/fixed_high_0156.npz
157,fixed,small,static,converged,True,"[-2.125765205851618, 2.9285836603338726, -2.595761216191435, 3.6803480953368233, -2.185441659462936, -0.5731252686098678]",76.85818481445312,0.9681829810142517,0.9681829810142517,76.85818481445312,0.0,4.231999999999756,3.7319999999998106,5.231999999999646,158,0.05489760827632491,10.96104441594844,1.0141641999944113,,0.0,0.0037429187468443056,1.2,1.2,traces/fixed_0157.npz
157,adaptive,small,static,converged,True,"[-2.125765205851618, 2.9285836603338726, -2.595761216191435, 3.6803480953368233, -2.185441659462936, -0.5731252686098678]",76.85818481445312,0.9821867942810059,0.9821867942810059,76.85818481445312,0.0,3.199999999999869,2.6999999999999242,4.1999999999997595,127,0.10716531883672031,10.96104441594844,0.7988327000057325,,0.0,0.003691579110806989,0.9848574267140073,2.3998924193647957,traces/adaptive_0157.npz
157,fixed_high,small,static,converged,True,"[-2.125765205851618, 2.9285836603338726, -2.595761216191435, 3.6803480953368233, -2.185441659462936, -0.5731252686098678]",76.85818481445312,0.9550748467445374,0.9550748467445374,76.85818481445312,0.0,2.3319999999999648,1.8320000000000014,3.3319999999998546,101,0.10717012276583782,10.96104441594844,0.67623729998013,,0.0,0.00704850719339796,2.4,2.4,traces/fixed_high_0157.npz
158,fixed,small,static,converged,True,"[-2.8104215915229998, 2.444729861190849, 2.5037669189519303, 0.21504549335436174, -2.971569314240414, 3.35876611827448]",84.48895263671875,0.973446786403656,0.973446786403656,84.48895263671875,0.0,4.1999999999997595,3.699999999999814,5.199999999999649,157,0.09745293505658009,10.641034269969131,1.0284122999873944,,0.0,0.0026519697080323945,1.2,1.2,traces/fixed_0158.npz
158,adaptive,small,static,converged,True,"[-2.8104215915229998, 2.444729861190849, 2.5037669189519303, 0.21504549335436174, -2.971569314240414, 3.35876611827448]",84.48895263671875,0.9714913964271545,0.9714913964271545,84.48895263671875,0.0,3.165999999999873,2.665999999999928,4.165999999999763,126,0.16026772116902457,10.640993224000798,0.809514799999306,,0.0,0.0027665558976919216,0.9829338599501417,2.3999585538468917,traces/adaptive_0158.npz
158,fixed_high,small,static,converged,True,"[-2.8104215915229998, 2.444729861190849, 2.5037669189519303, 0.21504549335436174, -2.971569314240414, 3.35876611827448]",84.48895263671875,0.9412389397621155,0.9412389397621155,84.48895263671875,0.0,2.2999999999999683,1.8000000000000014,3.299999999999858,100,0.16026772116902424,10.64106517685011,0.616387299989583,,0.0,0.005353782488271576,2.4,2.4,traces/fixed_high_0158.npz
159,fixed,medium,static,initial_out_of_view,False,"[0.7971926262494655, 0.5148260120562345, -8.918126948112855, 0.11337187021377915, -1.5220726110001603, 5.096869952438855]",,,,,,0.0,,0.0,1,0.0,11.803414385228537,0.0029673000099137425,,,,1.2,1.2,traces/fixed_0159.npz
159,adaptive,medium,static,initial_out_of_view,False,"[0.7971926262494655, 0.5148260120562345, -8.918126948112855, 0.11337187021377915, -1.5220726110001603, 5.096869952438855]",,,,,,0.0,,0.0,1,0.0,11.803414385228537,0.0025353000091854483,,,,0.8,0.8,traces/adaptive_0159.npz
159,fixed_high,medium,static,initial_out_of_view,False,"[0.7971926262494655, 0.5148260120562345, -8.918126948112855, 0.11337187021377915, -1.5220726110001603, 5.096869952438855]",,,,,,0.0,,0.0,1,0.0,11.803414385228537,0.0025701999838929623,,,,2.4,2.4,traces/fixed_high_0159.npz
160,fixed,large,static,initial_out_of_view,False,"[2.4370555823253888, 14.120425469383036, -17.432355785002436, -29.72615915847323, -17.72911752445217, 16.802652441592954]",,,,,,0.0,,0.0,1,0.0,13.30532853212625,0.0017764000222086906,,,,1.2,1.2,traces/fixed_0160.npz
160,adaptive,large,static,initial_out_of_view,False,"[2.4370555823253888, 14.120425469383036, -17.432355785002436, -29.72615915847323, -17.72911752445217, 16.802652441592954]",,,,,,0.0,,0.0,1,0.0,13.30532853212625,0.0018696000042837113,,,,0.8,0.8,traces/adaptive_0160.npz
160,fixed_high,large,static,initial_out_of_view,False,"[2.4370555823253888, 14.120425469383036, -17.432355785002436, -29.72615915847323, -17.72911752445217, 16.802652441592954]",,,,,,0.0,,0.0,1,0.0,13.30532853212625,0.002398600016022101,,,,2.4,2.4,traces/fixed_high_0160.npz
161,fixed,large,static,initial_out_of_view,False,"[16.77107428445978, -1.3403386728989375, 7.840767368490731, -28.091806739926245, -14.320497737504505, -14.437298588666454]",,,,,,0.0,,0.0,1,0.0,10.004217959648782,0.0014171000220812857,,,,1.2,1.2,traces/fixed_0161.npz
161,adaptive,large,static,initial_out_of_view,False,"[16.77107428445978, -1.3403386728989375, 7.840767368490731, -28.091806739926245, -14.320497737504505, -14.437298588666454]",,,,,,0.0,,0.0,1,0.0,10.004217959648782,0.002735299989581108,,,,0.8,0.8,traces/adaptive_0161.npz
161,fixed_high,large,static,initial_out_of_view,False,"[16.77107428445978, -1.3403386728989375, 7.840767368490731, -28.091806739926245, -14.320497737504505, -14.437298588666454]",,,,,,0.0,,0.0,1,0.0,10.004217959648782,0.0016265000158455223,,,,2.4,2.4,traces/fixed_high_0161.npz
162,fixed,medium,static,converged,True,"[-3.6612284349302335, 2.155961244817565, -2.9848690264790667, -1.5412845836134323, 1.2843723195443992, -4.226881701573585]",71.98471069335938,0.9891451597213745,0.9891451597213745,71.98471069335938,0.0,4.031999999999778,3.5319999999998326,5.031999999999668,152,0.08338030666142113,11.011513816721127,1.0118269000086002,,0.0,0.0036451505889169558,1.2,1.2,traces/fixed_0162.npz
162,adaptive,medium,static,converged,True,"[-3.6612284349302335, 2.155961244817565, -2.9848690264790667, -1.5412845836134323, 1.2843723195443992, -4.226881701573585]",71.98471069335938,0.9991682767868042,0.9991682767868042,71.98471069335938,0.0,3.0319999999998877,2.5319999999999427,4.031999999999778,122,0.16674686714788936,11.011513816721127,0.7632223000109661,,0.0,0.003864251500556093,0.9871828908033747,2.399802166595398,traces/adaptive_0162.npz
162,fixed_high,medium,static,converged,True,"[-3.6612284349302335, 2.155961244817565, -2.9848690264790667, -1.5412845836134323, 1.2843723195443992, -4.226881701573585]",71.98471069335938,0.9203850030899048,0.9203850030899048,71.98471069335938,0.0,2.231999999999976,1.7320000000000013,3.2319999999998656,98,0.16676061332284225,11.011513816721127,0.6012734000105411,,0.0,0.007587240889323253,2.4,2.4,traces/fixed_high_0162.npz
163,fixed,large,static,initial_out_of_view,False,"[-5.17099611018855, -16.540560009283453, 19.924564347025466, 16.64190016523598, 16.928015388285246, -19.12858811936677]",,,,,,0.0,,0.0,1,0.0,16.46723487583212,0.003390199999557808,,,,1.2,1.2,traces/fixed_0163.npz
163,adaptive,large,static,initial_out_of_view,False,"[-5.17099611018855, -16.540560009283453, 19.924564347025466, 16.64190016523598, 16.928015388285246, -19.12858811936677]",,,,,,0.0,,0.0,1,0.0,16.46723487583212,0.00307140001677908,,,,0.8,0.8,traces/adaptive_0163.npz
163,fixed_high,large,static,initial_out_of_view,False,"[-5.17099611018855, -16.540560009283453, 19.924564347025466, 16.64190016523598, 16.928015388285246, -19.12858811936677]",,,,,,0.0,,0.0,1,0.0,16.46723487583212,0.0024511999799869955,,,,2.4,2.4,traces/fixed_high_0163.npz
164,fixed,small,static,converged,True,"[-0.8693105661682532, 2.869827612985695, -3.496517227113398, 3.2743107608044415, 2.0368780606247503, 0.6789947366017373]",52.799373626708984,0.9512742161750793,0.9512742161750793,52.799373626708984,0.0,3.965999999999785,3.46599999999984,4.965999999999675,150,0.06746231867328348,11.09929385366572,0.9381505999772344,,0.0,0.004194348468855433,1.2,1.2,traces/fixed_0164.npz
164,adaptive,small,static,converged,True,"[-0.8693105661682532, 2.869827612985695, -3.496517227113398, 3.2743107608044415, 2.0368780606247503, 0.6789947366017373]",52.799373626708984,0.9705359935760498,0.9705359935760498,52.799373626708984,0.0,3.09999999999988,2.5999999999999353,4.0999999999997705,124,0.13480226298414472,11.09929385366572,0.7560599999851547,,0.0,0.004256618376593135,0.9827949876885811,2.3978232406209177,traces/adaptive_0164.npz
164,fixed_high,small,static,converged,True,"[-0.8693105661682532, 2.869827612985695, -3.496517227113398, 3.2743107608044415, 2.0368780606247503, 0.6789947366017373]",52.799373626708984,0.913409411907196,0.913409411907196,52.799373626708984,0.0,2.1999999999999793,1.7000000000000013,3.199999999999869,97,0.13492463734656696,11.09929385366572,0.5798662999877706,,0.0,0.00798682037394327,2.4,2.4,traces/fixed_high_0164.npz
165,fixed,medium,static,converged,True,"[-6.8168669789804355, -3.190857945124826, 4.742774153505016, 3.0688708722687537, -4.05477115808983, -7.315408792109854]",173.3740997314453,0.9744278788566589,0.9744278788566589,173.3740997314453,0.0,4.865999999999686,4.365999999999741,5.865999999999576,177,0.17229484769547276,10.659220157042894,1.1059943999862298,,0.0,0.0025172780514182685,1.2,1.2,traces/fixed_0165.npz
165,adaptive,medium,static,converged,True,"[-6.8168669789804355, -3.190857945124826, 4.742774153505016, 3.0688708722687537, -4.05477115808983, -7.315408792109854]",173.3740997314453,0.9890108704566956,0.9890108704566956,173.3740997314453,0.0,3.6319999999998216,3.1319999999998767,4.631999999999712,140,0.17449247585390143,10.660566648950963,0.8808225000102539,,0.0,0.0025560859567941765,0.9860640472647542,2.3999999993802836,traces/adaptive_0165.npz
165,fixed_high,medium,static,converged,True,"[-6.8168669789804355, -3.190857945124826, 4.742774153505016, 3.0688708722687537, -4.05477115808983, -7.315408792109854]",173.3740997314453,0.9396288990974426,0.9396288990974426,173.3740997314453,0.0,2.7999999999999132,2.2999999999999683,3.799999999999803,115,0.1744937506043611,10.660560189088907,0.7382918999937829,,0.0,0.004521751084276248,2.4,2.4,traces/fixed_high_0165.npz
166,fixed,large,static,initial_out_of_view,False,"[9.647462883566043, 12.079712799824481, -24.112160294028524, 11.000566100086473, 7.427988084338352, 7.140764429447152]",,,,,,0.0,,0.0,1,0.0,15.073782375903466,0.002619699982460588,,,,1.2,1.2,traces/fixed_0166.npz
166,adaptive,large,static,initial_out_of_view,False,"[9.647462883566043, 12.079712799824481, -24.112160294028524, 11.000566100086473, 7.427988084338352, 7.140764429447152]",,,,,,0.0,,0.0,1,0.0,15.073782375903466,0.002070999995339662,,,,0.8,0.8,traces/adaptive_0166.npz
166,fixed_high,large,static,initial_out_of_view,False,"[9.647462883566043, 12.079712799824481, -24.112160294028524, 11.000566100086473, 7.427988084338352, 7.140764429447152]",,,,,,0.0,,0.0,1,0.0,15.073782375903466,0.0033724000095389783,,,,2.4,2.4,traces/fixed_high_0166.npz
167,fixed,medium,static,converged,True,"[3.1881158682478272, 4.562646060796789, -3.082065436388673, -4.241609837111346, 0.6385334052116214, -2.9672788576981866]",119.41478729248047,0.96456378698349,0.96456378698349,119.41478729248047,0.0,4.599999999999715,4.0999999999997705,5.599999999999605,169,0.13022992007652395,11.049073374310954,1.1074268999800552,,0.0,0.0031159161122494257,1.2,1.2,traces/fixed_0167.npz
167,adaptive,medium,static,converged,True,"[3.1881158682478272, 4.562646060796789, -3.082065436388673, -4.241609837111346, 0.6385334052116214, -2.9672788576981866]",119.41478729248047,0.9631392359733582,0.9631392359733582,119.41478729248047,0.0,3.4319999999998436,2.9319999999998987,4.431999999999734,134,0.1835474899841251,11.049073374310954,0.830716600001324,,0.0,0.0031799797751070813,0.9814840483191751,2.399999473410186,traces/adaptive_0167.npz
167,fixed_high,medium,static,converged,True,"[3.1881158682478272, 4.562646060796789, -3.082065436388673, -4.241609837111346, 0.6385334052116214, -2.9672788576981866]",119.41478729248047,0.949273943901062,0.949273943901062,119.41478729248047,0.0,2.5319999999999427,2.031999999999998,3.5319999999998326,107,0.18354748998412504,11.049073374310954,0.6567337000160478,,0.0,0.006537450988802079,2.4,2.4,traces/fixed_high_0167.npz
168,fixed,small,static,converged,True,"[-0.2080770609088436, 2.904094462181387, -0.8409049990316966, -2.2466838661486808, 1.8782206645601125, 3.9022189787137442]",72.34085845947266,0.9912173748016357,0.9912173748016357,72.34085845947266,0.0,3.999999999999781,3.499999999999836,4.999999999999671,151,0.06124309724741682,10.76332460451476,0.9451316999911796,,0.0,0.003550434697374116,1.2,1.2,traces/fixed_0168.npz
168,adaptive,small,static,converged,True,"[-0.2080770609088436, 2.904094462181387, -0.8409049990316966, -2.2466838661486808, 1.8782206645601125, 3.9022189787137442]",72.34085845947266,0.9817136526107788,0.9817136526107788,72.34085845947266,0.0,2.999999999999891,2.4999999999999463,3.999999999999781,121,0.12148601280203628,10.76332460451476,0.7286712999921292,,0.0,0.004101486668226195,0.984768847782046,2.3998107807359155,traces/adaptive_0168.npz
168,fixed_high,small,static,converged,True,"[-0.2080770609088436, 2.904094462181387, -0.8409049990316966, -2.2466838661486808, 1.8782206645601125, 3.9022189787137442]",72.34085845947266,0.962310791015625,0.962310791015625,72.34085845947266,0.0,2.1999999999999793,1.7000000000000013,3.199999999999869,97,0.12149559167972304,10.76332460451476,0.590825399995083,,0.0,0.007375838740490601,2.4,2.4,traces/fixed_high_0168.npz
169,fixed,medium,static,initial_out_of_view,False,"[5.769127775201543, -2.1832858098947057, -4.935140158406741, 1.881621933543535, -6.809080259432379, 4.647842598621843]",,,,,,0.0,,0.0,1,0.0,11.22576371974026,0.0028716000088024884,,,,1.2,1.2,traces/fixed_0169.npz
169,adaptive,medium,static,initial_out_of_view,False,"[5.769127775201543, -2.1832858098947057, -4.935140158406741, 1.881621933543535, -6.809080259432379, 4.647842598621843]",,,,,,0.0,,0.0,1,0.0,11.22576371974026,0.001994999998714775,,,,0.8,0.8,traces/adaptive_0169.npz
169,fixed_high,medium,static,initial_out_of_view,False,"[5.769127775201543, -2.1832858098947057, -4.935140158406741, 1.881621933543535, -6.809080259432379, 4.647842598621843]",,,,,,0.0,,0.0,1,0.0,11.22576371974026,0.002992399997310713,,,,2.4,2.4,traces/fixed_high_0169.npz
170,fixed,large,static,initial_out_of_view,False,"[9.00996039729339, -11.676431874270953, -7.538001124523596, 24.078809627109834, 17.426426700129966, 29.183860402622756]",,,,,,0.0,,0.0,1,0.0,17.458933453352856,0.0018210000125691295,,,,1.2,1.2,traces/fixed_0170.npz
170,adaptive,large,static,initial_out_of_view,False,"[9.00996039729339, -11.676431874270953, -7.538001124523596, 24.078809627109834, 17.426426700129966, 29.183860402622756]",,,,,,0.0,,0.0,1,0.0,17.458933453352856,0.002633700001752004,,,,0.8,0.8,traces/adaptive_0170.npz
170,fixed_high,large,static,initial_out_of_view,False,"[9.00996039729339, -11.676431874270953, -7.538001124523596, 24.078809627109834, 17.426426700129966, 29.183860402622756]",,,,,,0.0,,0.0,1,0.0,17.458933453352856,0.0030519000138156116,,,,2.4,2.4,traces/fixed_high_0170.npz
171,fixed,small,static,converged,True,"[2.185961446538177, -0.8725444369443767, 1.5476315057839303, 2.106880295677125, 0.19765957621996666, 2.7913323402095704]",34.5203742980957,0.9691800475120544,0.9691800475120544,34.5203742980957,0.0,3.4319999999998436,2.9319999999998987,4.431999999999734,134,0.05452630242087504,10.638437364290377,0.8339198000030592,,0.0,0.004060709042022646,1.2,1.2,traces/fixed_0171.npz
171,adaptive,small,static,converged,True,"[2.185961446538177, -0.8725444369443767, 1.5476315057839303, 2.106880295677125, 0.19765957621996666, 2.7913323402095704]",34.5203742980957,0.9802669882774353,0.9802669882774353,34.5203742980957,0.0,2.7319999999999207,2.231999999999976,3.7319999999998106,113,0.10879127088098778,10.638276919482376,0.7070572999946307,,0.0,0.004312453203608163,0.9845098516182738,2.37861451645513,traces/adaptive_0171.npz
171,fixed_high,small,static,converged,True,"[2.185961446538177, -0.8725444369443767, 1.5476315057839303, 2.106880295677125, 0.19765957621996666, 2.7913323402095704]",34.5203742980957,0.9403219819068909,0.9403219819068909,34.5203742980957,0.0,1.9320000000000015,1.432000000000001,2.9319999999998987,89,0.11089259792664226,10.638483816071743,0.5295429000107106,,0.0,0.0083333059260178,2.4,2.4,traces/fixed_high_0171.npz
172,fixed,large,static,initial_out_of_view,False,"[10.645057358910734, -7.041870921551514, 20.055595796526063, 10.419947769749761, -7.106695214835602, 19.06528500018299]",,,,,,0.0,,0.0,1,0.0,9.243582242689055,0.003304900019429624,,,,1.2,1.2,traces/fixed_0172.npz
172,adaptive,large,static,initial_out_of_view,False,"[10.645057358910734, -7.041870921551514, 20.055595796526063, 10.419947769749761, -7.106695214835602, 19.06528500018299]",,,,,,0.0,,0.0,1,0.0,9.243582242689055,0.0035896000044886023,,,,0.8,0.8,traces/adaptive_0172.npz
172,fixed_high,large,static,initial_out_of_view,False,"[10.645057358910734, -7.041870921551514, 20.055595796526063, 10.419947769749761, -7.106695214835602, 19.06528500018299]",,,,,,0.0,,0.0,1,0.0,9.243582242689055,0.003533899987814948,,,,2.4,2.4,traces/fixed_high_0172.npz
173,fixed,large,static,initial_out_of_view,False,"[-17.935971584744216, -9.934295402347967, 9.574569496169296, -29.067718221453173, 15.472339118356551, 19.990919569416]",,,,,,0.0,,0.0,1,0.0,15.997821653205577,0.002255399973364547,,,,1.2,1.2,traces/fixed_0173.npz
173,adaptive,large,static,initial_out_of_view,False,"[-17.935971584744216, -9.934295402347967, 9.574569496169296, -29.067718221453173, 15.472339118356551, 19.990919569416]",,,,,,0.0,,0.0,1,0.0,15.997821653205577,0.0026981000264640898,,,,0.8,0.8,traces/adaptive_0173.npz
173,fixed_high,large,static,initial_out_of_view,False,"[-17.935971584744216, -9.934295402347967, 9.574569496169296, -29.067718221453173, 15.472339118356551, 19.990919569416]",,,,,,0.0,,0.0,1,0.0,15.997821653205577,0.0023040999949444085,,,,2.4,2.4,traces/fixed_high_0173.npz
174,fixed,large,static,initial_out_of_view,False,"[-4.875642798593072, -7.697873781242222, 20.1114033589377, 12.768000320915775, 6.843397742241649, -13.066339013844871]",,,,,,0.0,,0.0,1,0.0,11.623023683903632,0.0031287000165320933,,,,1.2,1.2,traces/fixed_0174.npz
174,adaptive,large,static,initial_out_of_view,False,"[-4.875642798593072, -7.697873781242222, 20.1114033589377, 12.768000320915775, 6.843397742241649, -13.066339013844871]",,,,,,0.0,,0.0,1,0.0,11.623023683903632,0.002329499984625727,,,,0.8,0.8,traces/adaptive_0174.npz
174,fixed_high,large,static,initial_out_of_view,False,"[-4.875642798593072, -7.697873781242222, 20.1114033589377, 12.768000320915775, 6.843397742241649, -13.066339013844871]",,,,,,0.0,,0.0,1,0.0,11.623023683903632,0.002744800003711134,,,,2.4,2.4,traces/fixed_high_0174.npz
175,fixed,medium,static,initial_out_of_view,False,"[6.5494055444591766, 1.4499648336523023, 3.1438996472095386, 4.280991308935349, 6.874009896024043, 7.164363116931273]",,,,,,0.0,,0.0,1,0.0,10.895984278721077,0.0028212000033818185,,,,1.2,1.2,traces/fixed_0175.npz
175,adaptive,medium,static,initial_out_of_view,False,"[6.5494055444591766, 1.4499648336523023, 3.1438996472095386, 4.280991308935349, 6.874009896024043, 7.164363116931273]",,,,,,0.0,,0.0,1,0.0,10.895984278721077,0.002082099992549047,,,,0.8,0.8,traces/adaptive_0175.npz
175,fixed_high,medium,static,initial_out_of_view,False,"[6.5494055444591766, 1.4499648336523023, 3.1438996472095386, 4.280991308935349, 6.874009896024043, 7.164363116931273]",,,,,,0.0,,0.0,1,0.0,10.895984278721077,0.00293950000195764,,,,2.4,2.4,traces/fixed_high_0175.npz
176,fixed,medium,static,initial_out_of_view,False,"[-4.388391922484114, 6.771804294819864, 1.9753565401818172, -10.050944574849844, -0.8992611423869974, 2.2138243573061516]",,,,,,0.0,,0.0,1,0.0,10.583529257537174,0.00300620001507923,,,,1.2,1.2,traces/fixed_0176.npz
176,adaptive,medium,static,initial_out_of_view,False,"[-4.388391922484114, 6.771804294819864, 1.9753565401818172, -10.050944574849844, -0.8992611423869974, 2.2138243573061516]",,,,,,0.0,,0.0,1,0.0,10.583529257537174,0.002754599991021678,,,,0.8,0.8,traces/adaptive_0176.npz
176,fixed_high,medium,static,initial_out_of_view,False,"[-4.388391922484114, 6.771804294819864, 1.9753565401818172, -10.050944574849844, -0.8992611423869974, 2.2138243573061516]",,,,,,0.0,,0.0,1,0.0,10.583529257537174,0.0020047000143676996,,,,2.4,2.4,traces/fixed_high_0176.npz
177,fixed,small,static,converged,True,"[1.0562434380520562, 1.4933322699738358, 3.305510914398644, 1.3297072911162475, -2.392604963393902, 0.6914687667988098]",59.26686477661133,0.9815810322761536,0.9815810322761536,59.26686477661133,0.0,3.765999999999807,3.265999999999862,4.765999999999697,144,0.07772517771475188,10.638396675730212,0.8955921000160743,,0.0,0.003724455628197669,1.2,1.2,traces/fixed_0177.npz
177,adaptive,small,static,converged,True,"[1.0562434380520562, 1.4933322699738358, 3.305510914398644, 1.3297072911162475, -2.392604963393902, 0.6914687667988098]",59.26686477661133,0.9723575115203857,0.9723575115203857,59.26686477661133,0.0,2.865999999999906,2.365999999999961,3.865999999999796,117,0.1553875363614105,10.638233227115219,0.7737848999968264,,0.0,0.003896806757622568,0.9831176292444009,2.3990301356146344,traces/adaptive_0177.npz
177,fixed_high,small,static,converged,True,"[1.0562434380520562, 1.4933322699738358, 3.305510914398644, 1.3297072911162475, -2.392604963393902, 0.6914687667988098]",59.26686477661133,0.9149700999259949,0.9149700999259949,59.26686477661133,0.0,2.0999999999999903,1.6000000000000012,3.09999999999988,94,0.15545035542950375,10.638533355110901,0.6313376000034623,,0.0,0.007778861551342351,2.4,2.4,traces/fixed_high_0177.npz
178,fixed,medium,static,converged,True,"[-2.3070194294079087, -3.1538528508351718, -0.7323251649009741, -3.2561292641221478, -0.08380221289209366, -10.741187299901622]",94.76280212402344,0.9852165579795837,0.9852165579795837,94.76280212402344,0.0,4.2999999999997485,3.799999999999803,5.299999999999638,160,0.316525751911661,10.750908832397828,1.0690638999803923,,0.0,0.00390023982213572,1.2,1.2,traces/fixed_0178.npz
178,adaptive,medium,static,converged,True,"[-2.3070194294079087, -3.1538528508351718, -0.7323251649009741, -3.2561292641221478, -0.08380221289209366, -10.741187299901622]",94.76280212402344,0.9922062158584595,0.9922062158584595,94.76280212402344,0.0,3.265999999999862,2.765999999999917,4.265999999999752,129,0.35000000000000003,10.750908832397828,0.8464294000004884,,0.0,0.004292580356225624,0.9866286851529605,2.399988525078456,traces/adaptive_0178.npz
178,fixed_high,medium,static,converged,True,"[-2.3070194294079087, -3.1538528508351718, -0.7323251649009741, -3.2561292641221478, -0.08380221289209366, -10.741187299901622]",94.76280212402344,0.9382697939872742,0.9382697939872742,94.76280212402344,0.0,2.4319999999999538,1.9320000000000015,3.4319999999998436,104,0.35,10.750908832397828,0.6764121000014711,,0.0,0.008297136334383165,2.4,2.4,traces/fixed_high_0178.npz
179,fixed,large,static,initial_out_of_view,False,"[1.1040379754779401, 3.1214729861116837, 13.181914317892549, -28.379963767791484, 14.019292524432316, -28.523667038054533]",,,,,,0.0,,0.0,1,0.0,14.441584779785838,0.002907799993408844,,,,1.2,1.2,traces/fixed_0179.npz
179,adaptive,large,static,initial_out_of_view,False,"[1.1040379754779401, 3.1214729861116837, 13.181914317892549, -28.379963767791484, 14.019292524432316, -28.523667038054533]",,,,,,0.0,,0.0,1,0.0,14.441584779785838,0.003198899998096749,,,,0.8,0.8,traces/adaptive_0179.npz
179,fixed_high,large,static,initial_out_of_view,False,"[1.1040379754779401, 3.1214729861116837, 13.181914317892549, -28.379963767791484, 14.019292524432316, -28.523667038054533]",,,,,,0.0,,0.0,1,0.0,14.441584779785838,0.0032720999734010547,,,,2.4,2.4,traces/fixed_high_0179.npz
180,fixed,small,static,converged,True,"[-0.8116470141896799, 0.7421701487775283, 1.7372137198047977, 2.2666268531893223, 2.4345608400215886, 3.2716326785324332]",82.67066955566406,0.9934746026992798,0.9934746026992798,82.67066955566406,0.0,4.231999999999756,3.7319999999998106,5.231999999999646,158,0.07908478187205531,10.644095342140375,1.0729374999937136,,0.0,0.0025943155594403107,1.2,1.2,traces/fixed_0180.npz
180,adaptive,small,static,converged,True,"[-0.8116470141896799, 0.7421701487775283, 1.7372137198047977, 2.2666268531893223, 2.4345608400215886, 3.2716326785324332]",82.67066955566406,0.9721287488937378,0.9721287488937378,82.67066955566406,0.0,3.199999999999869,2.6999999999999242,4.1999999999997595,127,0.1549342627263463,10.644183879344165,0.8314105999888852,,0.0,0.0028590374925792764,0.9830771175788565,2.3999479773047767,traces/adaptive_0180.npz
180,fixed_high,small,static,converged,True,"[-0.8116470141896799, 0.7421701487775283, 1.7372137198047977, 2.2666268531893223, 2.4345608400215886, 3.2716326785324332]",82.67066955566406,0.9592882990837097,0.9592882990837097,82.67066955566406,0.0,2.3319999999999648,1.8320000000000014,3.3319999999998546,101,0.1549376211732818,10.644150251839461,0.6209760000056121,,0.0,0.005233779287101492,2.4,2.4,traces/fixed_high_0180.npz
181,fixed,small,static,converged,True,"[2.6025139872914096, -2.434248963252106, 3.5528698289736234, -0.8241152620446233, -2.700716980968761, 0.5355809804299918]",65.01028442382812,0.9929360151290894,0.9929360151290894,65.01028442382812,0.0,3.999999999999781,3.499999999999836,4.999999999999671,151,0.09407040165974725,10.639262138313503,0.9461350000055972,,0.0,0.002387591899764926,1.2,1.2,traces/fixed_0181.npz
181,adaptive,small,static,converged,True,"[2.6025139872914096, -2.434248963252106, 3.5528698289736234, -0.8241152620446233, -2.700716980968761, 0.5355809804299918]",65.01028442382812,0.9891194701194763,0.9891194701194763,65.01028442382812,0.0,3.065999999999884,2.565999999999939,4.065999999999774,123,0.18810371897227557,10.639289255220682,0.7759015000192448,,0.0,0.0025159142774505787,0.9860832462236865,2.3995269371037273,traces/adaptive_0181.npz
181,fixed_high,small,static,converged,True,"[2.6025139872914096, -2.434248963252106, 3.5528698289736234, -0.8241152620446233, -2.700716980968761, 0.5355809804299918]",65.01028442382812,0.9832695126533508,0.9832695126533508,65.01028442382812,0.0,2.1999999999999793,1.7000000000000013,3.199999999999869,97,0.1881408033194945,10.639114268702755,0.5932413999980781,,0.0,0.004730287311330039,2.4,2.4,traces/fixed_high_0181.npz
182,fixed,medium,static,converged,True,"[-4.992727341724558, 3.22067047732002, -1.6680969101827987, -7.658145489447752, -5.478068766598517, -5.183510062313693]",58.3629150390625,0.9898604154586792,0.9898604154586792,58.3629150390625,0.0,3.899999999999792,3.399999999999847,4.899999999999682,148,0.15959548058796277,10.864783999024583,0.9451949000067543,,0.0,0.007151508555349712,1.2,1.2,traces/fixed_0182.npz
182,adaptive,medium,static,converged,True,"[-4.992727341724558, 3.22067047732002, -1.6680969101827987, -7.658145489447752, -5.478068766598517, -5.183510062313693]",58.3629150390625,0.9779834151268005,0.9779834151268005,58.3629150390625,0.0,3.065999999999884,2.565999999999939,4.065999999999774,123,0.2708173116684025,10.864783999024583,0.7284190999926068,,0.0,0.007748669384747219,0.9841136928659564,2.3989141160196383,traces/adaptive_0182.npz
182,fixed_high,medium,static,converged,True,"[-4.992727341724558, 3.22067047732002, -1.6680969101827987, -7.658145489447752, -5.478068766598517, -5.183510062313693]",58.3629150390625,0.951101541519165,0.951101541519165,58.3629150390625,0.0,2.1999999999999793,1.7000000000000013,3.199999999999869,97,0.2708173116684023,10.864783999024583,0.5935807999921963,,0.0,0.014910778466620337,2.4,2.4,traces/fixed_high_0182.npz
183,fixed,small,static,converged,True,"[0.9435768353674865, -1.0781377815672426, 0.15553990134730444, 2.025187138151904, 2.7066526733823633, 3.839586786691939]",21.160295486450195,0.9435598850250244,0.9435598850250244,21.160295486450195,0.0,3.2319999999998656,2.7319999999999207,4.231999999999756,128,0.06391357854887561,10.65488551019934,0.8123835000151303,,0.0,0.0060253071092696035,1.2,1.2,traces/fixed_0183.npz
183,adaptive,small,static,converged,True,"[0.9435768353674865, -1.0781377815672426, 0.15553990134730444, 2.025187138151904, 2.7066526733823633, 3.839586786691939]",21.160295486450195,0.9548131227493286,0.9548131227493286,21.160295486450195,0.0,2.765999999999917,2.265999999999972,3.765999999999807,114,0.12177643846229717,10.65488551019934,0.7570470999926329,,0.0,0.006421929658713935,0.9761998685240697,2.2863956215971806,traces/adaptive_0183.npz
183,fixed_high,small,static,converged,True,"[0.9435768353674865, -1.0781377815672426, 0.15553990134730444, 2.025187138151904, 2.7066526733823633, 3.839586786691939]",21.160295486450195,0.9406601786613464,0.9406601786613464,21.160295486450195,0.0,1.8660000000000014,1.366000000000001,2.865999999999906,87,0.12782715709775122,10.65488551019934,0.5259613999805879,,0.0,0.012312406591571694,2.4,2.4,traces/fixed_high_0183.npz
184,fixed,medium,static,converged,True,"[-3.689919875972688, 2.2041821850036634, 2.497969979047234, 4.941738203127066, -3.2283528042578347, -10.135335736762613]",130.3380584716797,0.9667946696281433,0.9667946696281433,130.3380584716797,0.0,4.631999999999712,4.131999999999767,5.631999999999602,170,0.13139256864545784,10.65107463944012,1.0843381000158843,,0.0,0.004393590060629375,1.2,1.2,traces/fixed_0184.npz
184,adaptive,medium,static,converged,True,"[-3.689919875972688, 2.2041821850036634, 2.497969979047234, 4.941738203127066, -3.2283528042578347, -10.135335736762613]",130.3380584716797,0.9745489358901978,0.9745489358901978,130.3380584716797,0.0,3.4319999999998436,2.9319999999998987,4.431999999999734,134,0.2525071883633852,10.653765809676342,0.8240390999999363,,0.0,0.004606167252279362,0.9834426591731219,2.3999998655741033,traces/adaptive_0184.npz
184,fixed_high,medium,static,converged,True,"[-3.689919875972688, 2.2041821850036634, 2.497969979047234, 4.941738203127066, -3.2283528042578347, -10.135335736762613]",130.3380584716797,0.9240225553512573,0.9240225553512573,130.3380584716797,0.0,2.565999999999939,2.065999999999994,3.565999999999829,108,0.25250896799516964,10.653698832066539,0.6469419999921229,,0.0,0.008748561768695626,2.4,2.4,traces/fixed_high_0184.npz
185,fixed,medium,static,initial_out_of_view,False,"[5.253249661090971, -7.180581519488339, -2.1510926783828133, -9.485662686030413, -7.399648111704897, -8.458846498290253]",,,,,,0.0,,0.0,1,0.0,10.926232745515472,0.002479299990227446,,,,1.2,1.2,traces/fixed_0185.npz
185,adaptive,medium,static,initial_out_of_view,False,"[5.253249661090971, -7.180581519488339, -2.1510926783828133, -9.485662686030413, -7.399648111704897, -8.458846498290253]",,,,,,0.0,,0.0,1,0.0,10.926232745515472,0.0017174000095110387,,,,0.8,0.8,traces/adaptive_0185.npz
185,fixed_high,medium,static,initial_out_of_view,False,"[5.253249661090971, -7.180581519488339, -2.1510926783828133, -9.485662686030413, -7.399648111704897, -8.458846498290253]",,,,,,0.0,,0.0,1,0.0,10.926232745515472,0.003063599986489862,,,,2.4,2.4,traces/fixed_high_0185.npz
186,fixed,medium,static,converged,True,"[-3.232886562751345, -7.748451295812071, 6.0734778366231446, 2.2193874328081726, 7.717518694992414, 9.347976534644534]",93.1452865600586,0.9909483790397644,0.9909483790397644,93.1452865600586,0.0,4.365999999999741,3.865999999999796,5.365999999999631,162,0.19074101496419021,11.467915734842636,1.0157671999768354,,0.0,0.00639796251769954,1.2,1.2,traces/fixed_0186.npz
186,adaptive,medium,static,converged,True,"[-3.232886562751345, -7.748451295812071, 6.0734778366231446, 2.2193874328081726, 7.717518694992414, 9.347976534644534]",93.1452865600586,0.9980458617210388,0.9980458617210388,93.1452865600586,0.0,3.299999999999858,2.7999999999999132,4.2999999999997485,130,0.26155339292624,11.467915734842636,0.838070500001777,,0.0,0.0072465447303030825,0.9863452521260321,2.3999859537809174,traces/adaptive_0186.npz
186,fixed_high,medium,static,converged,True,"[-3.232886562751345, -7.748451295812071, 6.0734778366231446, 2.2193874328081726, 7.717518694992414, 9.347976534644534]",93.1452865600586,0.9541029930114746,0.9541029930114746,93.1452865600586,0.0,2.4999999999999463,2.0000000000000013,3.499999999999836,106,0.2615533929262402,11.467915734842636,0.6273438999778591,,0.0,0.013615930512357013,2.4,2.4,traces/fixed_high_0186.npz
187,fixed,small,static,converged,True,"[-1.5097687497081573, 1.6052475927805725, -3.4469656316090376, -0.5874546432191883, 0.26936970567994845, -1.2802176637151321]",36.443275451660156,0.9451825618743896,0.9451825618743896,36.443275451660156,0.0,3.565999999999829,3.065999999999884,4.565999999999719,138,0.06662632149447327,11.060974345342059,0.8454067999846302,,0.0,0.005047855380820587,1.2,1.2,traces/fixed_0187.npz
187,adaptive,small,static,converged,True,"[-1.5097687497081573, 1.6052475927805725, -3.4469656316090376, -0.5874546432191883, 0.26936970567994845, -1.2802176637151321]",36.443275451660156,0.9591072797775269,0.9591072797775269,36.443275451660156,0.0,2.865999999999906,2.365999999999961,3.865999999999796,117,0.1323189687309521,11.060974345342059,0.716470199986361,,0.0,0.005081855610743718,0.9807557027625886,2.3831836865001432,traces/adaptive_0187.npz
187,fixed_high,small,static,converged,True,"[-1.5097687497081573, 1.6052475927805725, -3.4469656316090376, -0.5874546432191883, 0.26936970567994845, -1.2802176637151321]",36.443275451660156,0.9003841280937195,0.9003841280937195,36.443275451660156,0.0,2.0000000000000013,1.500000000000001,2.999999999999891,91,0.13325264298894654,11.060974345342059,0.5672835000150371,,0.0,0.010261457022258119,2.4,2.4,traces/fixed_high_0187.npz
188,fixed,small,static,converged,True,"[1.9544151154273317, 2.8427674743993743, 2.476936680562739, 1.389994177913521, -2.857771945858908, 1.2258079474170183]",73.7258529663086,0.9774169325828552,0.9774169325828552,73.7258529663086,0.0,3.9319999999997886,3.4319999999998436,4.931999999999679,149,0.0688483618275405,10.640202704520073,0.9539258999866433,,0.0,0.0032641642790644542,1.2,1.2,traces/fixed_0188.npz
188,adaptive,small,static,converged,True,"[1.9544151154273317, 2.8427674743993743, 2.476936680562739, 1.389994177913521, -2.857771945858908, 1.2258079474170183]",73.7258529663086,0.9792788624763489,0.9792788624763489,73.7258529663086,0.0,2.9319999999998987,2.4319999999999538,3.9319999999997886,119,0.12526450412400894,10.64015858702126,0.7349124999891501,,0.0,0.0035128818238601774,0.98406533717807,2.399840860276374,traces/adaptive_0188.npz
188,fixed_high,small,static,converged,True,"[1.9544151154273317, 2.8427674743993743, 2.476936680562739, 1.389994177913521, -2.857771945858908, 1.2258079474170183]",73.7258529663086,0.9751227498054504,0.9751227498054504,73.7258529663086,0.0,2.131999999999987,1.6320000000000012,3.1319999999998767,95,0.1252645041240092,10.639836013343832,0.5880219000100624,,0.0,0.006874420411446768,2.4,2.4,traces/fixed_high_0188.npz
189,fixed,medium,static,initial_out_of_view,False,"[-4.270627009435204, -3.4585621228840147, 0.271707957698446, 1.896669637300505, -4.33449853949098, -11.34209846723337]",,,,,,0.0,,0.0,1,0.0,10.600512629612,0.002240800007712096,,,,1.2,1.2,traces/fixed_0189.npz
189,adaptive,medium,static,initial_out_of_view,False,"[-4.270627009435204, -3.4585621228840147, 0.271707957698446, 1.896669637300505, -4.33449853949098, -11.34209846723337]",,,,,,0.0,,0.0,1,0.0,10.600512629612,0.0030393000051844865,,,,0.8,0.8,traces/adaptive_0189.npz
189,fixed_high,medium,static,initial_out_of_view,False,"[-4.270627009435204, -3.4585621228840147, 0.271707957698446, 1.896669637300505, -4.33449853949098, -11.34209846723337]",,,,,,0.0,,0.0,1,0.0,10.600512629612,0.0030476000101771206,,,,2.4,2.4,traces/fixed_high_0189.npz
190,fixed,medium,static,initial_out_of_view,False,"[-7.26107358865038, -5.636782029801314, 1.4335141074259745, 10.916991584512736, -5.154887826164323, 11.471857586780885]",,,,,,0.0,,0.0,1,0.0,10.575278217378106,0.0030045999737922102,,,,1.2,1.2,traces/fixed_0190.npz
190,adaptive,medium,static,initial_out_of_view,False,"[-7.26107358865038, -5.636782029801314, 1.4335141074259745, 10.916991584512736, -5.154887826164323, 11.471857586780885]",,,,,,0.0,,0.0,1,0.0,10.575278217378106,0.004647199995815754,,,,0.8,0.8,traces/adaptive_0190.npz
190,fixed_high,medium,static,initial_out_of_view,False,"[-7.26107358865038, -5.636782029801314, 1.4335141074259745, 10.916991584512736, -5.154887826164323, 11.471857586780885]",,,,,,0.0,,0.0,1,0.0,10.575278217378106,0.0021909000060986727,,,,2.4,2.4,traces/fixed_high_0190.npz
191,fixed,large,static,initial_out_of_view,False,"[-17.625163566596243, -13.819145798411416, 24.356405139294274, 0.4918046152952513, -14.839550123879905, -22.69719719512493]",,,,,,0.0,,0.0,1,0.0,8.590615475381668,0.0021284999966155738,,,,1.2,1.2,traces/fixed_0191.npz
191,adaptive,large,static,initial_out_of_view,False,"[-17.625163566596243, -13.819145798411416, 24.356405139294274, 0.4918046152952513, -14.839550123879905, -22.69719719512493]",,,,,,0.0,,0.0,1,0.0,8.590615475381668,0.0023333000135608017,,,,0.8,0.8,traces/adaptive_0191.npz
191,fixed_high,large,static,initial_out_of_view,False,"[-17.625163566596243, -13.819145798411416, 24.356405139294274, 0.4918046152952513, -14.839550123879905, -22.69719719512493]",,,,,,0.0,,0.0,1,0.0,8.590615475381668,0.00200609999592416,,,,2.4,2.4,traces/fixed_high_0191.npz
192,fixed,large,static,initial_out_of_view,False,"[6.92502637330611, -11.222226261052239, -21.193857349725846, 28.67553633140149, -3.9680431725646788, -24.36416410946306]",,,,,,0.0,,0.0,1,0.0,14.533871629489152,0.001872599998023361,,,,1.2,1.2,traces/fixed_0192.npz
192,adaptive,large,static,initial_out_of_view,False,"[6.92502637330611, -11.222226261052239, -21.193857349725846, 28.67553633140149, -3.9680431725646788, -24.36416410946306]",,,,,,0.0,,0.0,1,0.0,14.533871629489152,0.001582199998665601,,,,0.8,0.8,traces/adaptive_0192.npz
192,fixed_high,large,static,initial_out_of_view,False,"[6.92502637330611, -11.222226261052239, -21.193857349725846, 28.67553633140149, -3.9680431725646788, -24.36416410946306]",,,,,,0.0,,0.0,1,0.0,14.533871629489152,0.0018094999832101166,,,,2.4,2.4,traces/fixed_high_0192.npz
193,fixed,small,static,converged,True,"[-2.2417896913136617, -0.7435698393199663, -1.5150004406142248, -1.5568194534486466, -2.5415972627845997, 2.8436650834263695]",81.20144653320312,0.9719951152801514,0.9719951152801514,81.20144653320312,0.0,4.265999999999752,3.765999999999807,5.265999999999642,159,0.07783051627182865,10.815902600528194,1.0266241999925114,,0.0,0.003013355010959474,1.2,1.2,traces/fixed_0193.npz
193,adaptive,small,static,converged,True,"[-2.2417896913136617, -0.7435698393199663, -1.5150004406142248, -1.5568194534486466, -2.5415972627845997, 2.8436650834263695]",81.20144653320312,0.9711066484451294,0.9711066484451294,81.20144653320312,0.0,3.2319999999998656,2.7319999999999207,4.231999999999756,128,0.1536057674190176,10.816932791237713,0.8260068999952637,,0.0,0.0032613554952091975,0.9828960724699131,2.3999374895424825,traces/adaptive_0193.npz
193,fixed_high,small,static,converged,True,"[-2.2417896913136617, -0.7435698393199663, -1.5150004406142248, -1.5568194534486466, -2.5415972627845997, 2.8436650834263695]",81.20144653320312,0.8685356974601746,0.8685356974601746,81.20144653320312,0.0,2.365999999999961,1.8660000000000014,3.365999999999851,102,0.15360976834272597,10.816932845300112,0.6601572999788914,,0.0,0.006172269011876818,2.4,2.4,traces/fixed_high_0193.npz
194,fixed,medium,static,initial_out_of_view,False,"[-7.912970347351887, -5.828369692670947, -5.553880377025175, 11.263318764717908, 3.347068394065923, -10.497460710366934]",,,,,,0.0,,0.0,1,0.0,11.684613226096166,0.0025602999958209693,,,,1.2,1.2,traces/fixed_0194.npz
194,adaptive,medium,static,initial_out_of_view,False,"[-7.912970347351887, -5.828369692670947, -5.553880377025175, 11.263318764717908, 3.347068394065923, -10.497460710366934]",,,,,,0.0,,0.0,1,0.0,11.684613226096166,0.003208799986168742,,,,0.8,0.8,traces/adaptive_0194.npz
194,fixed_high,medium,static,initial_out_of_view,False,"[-7.912970347351887, -5.828369692670947, -5.553880377025175, 11.263318764717908, 3.347068394065923, -10.497460710366934]",,,,,,0.0,,0.0,1,0.0,11.684613226096166,0.0018866999889723957,,,,2.4,2.4,traces/fixed_high_0194.npz
195,fixed,small,static,converged,True,"[1.1048669514814549, 2.8444208423591864, -1.6036218225986936, 3.566602200478698, -1.721636155654061, -0.6216124458655967]",16.48666763305664,0.9861186146736145,0.9861186146736145,16.49198341369629,0.03224290534606933,2.7319999999999207,2.231999999999976,3.7319999999998106,113,0.07670295730958591,10.843085604419644,0.7085589999915101,,0.0,0.008729032074476778,1.2,1.2,traces/fixed_0195.npz
195,adaptive,small,static,converged,True,"[1.1048669514814549, 2.8444208423591864, -1.6036218225986936, 3.566602200478698, -1.721636155654061, -0.6216124458655967]",16.48666763305664,0.9817178845405579,0.9817178845405579,16.48666763305664,0.0,2.365999999999961,1.8660000000000014,3.365999999999851,102,0.1403819777269505,10.843085604419644,0.6647835000185296,,0.0,0.009486187110135347,0.9847744760183275,2.1962435241240383,traces/adaptive_0195.npz
195,fixed_high,small,static,converged,True,"[1.1048669514814549, 2.8444208423591864, -1.6036218225986936, 3.566602200478698, -1.721636155654061, -0.6216124458655967]",16.48666763305664,0.9871800541877747,0.9871800541877747,16.48666763305664,0.0,1.5660000000000012,1.0660000000000007,2.565999999999939,78,0.15340591461917183,10.843085604419644,0.4934627000184264,,0.0,0.018593563150230873,2.4,2.4,traces/fixed_high_0195.npz
196,fixed,large,static,initial_out_of_view,False,"[-15.174975904623516, -3.757400287491846, -13.549111109919675, 11.403241868041086, 17.40124199887434, -6.065769127421877]",,,,,,0.0,,0.0,1,0.0,15.977319908077494,0.0029214000096544623,,,,1.2,1.2,traces/fixed_0196.npz
196,adaptive,large,static,initial_out_of_view,False,"[-15.174975904623516, -3.757400287491846, -13.549111109919675, 11.403241868041086, 17.40124199887434, -6.065769127421877]",,,,,,0.0,,0.0,1,0.0,15.977319908077494,0.0018320000090170652,,,,0.8,0.8,traces/adaptive_0196.npz
196,fixed_high,large,static,initial_out_of_view,False,"[-15.174975904623516, -3.757400287491846, -13.549111109919675, 11.403241868041086, 17.40124199887434, -6.065769127421877]",,,,,,0.0,,0.0,1,0.0,15.977319908077494,0.0036721999931614846,,,,2.4,2.4,traces/fixed_high_0196.npz
197,fixed,large,static,initial_out_of_view,False,"[-11.076316705575596, 1.9753472586562637, 21.484977708900317, 17.673203522339314, 14.42202591971386, -10.400262985932326]",,,,,,0.0,,0.0,1,0.0,13.511003785895422,0.0017100000113714486,,,,1.2,1.2,traces/fixed_0197.npz
197,adaptive,large,static,initial_out_of_view,False,"[-11.076316705575596, 1.9753472586562637, 21.484977708900317, 17.673203522339314, 14.42202591971386, -10.400262985932326]",,,,,,0.0,,0.0,1,0.0,13.511003785895422,0.0016949999844655395,,,,0.8,0.8,traces/adaptive_0197.npz
197,fixed_high,large,static,initial_out_of_view,False,"[-11.076316705575596, 1.9753472586562637, 21.484977708900317, 17.673203522339314, 14.42202591971386, -10.400262985932326]",,,,,,0.0,,0.0,1,0.0,13.511003785895422,0.0015802000125404447,,,,2.4,2.4,traces/fixed_high_0197.npz
198,fixed,medium,static,initial_out_of_view,False,"[-4.680736665684401, -0.13231616698092274, 8.354874430244777, 7.614360084742181, 1.1213940388523884, -7.729822161826627]",,,,,,0.0,,0.0,1,0.0,10.10556421156591,0.0020862999954260886,,,,1.2,1.2,traces/fixed_0198.npz
198,adaptive,medium,static,initial_out_of_view,False,"[-4.680736665684401, -0.13231616698092274, 8.354874430244777, 7.614360084742181, 1.1213940388523884, -7.729822161826627]",,,,,,0.0,,0.0,1,0.0,10.10556421156591,0.003405999974347651,,,,0.8,0.8,traces/adaptive_0198.npz
198,fixed_high,medium,static,initial_out_of_view,False,"[-4.680736665684401, -0.13231616698092274, 8.354874430244777, 7.614360084742181, 1.1213940388523884, -7.729822161826627]",,,,,,0.0,,0.0,1,0.0,10.10556421156591,0.00226829998428002,,,,2.4,2.4,traces/fixed_high_0198.npz
199,fixed,large,static,initial_out_of_view,False,"[13.840485845610967, 14.065420890265585, 0.892964219049837, -3.187825829241614, 12.919804195473898, -21.355609953155064]",,,,,,0.0,,0.0,1,0.0,11.935547554003081,0.0021123999904375523,,,,1.2,1.2,traces/fixed_0199.npz
199,adaptive,large,static,initial_out_of_view,False,"[13.840485845610967, 14.065420890265585, 0.892964219049837, -3.187825829241614, 12.919804195473898, -21.355609953155064]",,,,,,0.0,,0.0,1,0.0,11.935547554003081,0.0032119999814312905,,,,0.8,0.8,traces/adaptive_0199.npz
199,fixed_high,large,static,initial_out_of_view,False,"[13.840485845610967, 14.065420890265585, 0.892964219049837, -3.187825829241614, 12.919804195473898, -21.355609953155064]",,,,,,0.0,,0.0,1,0.0,11.935547554003081,0.003318200004287064,,,,2.4,2.4,traces/fixed_high_0199.npz
200,fixed,large,static,initial_out_of_view,False,"[0.8037607953683583, 0.68244207256528, -14.088721861658977, 3.7318963414766912, -17.491056452345358, -27.060723699862887]",,,,,,0.0,,0.0,1,0.0,12.563174044718048,0.0018416999955661595,,,,1.2,1.2,traces/fixed_0200.npz
200,adaptive,large,static,initial_out_of_view,False,"[0.8037607953683583, 0.68244207256528, -14.088721861658977, 3.7318963414766912, -17.491056452345358, -27.060723699862887]",,,,,,0.0,,0.0,1,0.0,12.563174044718048,0.0017639000143390149,,,,0.8,0.8,traces/adaptive_0200.npz
200,fixed_high,large,static,initial_out_of_view,False,"[0.8037607953683583, 0.68244207256528, -14.088721861658977, 3.7318963414766912, -17.491056452345358, -27.060723699862887]",,,,,,0.0,,0.0,1,0.0,12.563174044718048,0.002841000008629635,,,,2.4,2.4,traces/fixed_high_0200.npz
