timestamp, name, pstate, temperature.gpu, utilization.gpu [%], utilization.memory [%], clocks.current.sm [MHz], clocks.current.memory [MHz], power.draw [W], power.limit [W], enforced.power.limit [W], clocks_event_reasons.active, clocks_event_reasons.gpu_idle, clocks_event_reasons.sw_power_cap, clocks_event_reasons.sw_thermal_slowdown, clocks_event_reasons.hw_thermal_slowdown, clocks_event_reasons.hw_power_brake_slowdown
2026/09/23 20:45:14.282, NVIDIA GeForce RTX 3050 6GB Laptop GPU, P8, 39, 0, 0, 210, 405, 5.27, [N/A], 45.00, 0x0000000000000001, Active, Not Active, Not Active, Not Active, Not Active
2026/09/23 20:45:14.542, NVIDIA GeForce RTX 3050 6GB Laptop GPU, P8, 39, 0, 0, 210, 405, 5.27, [N/A], 45.00, 0x0000000000000001, Active, Not Active, Not Active, Not Active, Not Active
2026/09/23 20:45:14.805, NVIDIA GeForce RTX 3050 6GB Laptop GPU, P8, 39, 0, 0, 210, 405, 5.27, [N/A], 45.00, 0x0000000000000001, Active, Not Active, Not Active, Not Active, Not Active
2026/09/23 20:45:15.065, NVIDIA GeForce RTX 3050 6GB Laptop GPU, P8, 39, 0, 0, 210, 405, 5.27, [N/A], 45.00, 0x0000000000000001, Active, Not Active, Not Active, Not Active, Not Active
2026/09/23 20:45:15.326, NVIDIA GeForce RTX 3050 6GB Laptop GPU, P8, 39, 0, 0, 210, 405, 5.29, [N/A], 45.00, 0x0000000000000001, Active, Not Active, Not Active, Not Active, Not Active
2026/09/23 20:45:15.587, NVIDIA GeForce RTX 3050 6GB Laptop GPU, P8, 39, 0, 0, 210, 405, 5.29, [N/A], 45.00, 0x0000000000000001, Active, Not Active, Not Active, Not Active, Not Active
2026/09/23 20:45:15.851, NVIDIA GeForce RTX 3050 6GB Laptop GPU, P8, 39, 0, 0, 210, 405, 5.29, [N/A], 45.00, 0x0000000000000001, Active, Not Active, Not Active, Not Active, Not Active
2026/09/23 20:45:16.108, NVIDIA GeForce RTX 3050 6GB Laptop GPU, P8, 39, 0, 0, 210, 405, 5.29, [N/A], 45.00, 0x0000000000000001, Active, Not Active, Not Active, Not Active, Not Active
2026/09/23 20:45:16.370, NVIDIA GeForce RTX 3050 6GB Laptop GPU, P8, 39, 0, 0, 210, 405, 5.32, [N/A], 45.00, 0x0000000000000001, Active, Not Active, Not Active, Not Active, Not Active
2026/09/23 20:45:16.635, NVIDIA GeForce RTX 3050 6GB Laptop GPU, P8, 39, 0, 0, 210, 405, 5.32, [N/A], 45.00, 0x0000000000000001, Active, Not Active, Not Active, Not Active, Not Active
2026/09/23 20:45:16.902, NVIDIA GeForce RTX 3050 6GB Laptop GPU, P8, 39, 0, 0, 210, 405, 5.32, [N/A], 45.00, 0x0000000000000001, Active, Not Active, Not Active, Not Active, Not Active
2026/09/23 20:45:17.162, NVIDIA GeForce RTX 3050 6GB Laptop GPU, P8, 39, 0, 0, 210, 405, 5.32, [N/A], 45.00, 0x0000000000000001, Active, Not Active, Not Active, Not Active, Not Active
2026/09/23 20:45:17.423, NVIDIA GeForce RTX 3050 6GB Laptop GPU, P8, 39, 0, 0, 210, 405, 5.30, [N/A], 45.00, 0x0000000000000001, Active, Not Active, Not Active, Not Active, Not Active
2026/09/23 20:45:17.686, NVIDIA GeForce RTX 3050 6GB Laptop GPU, P8, 39, 0, 0, 210, 405, 5.30, [N/A], 44.56, 0x0000000000000001, Active, Not Active, Not Active, Not Active, Not Active
2026/09/23 20:45:17.948, NVIDIA GeForce RTX 3050 6GB Laptop GPU, P8, 39, 0, 0, 210, 405, 5.30, [N/A], 44.56, 0x0000000000000001, Active, Not Active, Not Active, Not Active, Not Active
2026/09/23 20:45:18.211, NVIDIA GeForce RTX 3050 6GB Laptop GPU, P8, 39, 0, 0, 210, 405, 5.30, [N/A], 44.56, 0x0000000000000001, Active, Not Active, Not Active, Not Active, Not Active
2026/09/23 20:45:18.476, NVIDIA GeForce RTX 3050 6GB Laptop GPU, P8, 39, 0, 0, 210, 405, 5.19, [N/A], 44.87, 0x0000000000000001, Active, Not Active, Not Active, Not Active, Not Active
2026/09/23 20:45:18.739, NVIDIA GeForce RTX 3050 6GB Laptop GPU, P8, 39, 0, 0, 210, 405, 9.19, [N/A], 44.87, 0x0000000000000001, Active, Not Active, Not Active, Not Active, Not Active
2026/09/23 20:45:19.004, NVIDIA GeForce RTX 3050 6GB Laptop GPU, P8, 39, 0, 0, 210, 405, 5.19, [N/A], 44.57, 0x0000000000000001, Active, Not Active, Not Active, Not Active, Not Active
2026/09/23 20:45:19.267, NVIDIA GeForce RTX 3050 6GB Laptop GPU, P8, 39, 0, 0, 210, 405, 5.30, [N/A], 44.57, 0x0000000000000001, Active, Not Active, Not Active, Not Active, Not Active
2026/09/23 20:45:19.534, NVIDIA GeForce RTX 3050 6GB Laptop GPU, P8, 39, 0, 0, 210, 405, 5.23, [N/A], 44.57, 0x0000000000000001, Active, Not Active, Not Active, Not Active, Not Active
2026/09/23 20:45:19.796, NVIDIA GeForce RTX 3050 6GB Laptop GPU, P8, 39, 0, 0, 210, 405, 5.27, [N/A], 44.57, 0x0000000000000001, Active, Not Active, Not Active, Not Active, Not Active
2026/09/23 20:45:20.059, NVIDIA GeForce RTX 3050 6GB Laptop GPU, P8, 39, 0, 0, 210, 405, 5.29, [N/A], 44.03, 0x0000000000000001, Active, Not Active, Not Active, Not Active, Not Active
2026/09/23 20:45:20.329, NVIDIA GeForce RTX 3050 6GB Laptop GPU, P8, 39, 0, 0, 210, 405, 5.46, [N/A], 44.03, 0x0000000000000001, Active, Not Active, Not Active, Not Active, Not Active
2026/09/23 20:45:20.587, NVIDIA GeForce RTX 3050 6GB Laptop GPU, P8, 39, 0, 0, 210, 405, 5.30, [N/A], 44.03, 0x0000000000000001, Active, Not Active, Not Active, Not Active, Not Active
2026/09/23 20:45:20.852, NVIDIA GeForce RTX 3050 6GB Laptop GPU, P8, 39, 0, 0, 210, 405, 5.46, [N/A], 44.03, 0x0000000000000001, Active, Not Active, Not Active, Not Active, Not Active
2026/09/23 20:45:21.117, NVIDIA GeForce RTX 3050 6GB Laptop GPU, P8, 39, 0, 0, 210, 405, 5.20, [N/A], 44.03, 0x0000000000000001, Active, Not Active, Not Active, Not Active, Not Active
2026/09/23 20:45:21.382, NVIDIA GeForce RTX 3050 6GB Laptop GPU, P8, 39, 0, 0, 210, 405, 5.35, [N/A], 44.03, 0x0000000000000001, Active, Not Active, Not Active, Not Active, Not Active
2026/09/23 20:45:21.646, NVIDIA GeForce RTX 3050 6GB Laptop GPU, P8, 39, 0, 0, 210, 405, 6.55, [N/A], 44.03, 0x0000000000000001, Active, Not Active, Not Active, Not Active, Not Active
2026/09/23 20:45:21.909, NVIDIA GeForce RTX 3050 6GB Laptop GPU, P8, 39, 0, 0, 210, 405, 6.49, [N/A], 44.03, 0x0000000000000001, Active, Not Active, Not Active, Not Active, Not Active
2026/09/23 20:45:22.171, NVIDIA GeForce RTX 3050 6GB Laptop GPU, P8, 39, 0, 0, 210, 405, 6.50, [N/A], 43.41, 0x0000000000000001, Active, Not Active, Not Active, Not Active, Not Active
2026/09/23 20:45:22.434, NVIDIA GeForce RTX 3050 6GB Laptop GPU, P8, 39, 0, 0, 210, 405, 6.50, [N/A], 43.41, 0x0000000000000001, Active, Not Active, Not Active, Not Active, Not Active
2026/09/23 20:45:22.698, NVIDIA GeForce RTX 3050 6GB Laptop GPU, P8, 39, 0, 0, 210, 405, 6.50, [N/A], 43.41, 0x0000000000000001, Active, Not Active, Not Active, Not Active, Not Active
2026/09/23 20:45:22.966, NVIDIA GeForce RTX 3050 6GB Laptop GPU, P8, 39, 0, 0, 210, 405, 6.50, [N/A], 43.41, 0x0000000000000001, Active, Not Active, Not Active, Not Active, Not Active
2026/09/23 20:45:23.227, NVIDIA GeForce RTX 3050 6GB Laptop GPU, P8, 39, 0, 0, 210, 405, 5.21, [N/A], 43.78, 0x0000000000000001, Active, Not Active, Not Active, Not Active, Not Active
2026/09/23 20:45:23.492, NVIDIA GeForce RTX 3050 6GB Laptop GPU, P8, 39, 0, 0, 210, 405, 5.89, [N/A], 44.23, 0x0000000000000001, Active, Not Active, Not Active, Not Active, Not Active
2026/09/23 20:45:23.750, NVIDIA GeForce RTX 3050 6GB Laptop GPU, P8, 39, 0, 0, 210, 405, 5.25, [N/A], 44.23, 0x0000000000000001, Active, Not Active, Not Active, Not Active, Not Active
2026/09/23 20:45:24.015, NVIDIA GeForce RTX 3050 6GB Laptop GPU, P8, 39, 0, 0, 210, 405, 5.29, [N/A], 44.90, 0x0000000000000001, Active, Not Active, Not Active, Not Active, Not Active
2026/09/23 20:45:24.276, NVIDIA GeForce RTX 3050 6GB Laptop GPU, P8, 39, 0, 0, 210, 405, 5.25, [N/A], 44.90, 0x0000000000000001, Active, Not Active, Not Active, Not Active, Not Active
2026/09/23 20:45:24.541, NVIDIA GeForce RTX 3050 6GB Laptop GPU, P8, 39, 0, 0, 210, 405, 5.37, [N/A], 44.90, 0x0000000000000001, Active, Not Active, Not Active, Not Active, Not Active
2026/09/23 20:45:24.809, NVIDIA GeForce RTX 3050 6GB Laptop GPU, P8, 39, 0, 0, 210, 405, 5.22, [N/A], 44.90, 0x0000000000000001, Active, Not Active, Not Active, Not Active, Not Active
2026/09/23 20:45:25.068, NVIDIA GeForce RTX 3050 6GB Laptop GPU, P8, 39, 0, 0, 210, 405, 9.23, [N/A], 44.90, 0x0000000000000001, Active, Not Active, Not Active, Not Active, Not Active
2026/09/23 20:45:25.331, NVIDIA GeForce RTX 3050 6GB Laptop GPU, P8, 39, 0, 0, 210, 405, 5.50, [N/A], 44.90, 0x0000000000000001, Active, Not Active, Not Active, Not Active, Not Active
2026/09/23 20:45:25.586, NVIDIA GeForce RTX 3050 6GB Laptop GPU, P8, 39, 0, 0, 210, 405, 5.34, [N/A], 45.00, 0x0000000000000001, Active, Not Active, Not Active, Not Active, Not Active
2026/09/23 20:45:25.851, NVIDIA GeForce RTX 3050 6GB Laptop GPU, P8, 39, 0, 0, 210, 405, 5.24, [N/A], 45.00, 0x0000000000000001, Active, Not Active, Not Active, Not Active, Not Active
2026/09/23 20:45:26.112, NVIDIA GeForce RTX 3050 6GB Laptop GPU, P8, 39, 0, 0, 210, 405, 5.45, [N/A], 45.00, 0x0000000000000001, Active, Not Active, Not Active, Not Active, Not Active
2026/09/23 20:45:26.376, NVIDIA GeForce RTX 3050 6GB Laptop GPU, P8, 39, 0, 0, 210, 405, 5.33, [N/A], 45.00, 0x0000000000000001, Active, Not Active, Not Active, Not Active, Not Active
2026/09/23 20:45:26.639, NVIDIA GeForce RTX 3050 6GB Laptop GPU, P8, 39, 0, 0, 210, 405, 5.33, [N/A], 45.00, 0x0000000000000001, Active, Not Active, Not Active, Not Active, Not Active
2026/09/23 20:45:26.904, NVIDIA GeForce RTX 3050 6GB Laptop GPU, P8, 39, 0, 0, 210, 405, 5.33, [N/A], 45.00, 0x0000000000000001, Active, Not Active, Not Active, Not Active, Not Active
2026/09/23 20:45:27.171, NVIDIA GeForce RTX 3050 6GB Laptop GPU, P8, 39, 0, 0, 210, 405, 5.33, [N/A], 45.00, 0x0000000000000001, Active, Not Active, Not Active, Not Active, Not Active
2026/09/23 20:45:27.433, NVIDIA GeForce RTX 3050 6GB Laptop GPU, P8, 39, 0, 0, 210, 405, 5.32, [N/A], 45.00, 0x0000000000000001, Active, Not Active, Not Active, Not Active, Not Active
2026/09/23 20:45:27.698, NVIDIA GeForce RTX 3050 6GB Laptop GPU, P8, 39, 0, 0, 210, 405, 5.32, [N/A], 45.00, 0x0000000000000001, Active, Not Active, Not Active, Not Active, Not Active
2026/09/23 20:45:27.962, NVIDIA GeForce RTX 3050 6GB Laptop GPU, P8, 39, 0, 0, 210, 405, 5.32, [N/A], 45.00, 0x0000000000000001, Active, Not Active, Not Active, Not Active, Not Active
2026/09/23 20:45:28.227, NVIDIA GeForce RTX 3050 6GB Laptop GPU, P8, 39, 0, 0, 210, 405, 5.30, [N/A], 45.00, 0x0000000000000001, Active, Not Active, Not Active, Not Active, Not Active
2026/09/23 20:45:28.489, NVIDIA GeForce RTX 3050 6GB Laptop GPU, P8, 39, 0, 0, 210, 405, 5.30, [N/A], 45.00, 0x0000000000000001, Active, Not Active, Not Active, Not Active, Not Active
2026/09/23 20:45:28.753, NVIDIA GeForce RTX 3050 6GB Laptop GPU, P8, 39, 0, 0, 210, 405, 5.30, [N/A], 45.00, 0x0000000000000001, Active, Not Active, Not Active, Not Active, Not Active
2026/09/23 20:45:29.017, NVIDIA GeForce RTX 3050 6GB Laptop GPU, P8, 39, 0, 0, 210, 405, 5.30, [N/A], 45.00, 0x0000000000000001, Active, Not Active, Not Active, Not Active, Not Active
2026/09/23 20:45:29.279, NVIDIA GeForce RTX 3050 6GB Laptop GPU, P8, 39, 0, 0, 210, 405, 5.29, [N/A], 45.00, 0x0000000000000001, Active, Not Active, Not Active, Not Active, Not Active
2026/09/23 20:45:29.548, NVIDIA GeForce RTX 3050 6GB Laptop GPU, P8, 39, 0, 0, 210, 405, 5.29, [N/A], 45.00, 0x0000000000000001, Active, Not Active, Not Active, Not Active, Not Active
2026/09/23 20:45:29.807, NVIDIA GeForce RTX 3050 6GB Laptop GPU, P8, 39, 0, 0, 210, 405, 5.29, [N/A], 45.00, 0x0000000000000001, Active, Not Active, Not Active, Not Active, Not Active
2026/09/23 20:45:30.068, NVIDIA GeForce RTX 3050 6GB Laptop GPU, P8, 39, 0, 0, 210, 405, 5.29, [N/A], 45.00, 0x0000000000000001, Active, Not Active, Not Active, Not Active, Not Active
2026/09/23 20:45:30.333, NVIDIA GeForce RTX 3050 6GB Laptop GPU, P8, 39, 0, 0, 210, 405, 5.29, [N/A], 45.00, 0x0000000000000001, Active, Not Active, Not Active, Not Active, Not Active
2026/09/23 20:45:30.598, NVIDIA GeForce RTX 3050 6GB Laptop GPU, P8, 39, 0, 0, 210, 405, 5.29, [N/A], 45.00, 0x0000000000000001, Active, Not Active, Not Active, Not Active, Not Active
2026/09/23 20:45:30.857, NVIDIA GeForce RTX 3050 6GB Laptop GPU, P8, 39, 0, 0, 210, 405, 5.29, [N/A], 45.00, 0x0000000000000001, Active, Not Active, Not Active, Not Active, Not Active
2026/09/23 20:45:31.122, NVIDIA GeForce RTX 3050 6GB Laptop GPU, P8, 39, 0, 0, 210, 405, 5.29, [N/A], 45.00, 0x0000000000000001, Active, Not Active, Not Active, Not Active, Not Active
2026/09/23 20:45:31.387, NVIDIA GeForce RTX 3050 6GB Laptop GPU, P8, 39, 0, 0, 210, 405, 5.36, [N/A], 45.00, 0x0000000000000001, Active, Not Active, Not Active, Not Active, Not Active
2026/09/23 20:45:31.652, NVIDIA GeForce RTX 3050 6GB Laptop GPU, P8, 40, 0, 0, 210, 405, 5.60, [N/A], 45.00, 0x0000000000000001, Active, Not Active, Not Active, Not Active, Not Active
2026/09/23 20:45:31.915, NVIDIA GeForce RTX 3050 6GB Laptop GPU, P8, 40, 0, 0, 210, 405, 5.76, [N/A], 45.00, 0x0000000000000001, Active, Not Active, Not Active, Not Active, Not Active
2026/09/23 20:45:32.180, NVIDIA GeForce RTX 3050 6GB Laptop GPU, P8, 39, 0, 0, 210, 405, 5.83, [N/A], 45.00, 0x0000000000000001, Active, Not Active, Not Active, Not Active, Not Active
2026/09/23 20:45:32.444, NVIDIA GeForce RTX 3050 6GB Laptop GPU, P8, 39, 0, 0, 210, 405, 6.41, [N/A], 45.00, 0x0000000000000001, Active, Not Active, Not Active, Not Active, Not Active
2026/09/23 20:45:32.708, NVIDIA GeForce RTX 3050 6GB Laptop GPU, P8, 39, 0, 0, 210, 405, 6.41, [N/A], 45.00, 0x0000000000000001, Active, Not Active, Not Active, Not Active, Not Active
2026/09/23 20:45:32.970, NVIDIA GeForce RTX 3050 6GB Laptop GPU, P8, 39, 0, 0, 210, 405, 6.41, [N/A], 45.00, 0x0000000000000001, Active, Not Active, Not Active, Not Active, Not Active
2026/09/23 20:45:33.234, NVIDIA GeForce RTX 3050 6GB Laptop GPU, P8, 39, 0, 0, 210, 405, 6.41, [N/A], 45.00, 0x0000000000000001, Active, Not Active, Not Active, Not Active, Not Active
2026/09/23 20:45:33.493, NVIDIA GeForce RTX 3050 6GB Laptop GPU, P8, 39, 0, 0, 210, 405, 5.42, [N/A], 45.00, 0x0000000000000001, Active, Not Active, Not Active, Not Active, Not Active
2026/09/23 20:45:33.753, NVIDIA GeForce RTX 3050 6GB Laptop GPU, P8, 39, 0, 0, 210, 405, 5.42, [N/A], 45.00, 0x0000000000000001, Active, Not Active, Not Active, Not Active, Not Active
2026/09/23 20:45:34.017, NVIDIA GeForce RTX 3050 6GB Laptop GPU, P8, 39, 0, 0, 210, 405, 5.42, [N/A], 45.00, 0x0000000000000001, Active, Not Active, Not Active, Not Active, Not Active
2026/09/23 20:45:34.281, NVIDIA GeForce RTX 3050 6GB Laptop GPU, P8, 39, 0, 0, 210, 405, 5.42, [N/A], 45.00, 0x0000000000000001, Active, Not Active, Not Active, Not Active, Not Active
2026/09/23 20:45:34.544, NVIDIA GeForce RTX 3050 6GB Laptop GPU, P8, 39, 0, 0, 210, 405, 5.33, [N/A], 45.00, 0x0000000000000001, Active, Not Active, Not Active, Not Active, Not Active
2026/09/23 20:45:34.807, NVIDIA GeForce RTX 3050 6GB Laptop GPU, P8, 39, 0, 0, 210, 405, 5.33, [N/A], 45.00, 0x0000000000000001, Active, Not Active, Not Active, Not Active, Not Active
2026/09/23 20:45:35.070, NVIDIA GeForce RTX 3050 6GB Laptop GPU, P8, 39, 0, 0, 210, 405, 5.38, [N/A], 45.00, 0x0000000000000001, Active, Not Active, Not Active, Not Active, Not Active
2026/09/23 20:45:35.333, NVIDIA GeForce RTX 3050 6GB Laptop GPU, P8, 39, 0, 0, 210, 405, 5.88, [N/A], 45.00, 0x0000000000000001, Active, Not Active, Not Active, Not Active, Not Active
2026/09/23 20:45:35.598, NVIDIA GeForce RTX 3050 6GB Laptop GPU, P0, 40, 8, 1, 990, 5500, 7.36, [N/A], 45.00, 0x0000000000000000, Not Active, Not Active, Not Active, Not Active, Not Active
2026/09/23 20:45:35.854, NVIDIA GeForce RTX 3050 6GB Laptop GPU, P0, 40, 8, 1, 990, 5500, 8.31, [N/A], 45.00, 0x0000000000000000, Not Active, Not Active, Not Active, Not Active, Not Active
2026/09/23 20:45:36.118, NVIDIA GeForce RTX 3050 6GB Laptop GPU, P0, 40, 8, 1, 990, 5500, 12.12, [N/A], 44.15, 0x0000000000000000, Not Active, Not Active, Not Active, Not Active, Not Active
2026/09/23 20:45:36.380, NVIDIA GeForce RTX 3050 6GB Laptop GPU, P0, 40, 8, 1, 990, 5500, 12.11, [N/A], 44.15, 0x0000000000000000, Not Active, Not Active, Not Active, Not Active, Not Active
2026/09/23 20:45:36.652, NVIDIA GeForce RTX 3050 6GB Laptop GPU, P0, 40, 0, 0, 990, 5500, 12.11, [N/A], 44.15, 0x0000000000000000, Not Active, Not Active, Not Active, Not Active, Not Active
2026/09/23 20:45:36.912, NVIDIA GeForce RTX 3050 6GB Laptop GPU, P0, 40, 0, 0, 990, 5500, 12.13, [N/A], 44.15, 0x0000000000000000, Not Active, Not Active, Not Active, Not Active, Not Active
2026/09/23 20:45:37.176, NVIDIA GeForce RTX 3050 6GB Laptop GPU, P0, 40, 0, 0, 990, 5500, 12.52, [N/A], 44.08, 0x0000000000000000, Not Active, Not Active, Not Active, Not Active, Not Active
2026/09/23 20:45:37.441, NVIDIA GeForce RTX 3050 6GB Laptop GPU, P0, 40, 0, 0, 990, 5500, 12.11, [N/A], 44.08, 0x0000000000000000, Not Active, Not Active, Not Active, Not Active, Not Active
2026/09/23 20:45:37.708, NVIDIA GeForce RTX 3050 6GB Laptop GPU, P0, 41, 0, 0, 990, 5500, 14.90, [N/A], 43.59, 0x0000000000000000, Not Active, Not Active, Not Active, Not Active, Not Active
2026/09/23 20:45:37.976, NVIDIA GeForce RTX 3050 6GB Laptop GPU, P0, 41, 0, 0, 990, 5500, 12.33, [N/A], 42.94, 0x0000000000000000, Not Active, Not Active, Not Active, Not Active, Not Active
2026/09/23 20:45:38.234, NVIDIA GeForce RTX 3050 6GB Laptop GPU, P0, 41, 0, 0, 990, 5500, 13.06, [N/A], 42.94, 0x0000000000000000, Not Active, Not Active, Not Active, Not Active, Not Active
2026/09/23 20:45:38.496, NVIDIA GeForce RTX 3050 6GB Laptop GPU, P0, 41, 16, 8, 990, 5500, 13.21, [N/A], 42.94, 0x0000000000000000, Not Active, Not Active, Not Active, Not Active, Not Active
2026/09/23 20:45:38.751, NVIDIA GeForce RTX 3050 6GB Laptop GPU, P0, 41, 16, 8, 990, 5500, 13.97, [N/A], 42.94, 0x0000000000000000, Not Active, Not Active, Not Active, Not Active, Not Active
2026/09/23 20:45:39.005, NVIDIA GeForce RTX 3050 6GB Laptop GPU, P0, 41, 16, 8, 990, 5500, 12.69, [N/A], 42.28, 0x0000000000000000, Not Active, Not Active, Not Active, Not Active, Not Active
2026/09/23 20:45:39.267, NVIDIA GeForce RTX 3050 6GB Laptop GPU, P0, 41, 16, 8, 990, 5500, 15.07, [N/A], 42.28, 0x0000000000000000, Not Active, Not Active, Not Active, Not Active, Not Active
2026/09/23 20:45:39.531, NVIDIA GeForce RTX 3050 6GB Laptop GPU, P0, 41, 23, 10, 990, 5500, 15.02, [N/A], 41.82, 0x0000000000000000, Not Active, Not Active, Not Active, Not Active, Not Active
2026/09/23 20:45:39.798, NVIDIA GeForce RTX 3050 6GB Laptop GPU, P0, 41, 23, 10, 990, 5500, 14.90, [N/A], 41.82, 0x0000000000000000, Not Active, Not Active, Not Active, Not Active, Not Active
2026/09/23 20:45:40.051, NVIDIA GeForce RTX 3050 6GB Laptop GPU, P0, 41, 23, 10, 990, 5500, 14.40, [N/A], 41.37, 0x0000000000000000, Not Active, Not Active, Not Active, Not Active, Not Active
2026/09/23 20:45:40.311, NVIDIA GeForce RTX 3050 6GB Laptop GPU, P0, 41, 23, 10, 990, 5500, 14.31, [N/A], 41.37, 0x0000000000000000, Not Active, Not Active, Not Active, Not Active, Not Active
2026/09/23 20:45:40.575, NVIDIA GeForce RTX 3050 6GB Laptop GPU, P0, 41, 17, 7, 990, 5500, 14.16, [N/A], 41.37, 0x0000000000000000, Not Active, Not Active, Not Active, Not Active, Not Active
2026/09/23 20:45:40.839, NVIDIA GeForce RTX 3050 6GB Laptop GPU, P0, 41, 17, 7, 990, 5500, 14.76, [N/A], 41.37, 0x0000000000000000, Not Active, Not Active, Not Active, Not Active, Not Active
2026/09/23 20:45:41.093, NVIDIA GeForce RTX 3050 6GB Laptop GPU, P0, 41, 17, 7, 990, 5500, 14.13, [N/A], 41.62, 0x0000000000000000, Not Active, Not Active, Not Active, Not Active, Not Active
2026/09/23 20:45:41.355, NVIDIA GeForce RTX 3050 6GB Laptop GPU, P0, 41, 17, 7, 990, 5500, 13.90, [N/A], 41.62, 0x0000000000000000, Not Active, Not Active, Not Active, Not Active, Not Active
2026/09/23 20:45:41.613, NVIDIA GeForce RTX 3050 6GB Laptop GPU, P3, 41, 17, 9, 592, 5000, 13.31, [N/A], 41.62, 0x0000000000000001, Active, Not Active, Not Active, Not Active, Not Active
2026/09/23 20:45:41.878, NVIDIA GeForce RTX 3050 6GB Laptop GPU, P3, 41, 17, 9, 592, 5000, 12.96, [N/A], 41.62, 0x0000000000000001, Active, Not Active, Not Active, Not Active, Not Active
2026/09/23 20:45:42.142, NVIDIA GeForce RTX 3050 6GB Laptop GPU, P3, 41, 17, 9, 465, 5000, 11.40, [N/A], 41.62, 0x0000000000000001, Active, Not Active, Not Active, Not Active, Not Active
2026/09/23 20:45:42.407, NVIDIA GeForce RTX 3050 6GB Laptop GPU, P3, 41, 17, 9, 465, 5000, 13.91, [N/A], 41.62, 0x0000000000000001, Active, Not Active, Not Active, Not Active, Not Active
2026/09/23 20:45:42.676, NVIDIA GeForce RTX 3050 6GB Laptop GPU, P5, 41, 0, 0, 382, 810, 11.42, [N/A], 43.30, 0x0000000000000001, Active, Not Active, Not Active, Not Active, Not Active
2026/09/23 20:45:42.937, NVIDIA GeForce RTX 3050 6GB Laptop GPU, P5, 41, 0, 0, 382, 810, 13.54, [N/A], 43.30, 0x0000000000000001, Active, Not Active, Not Active, Not Active, Not Active
2026/09/23 20:45:43.197, NVIDIA GeForce RTX 3050 6GB Laptop GPU, P5, 41, 0, 0, 547, 810, 13.63, [N/A], 43.80, 0x0000000000000001, Active, Not Active, Not Active, Not Active, Not Active
2026/09/23 20:45:43.460, NVIDIA GeForce RTX 3050 6GB Laptop GPU, P5, 41, 0, 0, 547, 810, 13.92, [N/A], 43.80, 0x0000000000000001, Active, Not Active, Not Active, Not Active, Not Active
2026/09/23 20:45:43.724, NVIDIA GeForce RTX 3050 6GB Laptop GPU, P3, 42, 26, 12, 855, 5000, 13.96, [N/A], 43.80, 0x0000000000000001, Active, Not Active, Not Active, Not Active, Not Active
2026/09/23 20:45:43.988, NVIDIA GeForce RTX 3050 6GB Laptop GPU, P3, 42, 26, 12, 855, 5000, 11.81, [N/A], 43.72, 0x0000000000000001, Active, Not Active, Not Active, Not Active, Not Active
2026/09/23 20:45:44.245, NVIDIA GeForce RTX 3050 6GB Laptop GPU, P3, 42, 26, 12, 855, 5000, 13.57, [N/A], 43.72, 0x0000000000000001, Active, Not Active, Not Active, Not Active, Not Active
2026/09/23 20:45:44.501, NVIDIA GeForce RTX 3050 6GB Laptop GPU, P3, 42, 21, 7, 855, 5000, 13.93, [N/A], 43.72, 0x0000000000000001, Active, Not Active, Not Active, Not Active, Not Active
2026/09/23 20:45:44.765, NVIDIA GeForce RTX 3050 6GB Laptop GPU, P3, 42, 21, 7, 855, 5000, 13.79, [N/A], 43.72, 0x0000000000000001, Active, Not Active, Not Active, Not Active, Not Active
2026/09/23 20:45:45.026, NVIDIA GeForce RTX 3050 6GB Laptop GPU, P3, 42, 21, 7, 547, 5000, 12.91, [N/A], 42.83, 0x0000000000000001, Active, Not Active, Not Active, Not Active, Not Active
2026/09/23 20:45:45.290, NVIDIA GeForce RTX 3050 6GB Laptop GPU, P3, 42, 21, 7, 547, 5000, 13.77, [N/A], 42.83, 0x0000000000000001, Active, Not Active, Not Active, Not Active, Not Active
2026/09/23 20:45:45.549, NVIDIA GeForce RTX 3050 6GB Laptop GPU, P3, 42, 27, 10, 502, 5000, 13.46, [N/A], 42.43, 0x0000000000000001, Active, Not Active, Not Active, Not Active, Not Active
2026/09/23 20:45:45.813, NVIDIA GeForce RTX 3050 6GB Laptop GPU, P3, 42, 27, 10, 502, 5000, 11.37, [N/A], 42.43, 0x0000000000000001, Active, Not Active, Not Active, Not Active, Not Active
2026/09/23 20:45:46.077, NVIDIA GeForce RTX 3050 6GB Laptop GPU, P3, 42, 27, 10, 405, 5000, 11.35, [N/A], 42.98, 0x0000000000000001, Active, Not Active, Not Active, Not Active, Not Active
2026/09/23 20:45:46.344, NVIDIA GeForce RTX 3050 6GB Laptop GPU, P3, 42, 27, 10, 405, 5000, 11.34, [N/A], 42.98, 0x0000000000000001, Active, Not Active, Not Active, Not Active, Not Active
2026/09/23 20:45:46.610, NVIDIA GeForce RTX 3050 6GB Laptop GPU, P5, 42, 0, 0, 337, 810, 11.64, [N/A], 44.06, 0x0000000000000001, Active, Not Active, Not Active, Not Active, Not Active
2026/09/23 20:45:46.872, NVIDIA GeForce RTX 3050 6GB Laptop GPU, P5, 42, 0, 0, 337, 810, 12.46, [N/A], 44.06, 0x0000000000000001, Active, Not Active, Not Active, Not Active, Not Active
2026/09/23 20:45:47.141, NVIDIA GeForce RTX 3050 6GB Laptop GPU, P5, 42, 0, 0, 532, 810, 12.89, [N/A], 44.06, 0x0000000000000001, Active, Not Active, Not Active, Not Active, Not Active
2026/09/23 20:45:47.404, NVIDIA GeForce RTX 3050 6GB Laptop GPU, P5, 42, 0, 0, 532, 810, 14.53, [N/A], 44.06, 0x0000000000000001, Active, Not Active, Not Active, Not Active, Not Active
2026/09/23 20:45:47.665, NVIDIA GeForce RTX 3050 6GB Laptop GPU, P3, 42, 27, 11, 787, 5000, 14.46, [N/A], 43.60, 0x0000000000000001, Active, Not Active, Not Active, Not Active, Not Active
2026/09/23 20:45:47.927, NVIDIA GeForce RTX 3050 6GB Laptop GPU, P3, 42, 27, 11, 787, 5000, 12.84, [N/A], 43.60, 0x0000000000000001, Active, Not Active, Not Active, Not Active, Not Active
2026/09/23 20:45:48.182, NVIDIA GeForce RTX 3050 6GB Laptop GPU, P3, 42, 27, 11, 787, 5000, 13.16, [N/A], 43.07, 0x0000000000000001, Active, Not Active, Not Active, Not Active, Not Active
2026/09/23 20:45:48.449, NVIDIA GeForce RTX 3050 6GB Laptop GPU, P3, 42, 27, 11, 787, 5000, 13.17, [N/A], 43.07, 0x0000000000000001, Active, Not Active, Not Active, Not Active, Not Active
2026/09/23 20:45:48.710, NVIDIA GeForce RTX 3050 6GB Laptop GPU, P3, 42, 17, 6, 787, 5000, 13.50, [N/A], 42.68, 0x0000000000000001, Active, Not Active, Not Active, Not Active, Not Active
2026/09/23 20:45:48.970, NVIDIA GeForce RTX 3050 6GB Laptop GPU, P3, 42, 17, 6, 787, 5000, 13.08, [N/A], 42.68, 0x0000000000000001, Active, Not Active, Not Active, Not Active, Not Active
2026/09/23 20:45:49.230, NVIDIA GeForce RTX 3050 6GB Laptop GPU, P3, 42, 17, 6, 487, 5000, 12.78, [N/A], 41.70, 0x0000000000000001, Active, Not Active, Not Active, Not Active, Not Active
2026/09/23 20:45:49.490, NVIDIA GeForce RTX 3050 6GB Laptop GPU, P3, 42, 26, 7, 450, 5000, 13.13, [N/A], 41.01, 0x0000000000000001, Active, Not Active, Not Active, Not Active, Not Active
2026/09/23 20:45:49.749, NVIDIA GeForce RTX 3050 6GB Laptop GPU, P3, 42, 26, 7, 450, 5000, 11.45, [N/A], 41.01, 0x0000000000000001, Active, Not Active, Not Active, Not Active, Not Active
2026/09/23 20:45:50.014, NVIDIA GeForce RTX 3050 6GB Laptop GPU, P3, 42, 26, 7, 375, 5000, 11.43, [N/A], 42.54, 0x0000000000000001, Active, Not Active, Not Active, Not Active, Not Active
2026/09/23 20:45:50.278, NVIDIA GeForce RTX 3050 6GB Laptop GPU, P3, 42, 26, 7, 375, 5000, 11.43, [N/A], 42.54, 0x0000000000000001, Active, Not Active, Not Active, Not Active, Not Active
2026/09/23 20:45:50.540, NVIDIA GeForce RTX 3050 6GB Laptop GPU, P3, 43, 0, 0, 315, 5000, 14.23, [N/A], 43.99, 0x0000000000000001, Active, Not Active, Not Active, Not Active, Not Active
2026/09/23 20:45:50.801, NVIDIA GeForce RTX 3050 6GB Laptop GPU, P3, 43, 0, 0, 315, 5000, 12.24, [N/A], 43.99, 0x0000000000000001, Active, Not Active, Not Active, Not Active, Not Active
2026/09/23 20:45:51.062, NVIDIA GeForce RTX 3050 6GB Laptop GPU, P5, 42, 0, 0, 532, 810, 13.66, [N/A], 44.54, 0x0000000000000001, Active, Not Active, Not Active, Not Active, Not Active
2026/09/23 20:45:51.322, NVIDIA GeForce RTX 3050 6GB Laptop GPU, P5, 42, 0, 0, 532, 810, 13.68, [N/A], 44.54, 0x0000000000000001, Active, Not Active, Not Active, Not Active, Not Active
2026/09/23 20:45:51.585, NVIDIA GeForce RTX 3050 6GB Laptop GPU, P0, 43, 67, 58, 1072, 5500, 14.27, [N/A], 44.54, 0x0000000000000001, Active, Not Active, Not Active, Not Active, Not Active
2026/09/23 20:45:51.847, NVIDIA GeForce RTX 3050 6GB Laptop GPU, P0, 43, 67, 58, 1072, 5500, 14.65, [N/A], 44.54, 0x0000000000000001, Active, Not Active, Not Active, Not Active, Not Active
2026/09/23 20:45:52.109, NVIDIA GeForce RTX 3050 6GB Laptop GPU, P0, 43, 67, 58, 1072, 5500, 14.89, [N/A], 44.54, 0x0000000000000001, Active, Not Active, Not Active, Not Active, Not Active
2026/09/23 20:45:52.371, NVIDIA GeForce RTX 3050 6GB Laptop GPU, P0, 43, 67, 58, 1072, 5500, 15.18, [N/A], 44.54, 0x0000000000000001, Active, Not Active, Not Active, Not Active, Not Active
2026/09/23 20:45:52.634, NVIDIA GeForce RTX 3050 6GB Laptop GPU, P0, 43, 21, 10, 1072, 5500, 15.13, [N/A], 44.54, 0x0000000000000001, Active, Not Active, Not Active, Not Active, Not Active
2026/09/23 20:45:52.897, NVIDIA GeForce RTX 3050 6GB Laptop GPU, P0, 43, 21, 10, 1072, 5500, 12.46, [N/A], 44.54, 0x0000000000000001, Active, Not Active, Not Active, Not Active, Not Active
2026/09/23 20:45:53.161, NVIDIA GeForce RTX 3050 6GB Laptop GPU, P0, 43, 21, 10, 1072, 5500, 14.51, [N/A], 44.39, 0x0000000000000001, Active, Not Active, Not Active, Not Active, Not Active
2026/09/23 20:45:53.420, NVIDIA GeForce RTX 3050 6GB Laptop GPU, P0, 43, 21, 10, 1072, 5500, 12.89, [N/A], 44.39, 0x0000000000000001, Active, Not Active, Not Active, Not Active, Not Active
2026/09/23 20:45:53.682, NVIDIA GeForce RTX 3050 6GB Laptop GPU, P3, 43, 23, 9, 577, 5000, 13.47, [N/A], 44.06, 0x0000000000000001, Active, Not Active, Not Active, Not Active, Not Active
2026/09/23 20:45:53.943, NVIDIA GeForce RTX 3050 6GB Laptop GPU, P3, 43, 23, 9, 577, 5000, 13.47, [N/A], 44.06, 0x0000000000000001, Active, Not Active, Not Active, Not Active, Not Active
2026/09/23 20:45:54.208, NVIDIA GeForce RTX 3050 6GB Laptop GPU, P3, 43, 23, 9, 525, 5000, 11.42, [N/A], 44.06, 0x0000000000000001, Active, Not Active, Not Active, Not Active, Not Active
2026/09/23 20:45:54.460, NVIDIA GeForce RTX 3050 6GB Laptop GPU, P3, 43, 23, 9, 525, 5000, 12.85, [N/A], 44.06, 0x0000000000000001, Active, Not Active, Not Active, Not Active, Not Active
2026/09/23 20:45:54.723, NVIDIA GeForce RTX 3050 6GB Laptop GPU, P3, 43, 18, 6, 480, 5000, 14.10, [N/A], 43.94, 0x0000000000000001, Active, Not Active, Not Active, Not Active, Not Active
2026/09/23 20:45:54.981, NVIDIA GeForce RTX 3050 6GB Laptop GPU, P3, 43, 18, 6, 450, 5000, 13.77, [N/A], 43.94, 0x0000000000000001, Active, Not Active, Not Active, Not Active, Not Active
2026/09/23 20:45:55.243, NVIDIA GeForce RTX 3050 6GB Laptop GPU, P3, 43, 18, 6, 450, 5000, 13.92, [N/A], 43.94, 0x0000000000000001, Active, Not Active, Not Active, Not Active, Not Active
2026/09/23 20:45:55.501, NVIDIA GeForce RTX 3050 6GB Laptop GPU, P3, 43, 36, 11, 472, 5000, 13.96, [N/A], 43.94, 0x0000000000000001, Active, Not Active, Not Active, Not Active, Not Active
2026/09/23 20:45:55.762, NVIDIA GeForce RTX 3050 6GB Laptop GPU, P3, 43, 36, 11, 472, 5000, 13.98, [N/A], 43.94, 0x0000000000000001, Active, Not Active, Not Active, Not Active, Not Active
2026/09/23 20:45:56.026, NVIDIA GeForce RTX 3050 6GB Laptop GPU, P3, 43, 36, 11, 472, 5000, 13.92, [N/A], 43.94, 0x0000000000000001, Active, Not Active, Not Active, Not Active, Not Active
2026/09/23 20:45:56.289, NVIDIA GeForce RTX 3050 6GB Laptop GPU, P3, 43, 36, 11, 472, 5000, 13.73, [N/A], 43.94, 0x0000000000000001, Active, Not Active, Not Active, Not Active, Not Active
2026/09/23 20:45:56.551, NVIDIA GeForce RTX 3050 6GB Laptop GPU, P3, 43, 34, 9, 472, 5000, 12.61, [N/A], 43.71, 0x0000000000000001, Active, Not Active, Not Active, Not Active, Not Active
2026/09/23 20:45:56.816, NVIDIA GeForce RTX 3050 6GB Laptop GPU, P3, 43, 34, 9, 472, 5000, 13.28, [N/A], 43.71, 0x0000000000000001, Active, Not Active, Not Active, Not Active, Not Active
2026/09/23 20:45:57.077, NVIDIA GeForce RTX 3050 6GB Laptop GPU, P3, 43, 34, 9, 420, 5000, 13.38, [N/A], 43.71, 0x0000000000000001, Active, Not Active, Not Active, Not Active, Not Active
2026/09/23 20:45:57.340, NVIDIA GeForce RTX 3050 6GB Laptop GPU, P3, 43, 34, 9, 420, 5000, 13.75, [N/A], 43.71, 0x0000000000000001, Active, Not Active, Not Active, Not Active, Not Active
2026/09/23 20:45:57.603, NVIDIA GeForce RTX 3050 6GB Laptop GPU, P3, 43, 36, 10, 405, 5000, 13.64, [N/A], 43.39, 0x0000000000000001, Active, Not Active, Not Active, Not Active, Not Active
2026/09/23 20:45:57.861, NVIDIA GeForce RTX 3050 6GB Laptop GPU, P3, 43, 36, 10, 405, 5000, 13.11, [N/A], 43.39, 0x0000000000000001, Active, Not Active, Not Active, Not Active, Not Active
2026/09/23 20:45:58.122, NVIDIA GeForce RTX 3050 6GB Laptop GPU, P3, 43, 36, 10, 390, 5000, 12.38, [N/A], 43.82, 0x0000000000000001, Active, Not Active, Not Active, Not Active, Not Active
2026/09/23 20:45:58.373, NVIDIA GeForce RTX 3050 6GB Laptop GPU, P3, 43, 36, 10, 390, 5000, 11.43, [N/A], 43.82, 0x0000000000000001, Active, Not Active, Not Active, Not Active, Not Active
2026/09/23 20:45:58.637, NVIDIA GeForce RTX 3050 6GB Laptop GPU, P5, 43, 0, 0, 390, 810, 10.86, [N/A], 45.00, 0x0000000000000001, Active, Not Active, Not Active, Not Active, Not Active
2026/09/23 20:45:58.897, NVIDIA GeForce RTX 3050 6GB Laptop GPU, P5, 43, 0, 0, 390, 810, 10.85, [N/A], 45.00, 0x0000000000000001, Active, Not Active, Not Active, Not Active, Not Active
2026/09/23 20:45:59.164, NVIDIA GeForce RTX 3050 6GB Laptop GPU, P5, 43, 0, 0, 390, 810, 10.86, [N/A], 45.00, 0x0000000000000001, Active, Not Active, Not Active, Not Active, Not Active
2026/09/23 20:45:59.427, NVIDIA GeForce RTX 3050 6GB Laptop GPU, P5, 43, 0, 0, 390, 810, 11.27, [N/A], 45.00, 0x0000000000000001, Active, Not Active, Not Active, Not Active, Not Active
2026/09/23 20:45:59.690, NVIDIA GeForce RTX 3050 6GB Laptop GPU, P5, 43, 14, 13, 390, 810, 11.31, [N/A], 45.00, 0x0000000000000001, Active, Not Active, Not Active, Not Active, Not Active
2026/09/23 20:45:59.954, NVIDIA GeForce RTX 3050 6GB Laptop GPU, P5, 43, 14, 13, 390, 810, 12.09, [N/A], 45.00, 0x0000000000000001, Active, Not Active, Not Active, Not Active, Not Active
2026/09/23 20:46:00.214, NVIDIA GeForce RTX 3050 6GB Laptop GPU, P5, 43, 14, 13, 742, 810, 12.67, [N/A], 45.00, 0x0000000000000001, Active, Not Active, Not Active, Not Active, Not Active
2026/09/23 20:46:00.478, NVIDIA GeForce RTX 3050 6GB Laptop GPU, P5, 43, 14, 13, 742, 810, 13.67, [N/A], 45.00, 0x0000000000000001, Active, Not Active, Not Active, Not Active, Not Active
2026/09/23 20:46:00.742, NVIDIA GeForce RTX 3050 6GB Laptop GPU, P0, 44, 24, 10, 945, 5500, 14.41, [N/A], 45.00, 0x0000000000000001, Active, Not Active, Not Active, Not Active, Not Active
2026/09/23 20:46:00.994, NVIDIA GeForce RTX 3050 6GB Laptop GPU, P0, 44, 24, 10, 945, 5500, 14.36, [N/A], 45.00, 0x0000000000000001, Active, Not Active, Not Active, Not Active, Not Active
2026/09/23 20:46:01.254, NVIDIA GeForce RTX 3050 6GB Laptop GPU, P0, 44, 24, 10, 945, 5500, 14.47, [N/A], 45.00, 0x0000000000000001, Active, Not Active, Not Active, Not Active, Not Active
2026/09/23 20:46:01.525, NVIDIA GeForce RTX 3050 6GB Laptop GPU, P0, 44, 16, 6, 945, 5500, 14.33, [N/A], 45.00, 0x0000000000000001, Active, Not Active, Not Active, Not Active, Not Active
2026/09/23 20:46:01.783, NVIDIA GeForce RTX 3050 6GB Laptop GPU, P0, 44, 16, 6, 945, 5500, 14.96, [N/A], 45.00, 0x0000000000000001, Active, Not Active, Not Active, Not Active, Not Active
2026/09/23 20:46:02.045, NVIDIA GeForce RTX 3050 6GB Laptop GPU, P3, 44, 16, 6, 547, 5000, 14.09, [N/A], 44.64, 0x0000000000000001, Active, Not Active, Not Active, Not Active, Not Active
2026/09/23 20:46:02.309, NVIDIA GeForce RTX 3050 6GB Laptop GPU, P3, 44, 16, 6, 547, 5000, 13.75, [N/A], 44.64, 0x0000000000000001, Active, Not Active, Not Active, Not Active, Not Active
2026/09/23 20:46:02.570, NVIDIA GeForce RTX 3050 6GB Laptop GPU, P3, 44, 18, 6, 510, 5000, 12.33, [N/A], 44.50, 0x0000000000000001, Active, Not Active, Not Active, Not Active, Not Active
2026/09/23 20:46:02.834, NVIDIA GeForce RTX 3050 6GB Laptop GPU, P3, 44, 18, 6, 510, 5000, 12.31, [N/A], 44.50, 0x0000000000000001, Active, Not Active, Not Active, Not Active, Not Active
2026/09/23 20:46:03.099, NVIDIA GeForce RTX 3050 6GB Laptop GPU, P3, 44, 18, 6, 465, 5000, 13.90, [N/A], 44.07, 0x0000000000000001, Active, Not Active, Not Active, Not Active, Not Active
2026/09/23 20:46:03.358, NVIDIA GeForce RTX 3050 6GB Laptop GPU, P3, 44, 18, 6, 465, 5000, 11.49, [N/A], 44.07, 0x0000000000000001, Active, Not Active, Not Active, Not Active, Not Active
2026/09/23 20:46:03.622, NVIDIA GeForce RTX 3050 6GB Laptop GPU, P3, 44, 19, 5, 427, 5000, 11.46, [N/A], 43.87, 0x0000000000000001, Active, Not Active, Not Active, Not Active, Not Active
2026/09/23 20:46:03.885, NVIDIA GeForce RTX 3050 6GB Laptop GPU, P3, 44, 19, 5, 427, 5000, 10.87, [N/A], 43.87, 0x0000000000000001, Active, Not Active, Not Active, Not Active, Not Active
2026/09/23 20:46:04.148, NVIDIA GeForce RTX 3050 6GB Laptop GPU, P5, 43, 19, 5, 322, 810, 10.86, [N/A], 44.29, 0x0000000000000001, Active, Not Active, Not Active, Not Active, Not Active
2026/09/23 20:46:04.408, NVIDIA GeForce RTX 3050 6GB Laptop GPU, P5, 43, 19, 5, 322, 810, 10.86, [N/A], 44.29, 0x0000000000000001, Active, Not Active, Not Active, Not Active, Not Active
2026/09/23 20:46:04.670, NVIDIA GeForce RTX 3050 6GB Laptop GPU, P5, 43, 0, 0, 270, 810, 14.17, [N/A], 44.58, 0x0000000000000001, Active, Not Active, Not Active, Not Active, Not Active
2026/09/23 20:46:04.933, NVIDIA GeForce RTX 3050 6GB Laptop GPU, P5, 43, 0, 0, 270, 810, 12.46, [N/A], 44.58, 0x0000000000000001, Active, Not Active, Not Active, Not Active, Not Active
2026/09/23 20:46:05.195, NVIDIA GeForce RTX 3050 6GB Laptop GPU, P5, 43, 0, 0, 322, 810, 12.85, [N/A], 44.58, 0x0000000000000001, Active, Not Active, Not Active, Not Active, Not Active
2026/09/23 20:46:05.451, NVIDIA GeForce RTX 3050 6GB Laptop GPU, P5, 43, 0, 0, 322, 810, 13.52, [N/A], 44.58, 0x0000000000000001, Active, Not Active, Not Active, Not Active, Not Active
2026/09/23 20:46:05.711, NVIDIA GeForce RTX 3050 6GB Laptop GPU, P5, 44, 58, 50, 742, 810, 14.80, [N/A], 44.42, 0x0000000000000001, Active, Not Active, Not Active, Not Active, Not Active
2026/09/23 20:46:05.973, NVIDIA GeForce RTX 3050 6GB Laptop GPU, P5, 44, 58, 50, 742, 810, 15.09, [N/A], 44.42, 0x0000000000000001, Active, Not Active, Not Active, Not Active, Not Active
2026/09/23 20:46:06.238, NVIDIA GeForce RTX 3050 6GB Laptop GPU, P0, 44, 58, 50, 1080, 5500, 14.09, [N/A], 44.42, 0x0000000000000001, Active, Not Active, Not Active, Not Active, Not Active
2026/09/23 20:46:06.497, NVIDIA GeForce RTX 3050 6GB Laptop GPU, P0, 44, 16, 8, 1080, 5500, 14.07, [N/A], 44.03, 0x0000000000000001, Active, Not Active, Not Active, Not Active, Not Active
2026/09/23 20:46:06.750, NVIDIA GeForce RTX 3050 6GB Laptop GPU, P0, 44, 16, 8, 1080, 5500, 14.38, [N/A], 44.03, 0x0000000000000001, Active, Not Active, Not Active, Not Active, Not Active
2026/09/23 20:46:07.013, NVIDIA GeForce RTX 3050 6GB Laptop GPU, P0, 44, 16, 8, 1080, 5500, 14.81, [N/A], 44.00, 0x0000000000000001, Active, Not Active, Not Active, Not Active, Not Active
2026/09/23 20:46:07.274, NVIDIA GeForce RTX 3050 6GB Laptop GPU, P0, 44, 16, 8, 1080, 5500, 14.86, [N/A], 44.00, 0x0000000000000001, Active, Not Active, Not Active, Not Active, Not Active
2026/09/23 20:46:07.537, NVIDIA GeForce RTX 3050 6GB Laptop GPU, P3, 44, 18, 9, 652, 5000, 14.42, [N/A], 44.00, 0x0000000000000001, Active, Not Active, Not Active, Not Active, Not Active
2026/09/23 20:46:07.796, NVIDIA GeForce RTX 3050 6GB Laptop GPU, P3, 44, 18, 9, 652, 5000, 14.26, [N/A], 44.00, 0x0000000000000001, Active, Not Active, Not Active, Not Active, Not Active
2026/09/23 20:46:08.055, NVIDIA GeForce RTX 3050 6GB Laptop GPU, P3, 44, 18, 9, 585, 5000, 12.52, [N/A], 44.31, 0x0000000000000001, Active, Not Active, Not Active, Not Active, Not Active
2026/09/23 20:46:08.318, NVIDIA GeForce RTX 3050 6GB Laptop GPU, P3, 44, 18, 9, 585, 5000, 13.36, [N/A], 44.31, 0x0000000000000001, Active, Not Active, Not Active, Not Active, Not Active
2026/09/23 20:46:08.583, NVIDIA GeForce RTX 3050 6GB Laptop GPU, P3, 44, 21, 6, 547, 5000, 13.43, [N/A], 44.31, 0x0000000000000001, Active, Not Active, Not Active, Not Active, Not Active
2026/09/23 20:46:08.844, NVIDIA GeForce RTX 3050 6GB Laptop GPU, P3, 44, 21, 6, 547, 5000, 11.49, [N/A], 44.31, 0x0000000000000001, Active, Not Active, Not Active, Not Active, Not Active
2026/09/23 20:46:09.112, NVIDIA GeForce RTX 3050 6GB Laptop GPU, P3, 44, 21, 6, 472, 5000, 11.52, [N/A], 43.83, 0x0000000000000001, Active, Not Active, Not Active, Not Active, Not Active
2026/09/23 20:46:09.376, NVIDIA GeForce RTX 3050 6GB Laptop GPU, P3, 44, 21, 6, 472, 5000, 11.29, [N/A], 43.83, 0x0000000000000001, Active, Not Active, Not Active, Not Active, Not Active
2026/09/23 20:46:09.639, NVIDIA GeForce RTX 3050 6GB Laptop GPU, P5, 44, 0, 0, 390, 810, 10.92, [N/A], 44.53, 0x0000000000000001, Active, Not Active, Not Active, Not Active, Not Active
2026/09/23 20:46:09.900, NVIDIA GeForce RTX 3050 6GB Laptop GPU, P5, 44, 0, 0, 390, 810, 10.92, [N/A], 44.53, 0x0000000000000001, Active, Not Active, Not Active, Not Active, Not Active
2026/09/23 20:46:10.164, NVIDIA GeForce RTX 3050 6GB Laptop GPU, P5, 44, 0, 0, 300, 810, 13.35, [N/A], 45.00, 0x0000000000000001, Active, Not Active, Not Active, Not Active, Not Active
2026/09/23 20:46:10.426, NVIDIA GeForce RTX 3050 6GB Laptop GPU, P5, 44, 0, 0, 300, 810, 13.15, [N/A], 45.00, 0x0000000000000001, Active, Not Active, Not Active, Not Active, Not Active
2026/09/23 20:46:10.685, NVIDIA GeForce RTX 3050 6GB Laptop GPU, P5, 44, 44, 34, 405, 810, 13.24, [N/A], 45.00, 0x0000000000000001, Active, Not Active, Not Active, Not Active, Not Active
2026/09/23 20:46:10.949, NVIDIA GeForce RTX 3050 6GB Laptop GPU, P5, 44, 44, 34, 405, 810, 13.63, [N/A], 45.00, 0x0000000000000001, Active, Not Active, Not Active, Not Active, Not Active
2026/09/23 20:46:11.212, NVIDIA GeForce RTX 3050 6GB Laptop GPU, P3, 44, 44, 34, 885, 5000, 13.92, [N/A], 45.00, 0x0000000000000001, Active, Not Active, Not Active, Not Active, Not Active
2026/09/23 20:46:11.475, NVIDIA GeForce RTX 3050 6GB Laptop GPU, P3, 44, 44, 34, 885, 5000, 14.12, [N/A], 45.00, 0x0000000000000001, Active, Not Active, Not Active, Not Active, Not Active
2026/09/23 20:46:11.738, NVIDIA GeForce RTX 3050 6GB Laptop GPU, P3, 44, 24, 11, 885, 5000, 14.29, [N/A], 45.00, 0x0000000000000001, Active, Not Active, Not Active, Not Active, Not Active
2026/09/23 20:46:11.997, NVIDIA GeForce RTX 3050 6GB Laptop GPU, P3, 45, 24, 11, 885, 5000, 14.61, [N/A], 44.63, 0x0000000000000001, Active, Not Active, Not Active, Not Active, Not Active
2026/09/23 20:46:12.260, NVIDIA GeForce RTX 3050 6GB Laptop GPU, P3, 45, 24, 11, 885, 5000, 13.90, [N/A], 44.63, 0x0000000000000001, Active, Not Active, Not Active, Not Active, Not Active
2026/09/23 20:46:12.521, NVIDIA GeForce RTX 3050 6GB Laptop GPU, P3, 44, 26, 11, 885, 5000, 14.06, [N/A], 44.63, 0x0000000000000001, Active, Not Active, Not Active, Not Active, Not Active
2026/09/23 20:46:12.783, NVIDIA GeForce RTX 3050 6GB Laptop GPU, P3, 44, 26, 11, 885, 5000, 13.86, [N/A], 44.63, 0x0000000000000001, Active, Not Active, Not Active, Not Active, Not Active
2026/09/23 20:46:13.046, NVIDIA GeForce RTX 3050 6GB Laptop GPU, P3, 44, 26, 11, 570, 5000, 13.90, [N/A], 44.17, 0x0000000000000001, Active, Not Active, Not Active, Not Active, Not Active
2026/09/23 20:46:13.305, NVIDIA GeForce RTX 3050 6GB Laptop GPU, P3, 44, 26, 11, 570, 5000, 13.58, [N/A], 44.17, 0x0000000000000001, Active, Not Active, Not Active, Not Active, Not Active
2026/09/23 20:46:13.565, NVIDIA GeForce RTX 3050 6GB Laptop GPU, P3, 44, 27, 7, 532, 5000, 12.89, [N/A], 43.89, 0x0000000000000001, Active, Not Active, Not Active, Not Active, Not Active
2026/09/23 20:46:13.820, NVIDIA GeForce RTX 3050 6GB Laptop GPU, P3, 44, 27, 7, 532, 5000, 13.13, [N/A], 43.89, 0x0000000000000001, Active, Not Active, Not Active, Not Active, Not Active
2026/09/23 20:46:14.084, NVIDIA GeForce RTX 3050 6GB Laptop GPU, P3, 44, 27, 7, 457, 5000, 12.49, [N/A], 43.89, 0x0000000000000001, Active, Not Active, Not Active, Not Active, Not Active
2026/09/23 20:46:14.345, NVIDIA GeForce RTX 3050 6GB Laptop GPU, P3, 44, 27, 7, 457, 5000, 11.50, [N/A], 43.89, 0x0000000000000001, Active, Not Active, Not Active, Not Active, Not Active
2026/09/23 20:46:14.597, NVIDIA GeForce RTX 3050 6GB Laptop GPU, P3, 44, 0, 0, 382, 5000, 11.38, [N/A], 44.76, 0x0000000000000001, Active, Not Active, Not Active, Not Active, Not Active
2026/09/23 20:46:14.860, NVIDIA GeForce RTX 3050 6GB Laptop GPU, P3, 44, 0, 0, 382, 5000, 10.90, [N/A], 44.76, 0x0000000000000001, Active, Not Active, Not Active, Not Active, Not Active
2026/09/23 20:46:15.124, NVIDIA GeForce RTX 3050 6GB Laptop GPU, P5, 44, 0, 0, 292, 810, 11.84, [N/A], 45.00, 0x0000000000000001, Active, Not Active, Not Active, Not Active, Not Active
2026/09/23 20:46:15.386, NVIDIA GeForce RTX 3050 6GB Laptop GPU, P5, 44, 0, 0, 292, 810, 12.08, [N/A], 45.00, 0x0000000000000001, Active, Not Active, Not Active, Not Active, Not Active
2026/09/23 20:46:15.650, NVIDIA GeForce RTX 3050 6GB Laptop GPU, P5, 44, 39, 30, 352, 810, 12.59, [N/A], 45.00, 0x0000000000000001, Active, Not Active, Not Active, Not Active, Not Active
2026/09/23 20:46:15.914, NVIDIA GeForce RTX 3050 6GB Laptop GPU, P5, 44, 39, 30, 352, 810, 13.13, [N/A], 45.00, 0x0000000000000001, Active, Not Active, Not Active, Not Active, Not Active
2026/09/23 20:46:16.177, NVIDIA GeForce RTX 3050 6GB Laptop GPU, P3, 45, 39, 30, 877, 5000, 13.90, [N/A], 45.00, 0x0000000000000001, Active, Not Active, Not Active, Not Active, Not Active
2026/09/23 20:46:16.437, NVIDIA GeForce RTX 3050 6GB Laptop GPU, P3, 45, 39, 30, 877, 5000, 14.43, [N/A], 45.00, 0x0000000000000001, Active, Not Active, Not Active, Not Active, Not Active
2026/09/23 20:46:16.691, NVIDIA GeForce RTX 3050 6GB Laptop GPU, P3, 45, 26, 11, 877, 5000, 14.45, [N/A], 45.00, 0x0000000000000001, Active, Not Active, Not Active, Not Active, Not Active
2026/09/23 20:46:16.952, NVIDIA GeForce RTX 3050 6GB Laptop GPU, P3, 45, 26, 11, 877, 5000, 14.38, [N/A], 45.00, 0x0000000000000001, Active, Not Active, Not Active, Not Active, Not Active
2026/09/23 20:46:17.218, NVIDIA GeForce RTX 3050 6GB Laptop GPU, P3, 45, 26, 11, 877, 5000, 14.14, [N/A], 45.00, 0x0000000000000001, Active, Not Active, Not Active, Not Active, Not Active
2026/09/23 20:46:17.475, NVIDIA GeForce RTX 3050 6GB Laptop GPU, P3, 45, 26, 11, 877, 5000, 13.94, [N/A], 45.00, 0x0000000000000001, Active, Not Active, Not Active, Not Active, Not Active
2026/09/23 20:46:17.744, NVIDIA GeForce RTX 3050 6GB Laptop GPU, P3, 45, 13, 6, 877, 5000, 13.03, [N/A], 44.48, 0x0000000000000001, Active, Not Active, Not Active, Not Active, Not Active
2026/09/23 20:46:18.001, NVIDIA GeForce RTX 3050 6GB Laptop GPU, P3, 45, 13, 6, 570, 5000, 13.23, [N/A], 44.48, 0x0000000000000001, Active, Not Active, Not Active, Not Active, Not Active
2026/09/23 20:46:18.266, NVIDIA GeForce RTX 3050 6GB Laptop GPU, P3, 45, 13, 6, 570, 5000, 13.49, [N/A], 44.48, 0x0000000000000001, Active, Not Active, Not Active, Not Active, Not Active
2026/09/23 20:46:18.529, NVIDIA GeForce RTX 3050 6GB Laptop GPU, P3, 45, 26, 10, 532, 5000, 13.47, [N/A], 44.48, 0x0000000000000001, Active, Not Active, Not Active, Not Active, Not Active
2026/09/23 20:46:18.793, NVIDIA GeForce RTX 3050 6GB Laptop GPU, P3, 45, 26, 10, 532, 5000, 13.14, [N/A], 44.48, 0x0000000000000001, Active, Not Active, Not Active, Not Active, Not Active
2026/09/23 20:46:19.059, NVIDIA GeForce RTX 3050 6GB Laptop GPU, P3, 45, 26, 10, 427, 5000, 11.44, [N/A], 45.00, 0x0000000000000001, Active, Not Active, Not Active, Not Active, Not Active
2026/09/23 20:46:19.324, NVIDIA GeForce RTX 3050 6GB Laptop GPU, P3, 45, 26, 10, 427, 5000, 11.46, [N/A], 45.00, 0x0000000000000001, Active, Not Active, Not Active, Not Active, Not Active
2026/09/23 20:46:19.588, NVIDIA GeForce RTX 3050 6GB Laptop GPU, P5, 44, 0, 0, 352, 810, 11.36, [N/A], 45.00, 0x0000000000000001, Active, Not Active, Not Active, Not Active, Not Active
2026/09/23 20:46:19.853, NVIDIA GeForce RTX 3050 6GB Laptop GPU, P5, 44, 0, 0, 352, 810, 11.36, [N/A], 45.00, 0x0000000000000001, Active, Not Active, Not Active, Not Active, Not Active
2026/09/23 20:46:20.104, NVIDIA GeForce RTX 3050 6GB Laptop GPU, P5, 44, 0, 0, 277, 810, 11.40, [N/A], 45.00, 0x0000000000000001, Active, Not Active, Not Active, Not Active, Not Active
2026/09/23 20:46:20.368, NVIDIA GeForce RTX 3050 6GB Laptop GPU, P5, 44, 0, 0, 277, 810, 11.63, [N/A], 45.00, 0x0000000000000001, Active, Not Active, Not Active, Not Active, Not Active
2026/09/23 20:46:20.633, NVIDIA GeForce RTX 3050 6GB Laptop GPU, P5, 45, 51, 35, 352, 810, 12.19, [N/A], 45.00, 0x0000000000000001, Active, Not Active, Not Active, Not Active, Not Active
2026/09/23 20:46:20.894, NVIDIA GeForce RTX 3050 6GB Laptop GPU, P5, 45, 51, 35, 352, 810, 13.45, [N/A], 45.00, 0x0000000000000001, Active, Not Active, Not Active, Not Active, Not Active
2026/09/23 20:46:21.148, NVIDIA GeForce RTX 3050 6GB Laptop GPU, P3, 45, 51, 35, 810, 5000, 13.52, [N/A], 45.00, 0x0000000000000001, Active, Not Active, Not Active, Not Active, Not Active
2026/09/23 20:46:21.409, NVIDIA GeForce RTX 3050 6GB Laptop GPU, P3, 45, 51, 35, 810, 5000, 14.02, [N/A], 45.00, 0x0000000000000001, Active, Not Active, Not Active, Not Active, Not Active
2026/09/23 20:46:21.673, NVIDIA GeForce RTX 3050 6GB Laptop GPU, P3, 45, 24, 9, 810, 5000, 14.10, [N/A], 45.00, 0x0000000000000001, Active, Not Active, Not Active, Not Active, Not Active
2026/09/23 20:46:21.937, NVIDIA GeForce RTX 3050 6GB Laptop GPU, P3, 45, 24, 9, 810, 5000, 14.04, [N/A], 45.00, 0x0000000000000001, Active, Not Active, Not Active, Not Active, Not Active
2026/09/23 20:46:22.199, NVIDIA GeForce RTX 3050 6GB Laptop GPU, P3, 45, 24, 9, 810, 5000, 13.95, [N/A], 45.00, 0x0000000000000001, Active, Not Active, Not Active, Not Active, Not Active
2026/09/23 20:46:22.461, NVIDIA GeForce RTX 3050 6GB Laptop GPU, P3, 45, 24, 9, 810, 5000, 13.84, [N/A], 45.00, 0x0000000000000001, Active, Not Active, Not Active, Not Active, Not Active
2026/09/23 20:46:22.723, NVIDIA GeForce RTX 3050 6GB Laptop GPU, P3, 45, 23, 10, 810, 5000, 13.69, [N/A], 45.00, 0x0000000000000001, Active, Not Active, Not Active, Not Active, Not Active
2026/09/23 20:46:22.986, NVIDIA GeForce RTX 3050 6GB Laptop GPU, P3, 45, 23, 10, 810, 5000, 13.65, [N/A], 45.00, 0x0000000000000001, Active, Not Active, Not Active, Not Active, Not Active
2026/09/23 20:46:23.252, NVIDIA GeForce RTX 3050 6GB Laptop GPU, P3, 45, 23, 10, 525, 5000, 13.60, [N/A], 45.00, 0x0000000000000001, Active, Not Active, Not Active, Not Active, Not Active
2026/09/23 20:46:23.513, NVIDIA GeForce RTX 3050 6GB Laptop GPU, P3, 45, 36, 11, 495, 5000, 13.79, [N/A], 45.00, 0x0000000000000001, Active, Not Active, Not Active, Not Active, Not Active
2026/09/23 20:46:23.777, NVIDIA GeForce RTX 3050 6GB Laptop GPU, P3, 45, 36, 11, 495, 5000, 13.40, [N/A], 45.00, 0x0000000000000001, Active, Not Active, Not Active, Not Active, Not Active
2026/09/23 20:46:24.042, NVIDIA GeForce RTX 3050 6GB Laptop GPU, P3, 45, 36, 11, 412, 5000, 12.82, [N/A], 45.00, 0x0000000000000001, Active, Not Active, Not Active, Not Active, Not Active
2026/09/23 20:46:24.304, NVIDIA GeForce RTX 3050 6GB Laptop GPU, P3, 45, 36, 11, 412, 5000, 12.29, [N/A], 45.00, 0x0000000000000001, Active, Not Active, Not Active, Not Active, Not Active
2026/09/23 20:46:24.566, NVIDIA GeForce RTX 3050 6GB Laptop GPU, P3, 45, 0, 0, 345, 5000, 11.81, [N/A], 45.00, 0x0000000000000001, Active, Not Active, Not Active, Not Active, Not Active
2026/09/23 20:46:24.825, NVIDIA GeForce RTX 3050 6GB Laptop GPU, P3, 45, 0, 0, 345, 5000, 11.81, [N/A], 45.00, 0x0000000000000001, Active, Not Active, Not Active, Not Active, Not Active
2026/09/23 20:46:25.090, NVIDIA GeForce RTX 3050 6GB Laptop GPU, P5, 45, 0, 0, 285, 810, 11.69, [N/A], 45.00, 0x0000000000000001, Active, Not Active, Not Active, Not Active, Not Active
2026/09/23 20:46:25.350, NVIDIA GeForce RTX 3050 6GB Laptop GPU, P5, 45, 0, 0, 285, 810, 12.05, [N/A], 45.00, 0x0000000000000001, Active, Not Active, Not Active, Not Active, Not Active
2026/09/23 20:46:25.615, NVIDIA GeForce RTX 3050 6GB Laptop GPU, P0, 45, 77, 55, 990, 5500, 13.20, [N/A], 45.00, 0x0000000000000001, Active, Not Active, Not Active, Not Active, Not Active
2026/09/23 20:46:25.881, NVIDIA GeForce RTX 3050 6GB Laptop GPU, P0, 45, 77, 55, 990, 5500, 13.45, [N/A], 45.00, 0x0000000000000001, Active, Not Active, Not Active, Not Active, Not Active
2026/09/23 20:46:26.144, NVIDIA GeForce RTX 3050 6GB Laptop GPU, P0, 45, 77, 55, 990, 5500, 14.65, [N/A], 45.00, 0x0000000000000001, Active, Not Active, Not Active, Not Active, Not Active
2026/09/23 20:46:26.410, NVIDIA GeForce RTX 3050 6GB Laptop GPU, P0, 45, 77, 55, 990, 5500, 14.12, [N/A], 45.00, 0x0000000000000001, Active, Not Active, Not Active, Not Active, Not Active
2026/09/23 20:46:26.671, NVIDIA GeForce RTX 3050 6GB Laptop GPU, P0, 45, 25, 11, 990, 5500, 14.71, [N/A], 44.58, 0x0000000000000001, Active, Not Active, Not Active, Not Active, Not Active
2026/09/23 20:46:26.934, NVIDIA GeForce RTX 3050 6GB Laptop GPU, P0, 45, 25, 11, 990, 5500, 13.84, [N/A], 44.58, 0x0000000000000001, Active, Not Active, Not Active, Not Active, Not Active
2026/09/23 20:46:27.189, NVIDIA GeForce RTX 3050 6GB Laptop GPU, P0, 45, 25, 11, 990, 5500, 12.54, [N/A], 43.48, 0x0000000000000001, Active, Not Active, Not Active, Not Active, Not Active
2026/09/23 20:46:27.453, NVIDIA GeForce RTX 3050 6GB Laptop GPU, P0, 45, 25, 11, 990, 5500, 13.20, [N/A], 43.48, 0x0000000000000001, Active, Not Active, Not Active, Not Active, Not Active
2026/09/23 20:46:27.713, NVIDIA GeForce RTX 3050 6GB Laptop GPU, P3, 45, 25, 10, 592, 5000, 14.28, [N/A], 43.48, 0x0000000000000001, Active, Not Active, Not Active, Not Active, Not Active
2026/09/23 20:46:27.977, NVIDIA GeForce RTX 3050 6GB Laptop GPU, P3, 45, 25, 10, 592, 5000, 13.13, [N/A], 43.48, 0x0000000000000001, Active, Not Active, Not Active, Not Active, Not Active
2026/09/23 20:46:28.244, NVIDIA GeForce RTX 3050 6GB Laptop GPU, P3, 45, 25, 10, 517, 5000, 13.27, [N/A], 43.19, 0x0000000000000001, Active, Not Active, Not Active, Not Active, Not Active
2026/09/23 20:46:28.510, NVIDIA GeForce RTX 3050 6GB Laptop GPU, P3, 45, 30, 8, 487, 5000, 13.32, [N/A], 43.19, 0x0000000000000001, Active, Not Active, Not Active, Not Active, Not Active
2026/09/23 20:46:28.773, NVIDIA GeForce RTX 3050 6GB Laptop GPU, P3, 45, 30, 8, 487, 5000, 13.41, [N/A], 43.19, 0x0000000000000001, Active, Not Active, Not Active, Not Active, Not Active
2026/09/23 20:46:29.035, NVIDIA GeForce RTX 3050 6GB Laptop GPU, P3, 45, 30, 8, 442, 5000, 13.49, [N/A], 43.19, 0x0000000000000001, Active, Not Active, Not Active, Not Active, Not Active
2026/09/23 20:46:29.298, NVIDIA GeForce RTX 3050 6GB Laptop GPU, P3, 45, 30, 8, 442, 5000, 13.06, [N/A], 43.19, 0x0000000000000001, Active, Not Active, Not Active, Not Active, Not Active
2026/09/23 20:46:29.562, NVIDIA GeForce RTX 3050 6GB Laptop GPU, P3, 45, 0, 0, 390, 5000, 12.65, [N/A], 43.19, 0x0000000000000001, Active, Not Active, Not Active, Not Active, Not Active
2026/09/23 20:46:29.818, NVIDIA GeForce RTX 3050 6GB Laptop GPU, P3, 45, 0, 0, 390, 5000, 11.92, [N/A], 43.19, 0x0000000000000001, Active, Not Active, Not Active, Not Active, Not Active
2026/09/23 20:46:30.080, NVIDIA GeForce RTX 3050 6GB Laptop GPU, P5, 45, 0, 0, 292, 810, 11.26, [N/A], 43.86, 0x0000000000000001, Active, Not Active, Not Active, Not Active, Not Active
2026/09/23 20:46:30.333, NVIDIA GeForce RTX 3050 6GB Laptop GPU, P5, 45, 0, 0, 292, 810, 10.87, [N/A], 43.86, 0x0000000000000001, Active, Not Active, Not Active, Not Active, Not Active
2026/09/23 20:46:30.595, NVIDIA GeForce RTX 3050 6GB Laptop GPU, P5, 45, 0, 0, 247, 810, 11.63, [N/A], 43.86, 0x0000000000000001, Active, Not Active, Not Active, Not Active, Not Active
2026/09/23 20:46:30.855, NVIDIA GeForce RTX 3050 6GB Laptop GPU, P5, 45, 0, 0, 247, 810, 11.85, [N/A], 43.86, 0x0000000000000001, Active, Not Active, Not Active, Not Active, Not Active
2026/09/23 20:46:31.116, NVIDIA GeForce RTX 3050 6GB Laptop GPU, P5, 45, 0, 0, 540, 810, 13.76, [N/A], 44.18, 0x0000000000000001, Active, Not Active, Not Active, Not Active, Not Active
2026/09/23 20:46:31.379, NVIDIA GeForce RTX 3050 6GB Laptop GPU, P5, 45, 0, 0, 540, 810, 13.95, [N/A], 44.18, 0x0000000000000001, Active, Not Active, Not Active, Not Active, Not Active
2026/09/23 20:46:31.640, NVIDIA GeForce RTX 3050 6GB Laptop GPU, P0, 45, 61, 52, 1050, 5500, 14.48, [N/A], 44.18, 0x0000000000000001, Active, Not Active, Not Active, Not Active, Not Active
2026/09/23 20:46:31.902, NVIDIA GeForce RTX 3050 6GB Laptop GPU, P0, 45, 61, 52, 1050, 5500, 14.60, [N/A], 44.18, 0x0000000000000001, Active, Not Active, Not Active, Not Active, Not Active
2026/09/23 20:46:32.165, NVIDIA GeForce RTX 3050 6GB Laptop GPU, P0, 45, 61, 52, 1050, 5500, 14.90, [N/A], 44.18, 0x0000000000000001, Active, Not Active, Not Active, Not Active, Not Active
2026/09/23 20:46:32.429, NVIDIA GeForce RTX 3050 6GB Laptop GPU, P0, 45, 61, 52, 1050, 5500, 15.55, [N/A], 44.18, 0x0000000000000001, Active, Not Active, Not Active, Not Active, Not Active
2026/09/23 20:46:32.691, NVIDIA GeForce RTX 3050 6GB Laptop GPU, P0, 46, 11, 5, 1050, 5500, 15.61, [N/A], 43.75, 0x0000000000000001, Active, Not Active, Not Active, Not Active, Not Active
2026/09/23 20:46:32.955, NVIDIA GeForce RTX 3050 6GB Laptop GPU, P0, 46, 11, 5, 1050, 5500, 15.01, [N/A], 43.75, 0x0000000000000001, Active, Not Active, Not Active, Not Active, Not Active
2026/09/23 20:46:33.215, NVIDIA GeForce RTX 3050 6GB Laptop GPU, P0, 45, 11, 5, 1050, 5500, 13.63, [N/A], 43.12, 0x0000000000000001, Active, Not Active, Not Active, Not Active, Not Active
2026/09/23 20:46:33.480, NVIDIA GeForce RTX 3050 6GB Laptop GPU, P0, 45, 11, 5, 1050, 5500, 13.65, [N/A], 43.12, 0x0000000000000001, Active, Not Active, Not Active, Not Active, Not Active
2026/09/23 20:46:33.739, NVIDIA GeForce RTX 3050 6GB Laptop GPU, P3, 45, 17, 6, 570, 5000, 17.02, [N/A], 42.60, 0x0000000000000001, Active, Not Active, Not Active, Not Active, Not Active
2026/09/23 20:46:34.002, NVIDIA GeForce RTX 3050 6GB Laptop GPU, P3, 45, 17, 6, 510, 5000, 13.57, [N/A], 42.23, 0x0000000000000001, Active, Not Active, Not Active, Not Active, Not Active
2026/09/23 20:46:34.255, NVIDIA GeForce RTX 3050 6GB Laptop GPU, P3, 45, 17, 6, 510, 5000, 13.47, [N/A], 42.23, 0x0000000000000001, Active, Not Active, Not Active, Not Active, Not Active
2026/09/23 20:46:34.518, NVIDIA GeForce RTX 3050 6GB Laptop GPU, P3, 45, 15, 3, 465, 5000, 11.60, [N/A], 42.69, 0x0000000000000001, Active, Not Active, Not Active, Not Active, Not Active
2026/09/23 20:46:34.775, NVIDIA GeForce RTX 3050 6GB Laptop GPU, P3, 45, 15, 3, 465, 5000, 11.57, [N/A], 42.69, 0x0000000000000001, Active, Not Active, Not Active, Not Active, Not Active
2026/09/23 20:46:35.040, NVIDIA GeForce RTX 3050 6GB Laptop GPU, P5, 45, 15, 3, 352, 810, 11.31, [N/A], 43.11, 0x0000000000000001, Active, Not Active, Not Active, Not Active, Not Active
2026/09/23 20:46:35.305, NVIDIA GeForce RTX 3050 6GB Laptop GPU, P5, 45, 15, 3, 352, 810, 10.95, [N/A], 43.11, 0x0000000000000001, Active, Not Active, Not Active, Not Active, Not Active
2026/09/23 20:46:35.568, NVIDIA GeForce RTX 3050 6GB Laptop GPU, P5, 45, 0, 0, 292, 810, 11.70, [N/A], 43.79, 0x0000000000000001, Active, Not Active, Not Active, Not Active, Not Active
2026/09/23 20:46:35.830, NVIDIA GeForce RTX 3050 6GB Laptop GPU, P5, 45, 0, 0, 292, 810, 11.93, [N/A], 43.79, 0x0000000000000001, Active, Not Active, Not Active, Not Active, Not Active
2026/09/23 20:46:36.092, NVIDIA GeForce RTX 3050 6GB Laptop GPU, P0, 46, 0, 0, 990, 5500, 15.12, [N/A], 44.03, 0x0000000000000001, Active, Not Active, Not Active, Not Active, Not Active
2026/09/23 20:46:36.357, NVIDIA GeForce RTX 3050 6GB Laptop GPU, P0, 46, 0, 0, 990, 5500, 14.99, [N/A], 44.03, 0x0000000000000001, Active, Not Active, Not Active, Not Active, Not Active
2026/09/23 20:46:36.615, NVIDIA GeForce RTX 3050 6GB Laptop GPU, P0, 46, 22, 10, 990, 5500, 15.30, [N/A], 43.40, 0x0000000000000001, Active, Not Active, Not Active, Not Active, Not Active
2026/09/23 20:46:36.870, NVIDIA GeForce RTX 3050 6GB Laptop GPU, P0, 46, 22, 10, 990, 5500, 15.16, [N/A], 43.40, 0x0000000000000001, Active, Not Active, Not Active, Not Active, Not Active
2026/09/23 20:46:37.131, NVIDIA GeForce RTX 3050 6GB Laptop GPU, P0, 46, 22, 10, 990, 5500, 14.82, [N/A], 43.40, 0x0000000000000001, Active, Not Active, Not Active, Not Active, Not Active
2026/09/23 20:46:37.393, NVIDIA GeForce RTX 3050 6GB Laptop GPU, P0, 46, 22, 10, 990, 5500, 14.72, [N/A], 43.40, 0x0000000000000001, Active, Not Active, Not Active, Not Active, Not Active
2026/09/23 20:46:37.662, NVIDIA GeForce RTX 3050 6GB Laptop GPU, P0, 46, 20, 9, 990, 5500, 14.56, [N/A], 43.40, 0x0000000000000001, Active, Not Active, Not Active, Not Active, Not Active
2026/09/23 20:46:37.919, NVIDIA GeForce RTX 3050 6GB Laptop GPU, P0, 46, 20, 9, 990, 5500, 14.22, [N/A], 43.40, 0x0000000000000001, Active, Not Active, Not Active, Not Active, Not Active
2026/09/23 20:46:38.185, NVIDIA GeForce RTX 3050 6GB Laptop GPU, P3, 46, 20, 9, 562, 5000, 14.34, [N/A], 43.40, 0x0000000000000001, Active, Not Active, Not Active, Not Active, Not Active
2026/09/23 20:46:38.450, NVIDIA GeForce RTX 3050 6GB Laptop GPU, P3, 46, 20, 9, 562, 5000, 13.43, [N/A], 43.40, 0x0000000000000001, Active, Not Active, Not Active, Not Active, Not Active
2026/09/23 20:46:38.709, NVIDIA GeForce RTX 3050 6GB Laptop GPU, P3, 46, 26, 9, 532, 5000, 13.42, [N/A], 43.72, 0x0000000000000001, Active, Not Active, Not Active, Not Active, Not Active
2026/09/23 20:46:38.972, NVIDIA GeForce RTX 3050 6GB Laptop GPU, P3, 46, 26, 9, 532, 5000, 14.33, [N/A], 43.72, 0x0000000000000001, Active, Not Active, Not Active, Not Active, Not Active
2026/09/23 20:46:39.235, NVIDIA GeForce RTX 3050 6GB Laptop GPU, P3, 46, 26, 9, 487, 5000, 13.66, [N/A], 44.04, 0x0000000000000001, Active, Not Active, Not Active, Not Active, Not Active
2026/09/23 20:46:39.500, NVIDIA GeForce RTX 3050 6GB Laptop GPU, P3, 46, 2, 0, 465, 5000, 11.59, [N/A], 44.29, 0x0000000000000001, Active, Not Active, Not Active, Not Active, Not Active
2026/09/23 20:46:39.765, NVIDIA GeForce RTX 3050 6GB Laptop GPU, P3, 46, 2, 0, 465, 5000, 11.58, [N/A], 44.29, 0x0000000000000001, Active, Not Active, Not Active, Not Active, Not Active
2026/09/23 20:46:40.029, NVIDIA GeForce RTX 3050 6GB Laptop GPU, P3, 45, 2, 0, 352, 5000, 11.54, [N/A], 45.00, 0x0000000000000001, Active, Not Active, Not Active, Not Active, Not Active
2026/09/23 20:46:40.293, NVIDIA GeForce RTX 3050 6GB Laptop GPU, P3, 45, 2, 0, 352, 5000, 11.52, [N/A], 45.00, 0x0000000000000001, Active, Not Active, Not Active, Not Active, Not Active
2026/09/23 20:46:40.548, NVIDIA GeForce RTX 3050 6GB Laptop GPU, P5, 45, 0, 0, 292, 810, 11.38, [N/A], 45.00, 0x0000000000000001, Active, Not Active, Not Active, Not Active, Not Active
2026/09/23 20:46:40.811, NVIDIA GeForce RTX 3050 6GB Laptop GPU, P5, 45, 0, 0, 292, 810, 11.60, [N/A], 45.00, 0x0000000000000001, Active, Not Active, Not Active, Not Active, Not Active
2026/09/23 20:46:41.075, NVIDIA GeForce RTX 3050 6GB Laptop GPU, P5, 45, 0, 0, 337, 810, 12.02, [N/A], 45.00, 0x0000000000000001, Active, Not Active, Not Active, Not Active, Not Active
2026/09/23 20:46:41.340, NVIDIA GeForce RTX 3050 6GB Laptop GPU, P5, 45, 0, 0, 337, 810, 12.67, [N/A], 45.00, 0x0000000000000001, Active, Not Active, Not Active, Not Active, Not Active
2026/09/23 20:46:41.601, NVIDIA GeForce RTX 3050 6GB Laptop GPU, P0, 45, 52, 43, 1005, 5500, 13.54, [N/A], 45.00, 0x0000000000000001, Active, Not Active, Not Active, Not Active, Not Active
2026/09/23 20:46:41.862, NVIDIA GeForce RTX 3050 6GB Laptop GPU, P0, 45, 52, 43, 1005, 5500, 13.94, [N/A], 45.00, 0x0000000000000001, Active, Not Active, Not Active, Not Active, Not Active
2026/09/23 20:46:42.124, NVIDIA GeForce RTX 3050 6GB Laptop GPU, P0, 46, 52, 43, 1005, 5500, 14.66, [N/A], 45.00, 0x0000000000000001, Active, Not Active, Not Active, Not Active, Not Active
2026/09/23 20:46:42.385, NVIDIA GeForce RTX 3050 6GB Laptop GPU, P0, 46, 52, 43, 1005, 5500, 14.63, [N/A], 45.00, 0x0000000000000001, Active, Not Active, Not Active, Not Active, Not Active
2026/09/23 20:46:42.649, NVIDIA GeForce RTX 3050 6GB Laptop GPU, P0, 46, 20, 9, 1005, 5500, 14.80, [N/A], 45.00, 0x0000000000000001, Active, Not Active, Not Active, Not Active, Not Active
2026/09/23 20:46:42.915, NVIDIA GeForce RTX 3050 6GB Laptop GPU, P0, 46, 20, 9, 1005, 5500, 14.67, [N/A], 45.00, 0x0000000000000001, Active, Not Active, Not Active, Not Active, Not Active
2026/09/23 20:46:43.177, NVIDIA GeForce RTX 3050 6GB Laptop GPU, P0, 46, 20, 9, 1005, 5500, 15.35, [N/A], 44.80, 0x0000000000000001, Active, Not Active, Not Active, Not Active, Not Active
2026/09/23 20:46:43.440, NVIDIA GeForce RTX 3050 6GB Laptop GPU, P0, 46, 20, 9, 1005, 5500, 14.39, [N/A], 44.80, 0x0000000000000001, Active, Not Active, Not Active, Not Active, Not Active
2026/09/23 20:46:43.704, NVIDIA GeForce RTX 3050 6GB Laptop GPU, P3, 46, 30, 9, 562, 5000, 13.97, [N/A], 44.80, 0x0000000000000001, Active, Not Active, Not Active, Not Active, Not Active
2026/09/23 20:46:43.967, NVIDIA GeForce RTX 3050 6GB Laptop GPU, P3, 46, 30, 9, 562, 5000, 14.02, [N/A], 44.80, 0x0000000000000001, Active, Not Active, Not Active, Not Active, Not Active
2026/09/23 20:46:44.234, NVIDIA GeForce RTX 3050 6GB Laptop GPU, P3, 46, 30, 9, 525, 5000, 14.27, [N/A], 44.80, 0x0000000000000001, Active, Not Active, Not Active, Not Active, Not Active
2026/09/23 20:46:44.497, NVIDIA GeForce RTX 3050 6GB Laptop GPU, P3, 46, 30, 9, 525, 5000, 12.93, [N/A], 44.68, 0x0000000000000001, Active, Not Active, Not Active, Not Active, Not Active
2026/09/23 20:46:44.759, NVIDIA GeForce RTX 3050 6GB Laptop GPU, P3, 46, 7, 1, 457, 5000, 12.47, [N/A], 44.68, 0x0000000000000001, Active, Not Active, Not Active, Not Active, Not Active
2026/09/23 20:46:45.023, NVIDIA GeForce RTX 3050 6GB Laptop GPU, P3, 46, 7, 1, 375, 5000, 11.52, [N/A], 45.00, 0x0000000000000001, Active, Not Active, Not Active, Not Active, Not Active
2026/09/23 20:46:45.287, NVIDIA GeForce RTX 3050 6GB Laptop GPU, P3, 46, 7, 1, 375, 5000, 11.23, [N/A], 45.00, 0x0000000000000001, Active, Not Active, Not Active, Not Active, Not Active
2026/09/23 20:46:45.552, NVIDIA GeForce RTX 3050 6GB Laptop GPU, P5, 45, 0, 0, 285, 810, 11.23, [N/A], 45.00, 0x0000000000000001, Active, Not Active, Not Active, Not Active, Not Active
2026/09/23 20:46:45.814, NVIDIA GeForce RTX 3050 6GB Laptop GPU, P5, 45, 0, 0, 285, 810, 11.47, [N/A], 45.00, 0x0000000000000001, Active, Not Active, Not Active, Not Active, Not Active
2026/09/23 20:46:46.079, NVIDIA GeForce RTX 3050 6GB Laptop GPU, P5, 46, 0, 0, 270, 810, 11.67, [N/A], 45.00, 0x0000000000000001, Active, Not Active, Not Active, Not Active, Not Active
2026/09/23 20:46:46.343, NVIDIA GeForce RTX 3050 6GB Laptop GPU, P5, 46, 0, 0, 270, 810, 12.70, [N/A], 45.00, 0x0000000000000001, Active, Not Active, Not Active, Not Active, Not Active
2026/09/23 20:46:46.609, NVIDIA GeForce RTX 3050 6GB Laptop GPU, P0, 46, 21, 10, 990, 5500, 13.41, [N/A], 45.00, 0x0000000000000001, Active, Not Active, Not Active, Not Active, Not Active
2026/09/23 20:46:46.875, NVIDIA GeForce RTX 3050 6GB Laptop GPU, P0, 46, 21, 10, 990, 5500, 14.37, [N/A], 45.00, 0x0000000000000001, Active, Not Active, Not Active, Not Active, Not Active
2026/09/23 20:46:47.137, NVIDIA GeForce RTX 3050 6GB Laptop GPU, P0, 46, 21, 10, 990, 5500, 15.25, [N/A], 45.00, 0x0000000000000001, Active, Not Active, Not Active, Not Active, Not Active
2026/09/23 20:46:47.407, NVIDIA GeForce RTX 3050 6GB Laptop GPU, P0, 46, 21, 10, 990, 5500, 15.22, [N/A], 45.00, 0x0000000000000001, Active, Not Active, Not Active, Not Active, Not Active
2026/09/23 20:46:47.667, NVIDIA GeForce RTX 3050 6GB Laptop GPU, P0, 46, 18, 9, 990, 5500, 14.33, [N/A], 44.39, 0x0000000000000001, Active, Not Active, Not Active, Not Active, Not Active
2026/09/23 20:46:47.929, NVIDIA GeForce RTX 3050 6GB Laptop GPU, P0, 46, 18, 9, 990, 5500, 14.16, [N/A], 44.39, 0x0000000000000001, Active, Not Active, Not Active, Not Active, Not Active
2026/09/23 20:46:48.194, NVIDIA GeForce RTX 3050 6GB Laptop GPU, P3, 46, 18, 9, 630, 5000, 14.04, [N/A], 44.18, 0x0000000000000001, Active, Not Active, Not Active, Not Active, Not Active
2026/09/23 20:46:48.456, NVIDIA GeForce RTX 3050 6GB Laptop GPU, P3, 46, 18, 9, 630, 5000, 13.69, [N/A], 44.18, 0x0000000000000001, Active, Not Active, Not Active, Not Active, Not Active
2026/09/23 20:46:48.712, NVIDIA GeForce RTX 3050 6GB Laptop GPU, P3, 46, 24, 7, 570, 5000, 12.44, [N/A], 44.18, 0x0000000000000001, Active, Not Active, Not Active, Not Active, Not Active
2026/09/23 20:46:48.977, NVIDIA GeForce RTX 3050 6GB Laptop GPU, P3, 46, 24, 7, 570, 5000, 14.07, [N/A], 44.18, 0x0000000000000001, Active, Not Active, Not Active, Not Active, Not Active
2026/09/23 20:46:49.239, NVIDIA GeForce RTX 3050 6GB Laptop GPU, P3, 46, 24, 7, 532, 5000, 13.72, [N/A], 44.37, 0x0000000000000001, Active, Not Active, Not Active, Not Active, Not Active
2026/09/23 20:46:49.491, NVIDIA GeForce RTX 3050 6GB Laptop GPU, P3, 46, 24, 7, 532, 5000, 13.27, [N/A], 44.37, 0x0000000000000001, Active, Not Active, Not Active, Not Active, Not Active
2026/09/23 20:46:49.755, NVIDIA GeForce RTX 3050 6GB Laptop GPU, P3, 46, 6, 1, 457, 5000, 12.93, [N/A], 44.37, 0x0000000000000001, Active, Not Active, Not Active, Not Active, Not Active
2026/09/23 20:46:50.013, NVIDIA GeForce RTX 3050 6GB Laptop GPU, P5, 46, 6, 1, 382, 810, 11.06, [N/A], 45.00, 0x0000000000000001, Active, Not Active, Not Active, Not Active, Not Active
2026/09/23 20:46:50.275, NVIDIA GeForce RTX 3050 6GB Laptop GPU, P5, 46, 6, 1, 382, 810, 11.03, [N/A], 45.00, 0x0000000000000001, Active, Not Active, Not Active, Not Active, Not Active
2026/09/23 20:46:50.538, NVIDIA GeForce RTX 3050 6GB Laptop GPU, P5, 45, 0, 0, 292, 810, 11.02, [N/A], 45.00, 0x0000000000000001, Active, Not Active, Not Active, Not Active, Not Active
2026/09/23 20:46:50.803, NVIDIA GeForce RTX 3050 6GB Laptop GPU, P5, 45, 0, 0, 292, 810, 11.32, [N/A], 45.00, 0x0000000000000001, Active, Not Active, Not Active, Not Active, Not Active
2026/09/23 20:46:51.067, NVIDIA GeForce RTX 3050 6GB Laptop GPU, P5, 46, 0, 0, 330, 810, 11.31, [N/A], 45.00, 0x0000000000000001, Active, Not Active, Not Active, Not Active, Not Active
2026/09/23 20:46:51.321, NVIDIA GeForce RTX 3050 6GB Laptop GPU, P5, 46, 0, 0, 330, 810, 12.14, [N/A], 45.00, 0x0000000000000001, Active, Not Active, Not Active, Not Active, Not Active
2026/09/23 20:46:51.576, NVIDIA GeForce RTX 3050 6GB Laptop GPU, P3, 46, 70, 57, 832, 5000, 12.47, [N/A], 45.00, 0x0000000000000001, Active, Not Active, Not Active, Not Active, Not Active
2026/09/23 20:46:51.839, NVIDIA GeForce RTX 3050 6GB Laptop GPU, P3, 46, 70, 57, 832, 5000, 13.57, [N/A], 45.00, 0x0000000000000001, Active, Not Active, Not Active, Not Active, Not Active
2026/09/23 20:46:52.103, NVIDIA GeForce RTX 3050 6GB Laptop GPU, P3, 46, 70, 57, 832, 5000, 14.10, [N/A], 45.00, 0x0000000000000001, Active, Not Active, Not Active, Not Active, Not Active
2026/09/23 20:46:52.366, NVIDIA GeForce RTX 3050 6GB Laptop GPU, P3, 46, 70, 57, 832, 5000, 14.21, [N/A], 45.00, 0x0000000000000001, Active, Not Active, Not Active, Not Active, Not Active
2026/09/23 20:46:52.620, NVIDIA GeForce RTX 3050 6GB Laptop GPU, P3, 46, 13, 6, 832, 5000, 14.14, [N/A], 45.00, 0x0000000000000001, Active, Not Active, Not Active, Not Active, Not Active
2026/09/23 20:46:52.883, NVIDIA GeForce RTX 3050 6GB Laptop GPU, P3, 46, 13, 6, 832, 5000, 12.95, [N/A], 45.00, 0x0000000000000001, Active, Not Active, Not Active, Not Active, Not Active
2026/09/23 20:46:53.146, NVIDIA GeForce RTX 3050 6GB Laptop GPU, P3, 46, 13, 6, 832, 5000, 13.35, [N/A], 44.33, 0x0000000000000001, Active, Not Active, Not Active, Not Active, Not Active
2026/09/23 20:46:53.405, NVIDIA GeForce RTX 3050 6GB Laptop GPU, P3, 46, 13, 6, 832, 5000, 13.38, [N/A], 44.33, 0x0000000000000001, Active, Not Active, Not Active, Not Active, Not Active
2026/09/23 20:46:53.666, NVIDIA GeForce RTX 3050 6GB Laptop GPU, P3, 46, 20, 6, 555, 5000, 13.73, [N/A], 44.07, 0x0000000000000001, Active, Not Active, Not Active, Not Active, Not Active
2026/09/23 20:46:53.930, NVIDIA GeForce RTX 3050 6GB Laptop GPU, P3, 46, 20, 6, 555, 5000, 13.60, [N/A], 44.07, 0x0000000000000001, Active, Not Active, Not Active, Not Active, Not Active
2026/09/23 20:46:54.192, NVIDIA GeForce RTX 3050 6GB Laptop GPU, P3, 46, 20, 6, 517, 5000, 13.39, [N/A], 43.85, 0x0000000000000001, Active, Not Active, Not Active, Not Active, Not Active
2026/09/23 20:46:54.446, NVIDIA GeForce RTX 3050 6GB Laptop GPU, P3, 46, 20, 6, 517, 5000, 13.52, [N/A], 43.85, 0x0000000000000001, Active, Not Active, Not Active, Not Active, Not Active
2026/09/23 20:46:54.711, NVIDIA GeForce RTX 3050 6GB Laptop GPU, P3, 46, 19, 6, 465, 5000, 13.60, [N/A], 43.85, 0x0000000000000001, Active, Not Active, Not Active, Not Active, Not Active
2026/09/23 20:46:54.974, NVIDIA GeForce RTX 3050 6GB Laptop GPU, P3, 46, 19, 6, 465, 5000, 13.52, [N/A], 43.85, 0x0000000000000001, Active, Not Active, Not Active, Not Active, Not Active
2026/09/23 20:46:55.234, NVIDIA GeForce RTX 3050 6GB Laptop GPU, P3, 46, 19, 6, 450, 5000, 11.57, [N/A], 43.85, 0x0000000000000001, Active, Not Active, Not Active, Not Active, Not Active
2026/09/23 20:46:55.499, NVIDIA GeForce RTX 3050 6GB Laptop GPU, P3, 46, 0, 0, 337, 5000, 11.55, [N/A], 44.98, 0x0000000000000001, Active, Not Active, Not Active, Not Active, Not Active
2026/09/23 20:46:55.762, NVIDIA GeForce RTX 3050 6GB Laptop GPU, P3, 46, 0, 0, 337, 5000, 11.55, [N/A], 44.98, 0x0000000000000001, Active, Not Active, Not Active, Not Active, Not Active
2026/09/23 20:46:56.025, NVIDIA GeForce RTX 3050 6GB Laptop GPU, P5, 46, 0, 0, 285, 810, 11.55, [N/A], 44.98, 0x0000000000000001, Active, Not Active, Not Active, Not Active, Not Active
2026/09/23 20:46:56.288, NVIDIA GeForce RTX 3050 6GB Laptop GPU, P5, 46, 0, 0, 285, 810, 11.69, [N/A], 44.98, 0x0000000000000001, Active, Not Active, Not Active, Not Active, Not Active
2026/09/23 20:46:56.547, NVIDIA GeForce RTX 3050 6GB Laptop GPU, P5, 46, 48, 34, 360, 810, 11.92, [N/A], 44.98, 0x0000000000000001, Active, Not Active, Not Active, Not Active, Not Active
2026/09/23 20:46:56.809, NVIDIA GeForce RTX 3050 6GB Laptop GPU, P5, 46, 48, 34, 360, 810, 12.47, [N/A], 44.98, 0x0000000000000001, Active, Not Active, Not Active, Not Active, Not Active
2026/09/23 20:46:57.070, NVIDIA GeForce RTX 3050 6GB Laptop GPU, P3, 46, 48, 34, 870, 5000, 12.95, [N/A], 44.98, 0x0000000000000001, Active, Not Active, Not Active, Not Active, Not Active
2026/09/23 20:46:57.332, NVIDIA GeForce RTX 3050 6GB Laptop GPU, P3, 46, 48, 34, 870, 5000, 13.76, [N/A], 44.98, 0x0000000000000001, Active, Not Active, Not Active, Not Active, Not Active
2026/09/23 20:46:57.598, NVIDIA GeForce RTX 3050 6GB Laptop GPU, P3, 46, 25, 11, 870, 5000, 14.38, [N/A], 44.98, 0x0000000000000001, Active, Not Active, Not Active, Not Active, Not Active
2026/09/23 20:46:57.864, NVIDIA GeForce RTX 3050 6GB Laptop GPU, P3, 46, 25, 11, 870, 5000, 14.38, [N/A], 44.98, 0x0000000000000001, Active, Not Active, Not Active, Not Active, Not Active
2026/09/23 20:46:58.125, NVIDIA GeForce RTX 3050 6GB Laptop GPU, P3, 46, 25, 11, 870, 5000, 14.43, [N/A], 44.98, 0x0000000000000001, Active, Not Active, Not Active, Not Active, Not Active
2026/09/23 20:46:58.390, NVIDIA GeForce RTX 3050 6GB Laptop GPU, P3, 46, 25, 11, 870, 5000, 14.24, [N/A], 44.98, 0x0000000000000001, Active, Not Active, Not Active, Not Active, Not Active
2026/09/23 20:46:58.653, NVIDIA GeForce RTX 3050 6GB Laptop GPU, P3, 46, 20, 10, 870, 5000, 14.01, [N/A], 44.98, 0x0000000000000001, Active, Not Active, Not Active, Not Active, Not Active
2026/09/23 20:46:58.916, NVIDIA GeForce RTX 3050 6GB Laptop GPU, P3, 46, 20, 10, 870, 5000, 13.89, [N/A], 44.98, 0x0000000000000001, Active, Not Active, Not Active, Not Active, Not Active
2026/09/23 20:46:59.177, NVIDIA GeForce RTX 3050 6GB Laptop GPU, P3, 46, 20, 10, 532, 5000, 13.76, [N/A], 44.98, 0x0000000000000001, Active, Not Active, Not Active, Not Active, Not Active
2026/09/23 20:46:59.443, NVIDIA GeForce RTX 3050 6GB Laptop GPU, P3, 46, 20, 10, 532, 5000, 13.67, [N/A], 44.98, 0x0000000000000001, Active, Not Active, Not Active, Not Active, Not Active
2026/09/23 20:46:59.704, NVIDIA GeForce RTX 3050 6GB Laptop GPU, P3, 46, 21, 7, 480, 5000, 14.36, [N/A], 44.98, 0x0000000000000001, Active, Not Active, Not Active, Not Active, Not Active
2026/09/23 20:46:59.967, NVIDIA GeForce RTX 3050 6GB Laptop GPU, P3, 46, 21, 7, 480, 5000, 13.45, [N/A], 44.98, 0x0000000000000001, Active, Not Active, Not Active, Not Active, Not Active
2026/09/23 20:47:00.233, NVIDIA GeForce RTX 3050 6GB Laptop GPU, P3, 46, 21, 7, 450, 5000, 12.52, [N/A], 44.64, 0x0000000000000001, Active, Not Active, Not Active, Not Active, Not Active
2026/09/23 20:47:00.500, NVIDIA GeForce RTX 3050 6GB Laptop GPU, P3, 46, 0, 0, 345, 5000, 12.20, [N/A], 44.64, 0x0000000000000001, Active, Not Active, Not Active, Not Active, Not Active
2026/09/23 20:47:00.762, NVIDIA GeForce RTX 3050 6GB Laptop GPU, P3, 46, 0, 0, 345, 5000, 12.08, [N/A], 44.64, 0x0000000000000001, Active, Not Active, Not Active, Not Active, Not Active
2026/09/23 20:47:01.024, NVIDIA GeForce RTX 3050 6GB Laptop GPU, P5, 46, 0, 0, 285, 810, 11.77, [N/A], 45.00, 0x0000000000000001, Active, Not Active, Not Active, Not Active, Not Active
2026/09/23 20:47:01.290, NVIDIA GeForce RTX 3050 6GB Laptop GPU, P5, 46, 0, 0, 285, 810, 14.24, [N/A], 45.00, 0x0000000000000001, Active, Not Active, Not Active, Not Active, Not Active
2026/09/23 20:47:01.552, NVIDIA GeForce RTX 3050 6GB Laptop GPU, P5, 46, 36, 27, 285, 810, 12.93, [N/A], 45.00, 0x0000000000000001, Active, Not Active, Not Active, Not Active, Not Active
2026/09/23 20:47:01.822, NVIDIA GeForce RTX 3050 6GB Laptop GPU, P5, 46, 36, 27, 285, 810, 13.39, [N/A], 45.00, 0x0000000000000001, Active, Not Active, Not Active, Not Active, Not Active
2026/09/23 20:47:02.082, NVIDIA GeForce RTX 3050 6GB Laptop GPU, P5, 46, 36, 27, 735, 810, 13.40, [N/A], 45.00, 0x0000000000000001, Active, Not Active, Not Active, Not Active, Not Active
2026/09/23 20:47:02.350, NVIDIA GeForce RTX 3050 6GB Laptop GPU, P5, 46, 36, 27, 735, 810, 13.96, [N/A], 45.00, 0x0000000000000001, Active, Not Active, Not Active, Not Active, Not Active
2026/09/23 20:47:02.608, NVIDIA GeForce RTX 3050 6GB Laptop GPU, P0, 47, 26, 13, 1057, 5500, 14.76, [N/A], 45.00, 0x0000000000000001, Active, Not Active, Not Active, Not Active, Not Active
2026/09/23 20:47:02.868, NVIDIA GeForce RTX 3050 6GB Laptop GPU, P0, 47, 26, 13, 1057, 5500, 15.05, [N/A], 45.00, 0x0000000000000001, Active, Not Active, Not Active, Not Active, Not Active
2026/09/23 20:47:03.134, NVIDIA GeForce RTX 3050 6GB Laptop GPU, P0, 46, 26, 13, 1057, 5500, 15.47, [N/A], 45.00, 0x0000000000000001, Active, Not Active, Not Active, Not Active, Not Active
2026/09/23 20:47:03.400, NVIDIA GeForce RTX 3050 6GB Laptop GPU, P0, 46, 26, 13, 1057, 5500, 14.84, [N/A], 45.00, 0x0000000000000001, Active, Not Active, Not Active, Not Active, Not Active
2026/09/23 20:47:03.664, NVIDIA GeForce RTX 3050 6GB Laptop GPU, P0, 46, 11, 5, 1057, 5500, 14.58, [N/A], 44.42, 0x0000000000000001, Active, Not Active, Not Active, Not Active, Not Active
2026/09/23 20:47:03.931, NVIDIA GeForce RTX 3050 6GB Laptop GPU, P0, 46, 11, 5, 1057, 5500, 14.86, [N/A], 44.42, 0x0000000000000001, Active, Not Active, Not Active, Not Active, Not Active
2026/09/23 20:47:04.202, NVIDIA GeForce RTX 3050 6GB Laptop GPU, P3, 46, 11, 5, 660, 5000, 14.43, [N/A], 44.42, 0x0000000000000001, Active, Not Active, Not Active, Not Active, Not Active
2026/09/23 20:47:04.459, NVIDIA GeForce RTX 3050 6GB Laptop GPU, P3, 46, 11, 5, 660, 5000, 14.22, [N/A], 44.42, 0x0000000000000001, Active, Not Active, Not Active, Not Active, Not Active
2026/09/23 20:47:04.718, NVIDIA GeForce RTX 3050 6GB Laptop GPU, P3, 46, 29, 10, 592, 5000, 13.20, [N/A], 44.17, 0x0000000000000001, Active, Not Active, Not Active, Not Active, Not Active
2026/09/23 20:47:04.982, NVIDIA GeForce RTX 3050 6GB Laptop GPU, P3, 46, 29, 10, 592, 5000, 13.49, [N/A], 44.17, 0x0000000000000001, Active, Not Active, Not Active, Not Active, Not Active
2026/09/23 20:47:05.246, NVIDIA GeForce RTX 3050 6GB Laptop GPU, P3, 46, 29, 10, 547, 5000, 11.62, [N/A], 44.17, 0x0000000000000001, Active, Not Active, Not Active, Not Active, Not Active
2026/09/23 20:47:05.509, NVIDIA GeForce RTX 3050 6GB Laptop GPU, P3, 46, 0, 0, 420, 5000, 11.60, [N/A], 43.80, 0x0000000000000001, Active, Not Active, Not Active, Not Active, Not Active
2026/09/23 20:47:05.775, NVIDIA GeForce RTX 3050 6GB Laptop GPU, P3, 46, 0, 0, 420, 5000, 11.56, [N/A], 43.80, 0x0000000000000001, Active, Not Active, Not Active, Not Active, Not Active
2026/09/23 20:47:06.036, NVIDIA GeForce RTX 3050 6GB Laptop GPU, P3, 46, 0, 0, 352, 5000, 11.56, [N/A], 45.00, 0x0000000000000001, Active, Not Active, Not Active, Not Active, Not Active
2026/09/23 20:47:06.299, NVIDIA GeForce RTX 3050 6GB Laptop GPU, P3, 46, 0, 0, 352, 5000, 12.04, [N/A], 45.00, 0x0000000000000001, Active, Not Active, Not Active, Not Active, Not Active
2026/09/23 20:47:06.563, NVIDIA GeForce RTX 3050 6GB Laptop GPU, P5, 46, 19, 14, 307, 810, 11.94, [N/A], 45.00, 0x0000000000000001, Active, Not Active, Not Active, Not Active, Not Active
2026/09/23 20:47:06.827, NVIDIA GeForce RTX 3050 6GB Laptop GPU, P5, 46, 19, 14, 307, 810, 12.62, [N/A], 45.00, 0x0000000000000001, Active, Not Active, Not Active, Not Active, Not Active
2026/09/23 20:47:07.088, NVIDIA GeForce RTX 3050 6GB Laptop GPU, P5, 46, 19, 14, 765, 810, 13.00, [N/A], 45.00, 0x0000000000000001, Active, Not Active, Not Active, Not Active, Not Active
2026/09/23 20:47:07.348, NVIDIA GeForce RTX 3050 6GB Laptop GPU, P5, 46, 19, 14, 765, 810, 14.24, [N/A], 45.00, 0x0000000000000001, Active, Not Active, Not Active, Not Active, Not Active
2026/09/23 20:47:07.610, NVIDIA GeForce RTX 3050 6GB Laptop GPU, P0, 47, 25, 13, 1222, 5500, 15.49, [N/A], 45.00, 0x0000000000000001, Active, Not Active, Not Active, Not Active, Not Active
2026/09/23 20:47:07.875, NVIDIA GeForce RTX 3050 6GB Laptop GPU, P0, 47, 25, 13, 1222, 5500, 15.86, [N/A], 45.00, 0x0000000000000001, Active, Not Active, Not Active, Not Active, Not Active
2026/09/23 20:47:08.138, NVIDIA GeForce RTX 3050 6GB Laptop GPU, P0, 47, 25, 13, 1222, 5500, 16.60, [N/A], 45.00, 0x0000000000000001, Active, Not Active, Not Active, Not Active, Not Active
2026/09/23 20:47:08.406, NVIDIA GeForce RTX 3050 6GB Laptop GPU, P0, 47, 25, 13, 1222, 5500, 14.18, [N/A], 45.00, 0x0000000000000001, Active, Not Active, Not Active, Not Active, Not Active
2026/09/23 20:47:08.668, NVIDIA GeForce RTX 3050 6GB Laptop GPU, P0, 47, 13, 6, 1222, 5500, 15.88, [N/A], 44.51, 0x0000000000000001, Active, Not Active, Not Active, Not Active, Not Active
2026/09/23 20:47:08.932, NVIDIA GeForce RTX 3050 6GB Laptop GPU, P0, 47, 13, 6, 1222, 5500, 15.19, [N/A], 44.51, 0x0000000000000001, Active, Not Active, Not Active, Not Active, Not Active
2026/09/23 20:47:09.196, NVIDIA GeForce RTX 3050 6GB Laptop GPU, P3, 47, 13, 6, 697, 5000, 15.82, [N/A], 44.04, 0x0000000000000001, Active, Not Active, Not Active, Not Active, Not Active
2026/09/23 20:47:09.460, NVIDIA GeForce RTX 3050 6GB Laptop GPU, P3, 47, 13, 6, 697, 5000, 13.12, [N/A], 44.04, 0x0000000000000001, Active, Not Active, Not Active, Not Active, Not Active
2026/09/23 20:47:09.724, NVIDIA GeForce RTX 3050 6GB Laptop GPU, P3, 47, 24, 7, 615, 5000, 13.37, [N/A], 43.56, 0x0000000000000001, Active, Not Active, Not Active, Not Active, Not Active
2026/09/23 20:47:09.989, NVIDIA GeForce RTX 3050 6GB Laptop GPU, P3, 47, 24, 7, 615, 5000, 11.73, [N/A], 43.56, 0x0000000000000001, Active, Not Active, Not Active, Not Active, Not Active
2026/09/23 20:47:10.253, NVIDIA GeForce RTX 3050 6GB Laptop GPU, P3, 46, 24, 7, 570, 5000, 11.69, [N/A], 43.72, 0x0000000000000001, Active, Not Active, Not Active, Not Active, Not Active
2026/09/23 20:47:10.517, NVIDIA GeForce RTX 3050 6GB Laptop GPU, P3, 46, 0, 0, 435, 5000, 11.63, [N/A], 44.67, 0x0000000000000001, Active, Not Active, Not Active, Not Active, Not Active
2026/09/23 20:47:10.781, NVIDIA GeForce RTX 3050 6GB Laptop GPU, P3, 46, 0, 0, 435, 5000, 11.63, [N/A], 44.67, 0x0000000000000001, Active, Not Active, Not Active, Not Active, Not Active
2026/09/23 20:47:11.042, NVIDIA GeForce RTX 3050 6GB Laptop GPU, P5, 46, 0, 0, 360, 810, 11.62, [N/A], 45.00, 0x0000000000000001, Active, Not Active, Not Active, Not Active, Not Active
2026/09/23 20:47:11.306, NVIDIA GeForce RTX 3050 6GB Laptop GPU, P5, 46, 0, 0, 360, 810, 11.28, [N/A], 45.00, 0x0000000000000001, Active, Not Active, Not Active, Not Active, Not Active
2026/09/23 20:47:11.573, NVIDIA GeForce RTX 3050 6GB Laptop GPU, P5, 46, 38, 26, 307, 810, 11.65, [N/A], 45.00, 0x0000000000000001, Active, Not Active, Not Active, Not Active, Not Active
2026/09/23 20:47:11.836, NVIDIA GeForce RTX 3050 6GB Laptop GPU, P5, 46, 38, 26, 307, 810, 12.21, [N/A], 45.00, 0x0000000000000001, Active, Not Active, Not Active, Not Active, Not Active
2026/09/23 20:47:12.100, NVIDIA GeForce RTX 3050 6GB Laptop GPU, P5, 46, 38, 26, 705, 810, 12.64, [N/A], 45.00, 0x0000000000000001, Active, Not Active, Not Active, Not Active, Not Active
2026/09/23 20:47:12.364, NVIDIA GeForce RTX 3050 6GB Laptop GPU, P5, 46, 38, 26, 705, 810, 13.66, [N/A], 45.00, 0x0000000000000001, Active, Not Active, Not Active, Not Active, Not Active
2026/09/23 20:47:12.629, NVIDIA GeForce RTX 3050 6GB Laptop GPU, P3, 47, 27, 11, 825, 5000, 14.15, [N/A], 45.00, 0x0000000000000001, Active, Not Active, Not Active, Not Active, Not Active
2026/09/23 20:47:12.894, NVIDIA GeForce RTX 3050 6GB Laptop GPU, P3, 47, 27, 11, 825, 5000, 14.38, [N/A], 45.00, 0x0000000000000001, Active, Not Active, Not Active, Not Active, Not Active
2026/09/23 20:47:13.149, NVIDIA GeForce RTX 3050 6GB Laptop GPU, P3, 47, 27, 11, 825, 5000, 14.39, [N/A], 45.00, 0x0000000000000001, Active, Not Active, Not Active, Not Active, Not Active
2026/09/23 20:47:13.411, NVIDIA GeForce RTX 3050 6GB Laptop GPU, P3, 47, 27, 11, 825, 5000, 14.17, [N/A], 45.00, 0x0000000000000001, Active, Not Active, Not Active, Not Active, Not Active
2026/09/23 20:47:13.665, NVIDIA GeForce RTX 3050 6GB Laptop GPU, P3, 47, 21, 7, 825, 5000, 14.05, [N/A], 45.00, 0x0000000000000001, Active, Not Active, Not Active, Not Active, Not Active
2026/09/23 20:47:13.928, NVIDIA GeForce RTX 3050 6GB Laptop GPU, P3, 47, 21, 7, 825, 5000, 14.60, [N/A], 45.00, 0x0000000000000001, Active, Not Active, Not Active, Not Active, Not Active
2026/09/23 20:47:14.184, NVIDIA GeForce RTX 3050 6GB Laptop GPU, P3, 47, 21, 7, 607, 5000, 13.96, [N/A], 44.52, 0x0000000000000001, Active, Not Active, Not Active, Not Active, Not Active
2026/09/23 20:47:14.449, NVIDIA GeForce RTX 3050 6GB Laptop GPU, P3, 47, 21, 7, 607, 5000, 14.08, [N/A], 44.52, 0x0000000000000001, Active, Not Active, Not Active, Not Active, Not Active
2026/09/23 20:47:14.703, NVIDIA GeForce RTX 3050 6GB Laptop GPU, P3, 47, 29, 10, 555, 5000, 13.90, [N/A], 44.52, 0x0000000000000001, Active, Not Active, Not Active, Not Active, Not Active
2026/09/23 20:47:14.966, NVIDIA GeForce RTX 3050 6GB Laptop GPU, P3, 47, 29, 10, 555, 5000, 13.90, [N/A], 44.52, 0x0000000000000001, Active, Not Active, Not Active, Not Active, Not Active
2026/09/23 20:47:15.227, NVIDIA GeForce RTX 3050 6GB Laptop GPU, P3, 47, 29, 10, 525, 5000, 13.52, [N/A], 44.52, 0x0000000000000001, Active, Not Active, Not Active, Not Active, Not Active
2026/09/23 20:47:15.492, NVIDIA GeForce RTX 3050 6GB Laptop GPU, P3, 47, 29, 10, 525, 5000, 12.90, [N/A], 44.52, 0x0000000000000001, Active, Not Active, Not Active, Not Active, Not Active
2026/09/23 20:47:15.755, NVIDIA GeForce RTX 3050 6GB Laptop GPU, P3, 46, 0, 0, 420, 5000, 11.62, [N/A], 44.52, 0x0000000000000001, Active, Not Active, Not Active, Not Active, Not Active
2026/09/23 20:47:16.027, NVIDIA GeForce RTX 3050 6GB Laptop GPU, P5, 46, 0, 0, 345, 810, 11.10, [N/A], 45.00, 0x0000000000000001, Active, Not Active, Not Active, Not Active, Not Active
2026/09/23 20:47:16.292, NVIDIA GeForce RTX 3050 6GB Laptop GPU, P5, 46, 0, 0, 345, 810, 11.10, [N/A], 45.00, 0x0000000000000001, Active, Not Active, Not Active, Not Active, Not Active
2026/09/23 20:47:16.556, NVIDIA GeForce RTX 3050 6GB Laptop GPU, P5, 46, 32, 25, 285, 810, 11.33, [N/A], 45.00, 0x0000000000000001, Active, Not Active, Not Active, Not Active, Not Active
2026/09/23 20:47:16.820, NVIDIA GeForce RTX 3050 6GB Laptop GPU, P5, 46, 32, 25, 285, 810, 11.58, [N/A], 45.00, 0x0000000000000001, Active, Not Active, Not Active, Not Active, Not Active
2026/09/23 20:47:17.084, NVIDIA GeForce RTX 3050 6GB Laptop GPU, P5, 46, 32, 25, 450, 810, 12.35, [N/A], 45.00, 0x0000000000000001, Active, Not Active, Not Active, Not Active, Not Active
2026/09/23 20:47:17.352, NVIDIA GeForce RTX 3050 6GB Laptop GPU, P5, 46, 32, 25, 450, 810, 12.55, [N/A], 45.00, 0x0000000000000001, Active, Not Active, Not Active, Not Active, Not Active
2026/09/23 20:47:17.619, NVIDIA GeForce RTX 3050 6GB Laptop GPU, P3, 47, 33, 17, 855, 5000, 13.83, [N/A], 45.00, 0x0000000000000001, Active, Not Active, Not Active, Not Active, Not Active
2026/09/23 20:47:17.880, NVIDIA GeForce RTX 3050 6GB Laptop GPU, P3, 47, 33, 17, 855, 5000, 14.48, [N/A], 45.00, 0x0000000000000001, Active, Not Active, Not Active, Not Active, Not Active
2026/09/23 20:47:18.145, NVIDIA GeForce RTX 3050 6GB Laptop GPU, P3, 47, 33, 17, 855, 5000, 14.59, [N/A], 45.00, 0x0000000000000001, Active, Not Active, Not Active, Not Active, Not Active
2026/09/23 20:47:18.401, NVIDIA GeForce RTX 3050 6GB Laptop GPU, P3, 47, 33, 17, 855, 5000, 14.77, [N/A], 45.00, 0x0000000000000001, Active, Not Active, Not Active, Not Active, Not Active
2026/09/23 20:47:18.659, NVIDIA GeForce RTX 3050 6GB Laptop GPU, P3, 47, 26, 10, 855, 5000, 14.66, [N/A], 45.00, 0x0000000000000001, Active, Not Active, Not Active, Not Active, Not Active
2026/09/23 20:47:18.923, NVIDIA GeForce RTX 3050 6GB Laptop GPU, P3, 47, 26, 10, 855, 5000, 14.33, [N/A], 45.00, 0x0000000000000001, Active, Not Active, Not Active, Not Active, Not Active
2026/09/23 20:47:19.183, NVIDIA GeForce RTX 3050 6GB Laptop GPU, P3, 47, 26, 10, 855, 5000, 14.14, [N/A], 45.00, 0x0000000000000001, Active, Not Active, Not Active, Not Active, Not Active
2026/09/23 20:47:19.448, NVIDIA GeForce RTX 3050 6GB Laptop GPU, P3, 47, 26, 10, 855, 5000, 15.14, [N/A], 45.00, 0x0000000000000001, Active, Not Active, Not Active, Not Active, Not Active
2026/09/23 20:47:19.711, NVIDIA GeForce RTX 3050 6GB Laptop GPU, P3, 47, 21, 8, 547, 5000, 13.49, [N/A], 44.60, 0x0000000000000001, Active, Not Active, Not Active, Not Active, Not Active
2026/09/23 20:47:19.964, NVIDIA GeForce RTX 3050 6GB Laptop GPU, P3, 47, 21, 8, 547, 5000, 13.61, [N/A], 44.60, 0x0000000000000001, Active, Not Active, Not Active, Not Active, Not Active
2026/09/23 20:47:20.226, NVIDIA GeForce RTX 3050 6GB Laptop GPU, P3, 47, 21, 8, 517, 5000, 13.37, [N/A], 44.60, 0x0000000000000001, Active, Not Active, Not Active, Not Active, Not Active
2026/09/23 20:47:20.486, NVIDIA GeForce RTX 3050 6GB Laptop GPU, P3, 47, 21, 8, 517, 5000, 12.90, [N/A], 44.60, 0x0000000000000001, Active, Not Active, Not Active, Not Active, Not Active
2026/09/23 20:47:20.748, NVIDIA GeForce RTX 3050 6GB Laptop GPU, P3, 46, 0, 0, 420, 5000, 12.64, [N/A], 44.60, 0x0000000000000001, Active, Not Active, Not Active, Not Active, Not Active
2026/09/23 20:47:21.009, NVIDIA GeForce RTX 3050 6GB Laptop GPU, P3, 46, 0, 0, 345, 5000, 11.59, [N/A], 45.00, 0x0000000000000001, Active, Not Active, Not Active, Not Active, Not Active
2026/09/23 20:47:21.269, NVIDIA GeForce RTX 3050 6GB Laptop GPU, P3, 46, 0, 0, 345, 5000, 11.59, [N/A], 45.00, 0x0000000000000001, Active, Not Active, Not Active, Not Active, Not Active
2026/09/23 20:47:21.533, NVIDIA GeForce RTX 3050 6GB Laptop GPU, P5, 46, 7, 7, 270, 810, 11.27, [N/A], 45.00, 0x0000000000000001, Active, Not Active, Not Active, Not Active, Not Active
2026/09/23 20:47:21.797, NVIDIA GeForce RTX 3050 6GB Laptop GPU, P5, 46, 7, 7, 270, 810, 11.84, [N/A], 45.00, 0x0000000000000001, Active, Not Active, Not Active, Not Active, Not Active
2026/09/23 20:47:22.062, NVIDIA GeForce RTX 3050 6GB Laptop GPU, P5, 46, 7, 7, 480, 810, 12.14, [N/A], 45.00, 0x0000000000000001, Active, Not Active, Not Active, Not Active, Not Active
2026/09/23 20:47:22.316, NVIDIA GeForce RTX 3050 6GB Laptop GPU, P5, 46, 7, 7, 480, 810, 12.61, [N/A], 45.00, 0x0000000000000001, Active, Not Active, Not Active, Not Active, Not Active
2026/09/23 20:47:22.580, NVIDIA GeForce RTX 3050 6GB Laptop GPU, P0, 47, 33, 18, 937, 5500, 14.00, [N/A], 45.00, 0x0000000000000001, Active, Not Active, Not Active, Not Active, Not Active
2026/09/23 20:47:22.846, NVIDIA GeForce RTX 3050 6GB Laptop GPU, P0, 47, 33, 18, 937, 5500, 14.55, [N/A], 45.00, 0x0000000000000001, Active, Not Active, Not Active, Not Active, Not Active
2026/09/23 20:47:23.097, NVIDIA GeForce RTX 3050 6GB Laptop GPU, P0, 47, 33, 18, 937, 5500, 14.94, [N/A], 45.00, 0x0000000000000001, Active, Not Active, Not Active, Not Active, Not Active
2026/09/23 20:47:23.360, NVIDIA GeForce RTX 3050 6GB Laptop GPU, P0, 47, 33, 18, 937, 5500, 14.98, [N/A], 45.00, 0x0000000000000001, Active, Not Active, Not Active, Not Active, Not Active
2026/09/23 20:47:23.627, NVIDIA GeForce RTX 3050 6GB Laptop GPU, P0, 47, 23, 10, 937, 5500, 14.76, [N/A], 45.00, 0x0000000000000001, Active, Not Active, Not Active, Not Active, Not Active
2026/09/23 20:47:23.894, NVIDIA GeForce RTX 3050 6GB Laptop GPU, P0, 47, 23, 10, 937, 5500, 14.59, [N/A], 45.00, 0x0000000000000001, Active, Not Active, Not Active, Not Active, Not Active
2026/09/23 20:47:24.147, NVIDIA GeForce RTX 3050 6GB Laptop GPU, P0, 47, 23, 10, 937, 5500, 14.44, [N/A], 45.00, 0x0000000000000001, Active, Not Active, Not Active, Not Active, Not Active
2026/09/23 20:47:24.403, NVIDIA GeForce RTX 3050 6GB Laptop GPU, P0, 47, 23, 10, 937, 5500, 14.17, [N/A], 45.00, 0x0000000000000001, Active, Not Active, Not Active, Not Active, Not Active
2026/09/23 20:47:24.667, NVIDIA GeForce RTX 3050 6GB Laptop GPU, P3, 47, 21, 6, 562, 5000, 13.97, [N/A], 45.00, 0x0000000000000001, Active, Not Active, Not Active, Not Active, Not Active
2026/09/23 20:47:24.930, NVIDIA GeForce RTX 3050 6GB Laptop GPU, P3, 47, 21, 6, 562, 5000, 14.13, [N/A], 45.00, 0x0000000000000001, Active, Not Active, Not Active, Not Active, Not Active
2026/09/23 20:47:25.197, NVIDIA GeForce RTX 3050 6GB Laptop GPU, P3, 47, 21, 6, 525, 5000, 13.82, [N/A], 44.75, 0x0000000000000001, Active, Not Active, Not Active, Not Active, Not Active
2026/09/23 20:47:25.463, NVIDIA GeForce RTX 3050 6GB Laptop GPU, P3, 47, 21, 6, 525, 5000, 13.59, [N/A], 44.75, 0x0000000000000001, Active, Not Active, Not Active, Not Active, Not Active
2026/09/23 20:47:25.728, NVIDIA GeForce RTX 3050 6GB Laptop GPU, P3, 47, 8, 1, 457, 5000, 13.00, [N/A], 44.75, 0x0000000000000001, Active, Not Active, Not Active, Not Active, Not Active
2026/09/23 20:47:25.991, NVIDIA GeForce RTX 3050 6GB Laptop GPU, P3, 47, 8, 1, 457, 5000, 12.42, [N/A], 44.75, 0x0000000000000001, Active, Not Active, Not Active, Not Active, Not Active
2026/09/23 20:47:26.256, NVIDIA GeForce RTX 3050 6GB Laptop GPU, P3, 46, 8, 1, 375, 5000, 12.11, [N/A], 44.75, 0x0000000000000001, Active, Not Active, Not Active, Not Active, Not Active
2026/09/23 20:47:26.519, NVIDIA GeForce RTX 3050 6GB Laptop GPU, P5, 46, 0, 0, 285, 810, 11.85, [N/A], 45.00, 0x0000000000000001, Active, Not Active, Not Active, Not Active, Not Active
2026/09/23 20:47:26.784, NVIDIA GeForce RTX 3050 6GB Laptop GPU, P5, 46, 0, 0, 285, 810, 14.41, [N/A], 45.00, 0x0000000000000001, Active, Not Active, Not Active, Not Active, Not Active
2026/09/23 20:47:27.048, NVIDIA GeForce RTX 3050 6GB Laptop GPU, P5, 46, 0, 0, 330, 810, 12.32, [N/A], 45.00, 0x0000000000000001, Active, Not Active, Not Active, Not Active, Not Active
2026/09/23 20:47:27.308, NVIDIA GeForce RTX 3050 6GB Laptop GPU, P5, 46, 0, 0, 330, 810, 13.02, [N/A], 45.00, 0x0000000000000001, Active, Not Active, Not Active, Not Active, Not Active
2026/09/23 20:47:27.568, NVIDIA GeForce RTX 3050 6GB Laptop GPU, P3, 46, 71, 58, 825, 5000, 13.33, [N/A], 45.00, 0x0000000000000001, Active, Not Active, Not Active, Not Active, Not Active
2026/09/23 20:47:27.833, NVIDIA GeForce RTX 3050 6GB Laptop GPU, P3, 46, 71, 58, 825, 5000, 13.68, [N/A], 45.00, 0x0000000000000001, Active, Not Active, Not Active, Not Active, Not Active
2026/09/23 20:47:28.099, NVIDIA GeForce RTX 3050 6GB Laptop GPU, P3, 47, 71, 58, 825, 5000, 14.24, [N/A], 45.00, 0x0000000000000001, Active, Not Active, Not Active, Not Active, Not Active
2026/09/23 20:47:28.360, NVIDIA GeForce RTX 3050 6GB Laptop GPU, P3, 47, 71, 58, 825, 5000, 14.30, [N/A], 45.00, 0x0000000000000001, Active, Not Active, Not Active, Not Active, Not Active
2026/09/23 20:47:28.625, NVIDIA GeForce RTX 3050 6GB Laptop GPU, P3, 47, 18, 7, 825, 5000, 14.32, [N/A], 45.00, 0x0000000000000001, Active, Not Active, Not Active, Not Active, Not Active
2026/09/23 20:47:28.886, NVIDIA GeForce RTX 3050 6GB Laptop GPU, P3, 47, 18, 7, 825, 5000, 14.12, [N/A], 45.00, 0x0000000000000001, Active, Not Active, Not Active, Not Active, Not Active
2026/09/23 20:47:29.144, NVIDIA GeForce RTX 3050 6GB Laptop GPU, P3, 47, 18, 7, 825, 5000, 13.96, [N/A], 45.00, 0x0000000000000001, Active, Not Active, Not Active, Not Active, Not Active
2026/09/23 20:47:29.407, NVIDIA GeForce RTX 3050 6GB Laptop GPU, P3, 47, 18, 7, 825, 5000, 13.11, [N/A], 45.00, 0x0000000000000001, Active, Not Active, Not Active, Not Active, Not Active
2026/09/23 20:47:29.668, NVIDIA GeForce RTX 3050 6GB Laptop GPU, P3, 47, 27, 7, 525, 5000, 13.56, [N/A], 44.60, 0x0000000000000001, Active, Not Active, Not Active, Not Active, Not Active
2026/09/23 20:47:29.931, NVIDIA GeForce RTX 3050 6GB Laptop GPU, P3, 47, 27, 7, 525, 5000, 13.60, [N/A], 44.60, 0x0000000000000001, Active, Not Active, Not Active, Not Active, Not Active
2026/09/23 20:47:30.196, NVIDIA GeForce RTX 3050 6GB Laptop GPU, P3, 47, 27, 7, 495, 5000, 13.57, [N/A], 44.60, 0x0000000000000001, Active, Not Active, Not Active, Not Active, Not Active
2026/09/23 20:47:30.461, NVIDIA GeForce RTX 3050 6GB Laptop GPU, P3, 47, 27, 7, 495, 5000, 11.66, [N/A], 44.60, 0x0000000000000001, Active, Not Active, Not Active, Not Active, Not Active
2026/09/23 20:47:30.726, NVIDIA GeForce RTX 3050 6GB Laptop GPU, P3, 47, 1, 0, 427, 5000, 11.61, [N/A], 44.57, 0x0000000000000001, Active, Not Active, Not Active, Not Active, Not Active
2026/09/23 20:47:30.989, NVIDIA GeForce RTX 3050 6GB Laptop GPU, P3, 47, 1, 0, 427, 5000, 11.60, [N/A], 44.57, 0x0000000000000001, Active, Not Active, Not Active, Not Active, Not Active
2026/09/23 20:47:31.251, NVIDIA GeForce RTX 3050 6GB Laptop GPU, P3, 47, 1, 0, 360, 5000, 11.59, [N/A], 45.00, 0x0000000000000001, Active, Not Active, Not Active, Not Active, Not Active
2026/09/23 20:47:31.512, NVIDIA GeForce RTX 3050 6GB Laptop GPU, P5, 46, 0, 0, 270, 810, 11.43, [N/A], 45.00, 0x0000000000000001, Active, Not Active, Not Active, Not Active, Not Active
2026/09/23 20:47:31.777, NVIDIA GeForce RTX 3050 6GB Laptop GPU, P5, 46, 0, 0, 270, 810, 11.60, [N/A], 45.00, 0x0000000000000001, Active, Not Active, Not Active, Not Active, Not Active
2026/09/23 20:47:32.032, NVIDIA GeForce RTX 3050 6GB Laptop GPU, P5, 46, 0, 0, 322, 810, 11.74, [N/A], 45.00, 0x0000000000000001, Active, Not Active, Not Active, Not Active, Not Active
2026/09/23 20:47:32.295, NVIDIA GeForce RTX 3050 6GB Laptop GPU, P5, 46, 0, 0, 322, 810, 12.35, [N/A], 45.00, 0x0000000000000001, Active, Not Active, Not Active, Not Active, Not Active
2026/09/23 20:47:32.558, NVIDIA GeForce RTX 3050 6GB Laptop GPU, P3, 47, 46, 39, 840, 5000, 12.79, [N/A], 45.00, 0x0000000000000001, Active, Not Active, Not Active, Not Active, Not Active
2026/09/23 20:47:32.819, NVIDIA GeForce RTX 3050 6GB Laptop GPU, P3, 47, 46, 39, 840, 5000, 13.83, [N/A], 45.00, 0x0000000000000001, Active, Not Active, Not Active, Not Active, Not Active
2026/09/23 20:47:33.080, NVIDIA GeForce RTX 3050 6GB Laptop GPU, P3, 47, 46, 39, 840, 5000, 14.35, [N/A], 45.00, 0x0000000000000001, Active, Not Active, Not Active, Not Active, Not Active
2026/09/23 20:47:33.345, NVIDIA GeForce RTX 3050 6GB Laptop GPU, P3, 47, 46, 39, 840, 5000, 14.48, [N/A], 45.00, 0x0000000000000001, Active, Not Active, Not Active, Not Active, Not Active
2026/09/23 20:47:33.616, NVIDIA GeForce RTX 3050 6GB Laptop GPU, P3, 47, 14, 6, 840, 5000, 13.56, [N/A], 44.34, 0x0000000000000001, Active, Not Active, Not Active, Not Active, Not Active
2026/09/23 20:47:33.879, NVIDIA GeForce RTX 3050 6GB Laptop GPU, P3, 47, 14, 6, 840, 5000, 13.93, [N/A], 44.34, 0x0000000000000001, Active, Not Active, Not Active, Not Active, Not Active
2026/09/23 20:47:34.142, NVIDIA GeForce RTX 3050 6GB Laptop GPU, P3, 47, 14, 6, 840, 5000, 13.95, [N/A], 43.69, 0x0000000000000001, Active, Not Active, Not Active, Not Active, Not Active
2026/09/23 20:47:34.400, NVIDIA GeForce RTX 3050 6GB Laptop GPU, P3, 47, 14, 6, 840, 5000, 13.44, [N/A], 43.69, 0x0000000000000001, Active, Not Active, Not Active, Not Active, Not Active
2026/09/23 20:47:34.661, NVIDIA GeForce RTX 3050 6GB Laptop GPU, P3, 47, 26, 9, 502, 5000, 13.06, [N/A], 42.72, 0x0000000000000001, Active, Not Active, Not Active, Not Active, Not Active
2026/09/23 20:47:34.921, NVIDIA GeForce RTX 3050 6GB Laptop GPU, P3, 47, 26, 9, 502, 5000, 13.37, [N/A], 42.72, 0x0000000000000001, Active, Not Active, Not Active, Not Active, Not Active
2026/09/23 20:47:35.184, NVIDIA GeForce RTX 3050 6GB Laptop GPU, P3, 47, 26, 9, 465, 5000, 13.41, [N/A], 42.72, 0x0000000000000001, Active, Not Active, Not Active, Not Active, Not Active
2026/09/23 20:47:35.446, NVIDIA GeForce RTX 3050 6GB Laptop GPU, P3, 47, 26, 9, 465, 5000, 12.38, [N/A], 42.72, 0x0000000000000001, Active, Not Active, Not Active, Not Active, Not Active
2026/09/23 20:47:35.699, NVIDIA GeForce RTX 3050 6GB Laptop GPU, P3, 47, 27, 7, 427, 5000, 12.48, [N/A], 41.98, 0x0000000000000001, Active, Not Active, Not Active, Not Active, Not Active
2026/09/23 20:47:35.964, NVIDIA GeForce RTX 3050 6GB Laptop GPU, P3, 47, 27, 7, 427, 5000, 11.60, [N/A], 41.98, 0x0000000000000001, Active, Not Active, Not Active, Not Active, Not Active
2026/09/23 20:47:36.229, NVIDIA GeForce RTX 3050 6GB Laptop GPU, P3, 47, 27, 7, 352, 5000, 11.09, [N/A], 42.54, 0x0000000000000001, Active, Not Active, Not Active, Not Active, Not Active
2026/09/23 20:47:36.495, NVIDIA GeForce RTX 3050 6GB Laptop GPU, P3, 47, 27, 7, 352, 5000, 10.98, [N/A], 42.54, 0x0000000000000001, Active, Not Active, Not Active, Not Active, Not Active
2026/09/23 20:47:36.759, NVIDIA GeForce RTX 3050 6GB Laptop GPU, P5, 46, 0, 0, 270, 810, 10.95, [N/A], 43.00, 0x0000000000000001, Active, Not Active, Not Active, Not Active, Not Active
2026/09/23 20:47:37.016, NVIDIA GeForce RTX 3050 6GB Laptop GPU, P5, 47, 0, 0, 322, 810, 12.72, [N/A], 43.66, 0x0000000000000001, Active, Not Active, Not Active, Not Active, Not Active
2026/09/23 20:47:37.278, NVIDIA GeForce RTX 3050 6GB Laptop GPU, P5, 47, 0, 0, 322, 810, 13.27, [N/A], 43.66, 0x0000000000000001, Active, Not Active, Not Active, Not Active, Not Active
2026/09/23 20:47:37.538, NVIDIA GeForce RTX 3050 6GB Laptop GPU, P0, 47, 57, 46, 892, 5500, 13.47, [N/A], 43.66, 0x0000000000000001, Active, Not Active, Not Active, Not Active, Not Active
2026/09/23 20:47:37.800, NVIDIA GeForce RTX 3050 6GB Laptop GPU, P0, 47, 57, 46, 892, 5500, 13.86, [N/A], 43.66, 0x0000000000000001, Active, Not Active, Not Active, Not Active, Not Active
2026/09/23 20:47:38.068, NVIDIA GeForce RTX 3050 6GB Laptop GPU, P0, 47, 57, 46, 892, 5500, 14.63, [N/A], 44.04, 0x0000000000000001, Active, Not Active, Not Active, Not Active, Not Active
2026/09/23 20:47:38.326, NVIDIA GeForce RTX 3050 6GB Laptop GPU, P0, 47, 57, 46, 892, 5500, 14.14, [N/A], 44.04, 0x0000000000000001, Active, Not Active, Not Active, Not Active, Not Active
2026/09/23 20:47:38.585, NVIDIA GeForce RTX 3050 6GB Laptop GPU, P0, 47, 22, 10, 892, 5500, 14.08, [N/A], 44.04, 0x0000000000000001, Active, Not Active, Not Active, Not Active, Not Active
2026/09/23 20:47:38.848, NVIDIA GeForce RTX 3050 6GB Laptop GPU, P0, 47, 22, 10, 892, 5500, 14.28, [N/A], 44.04, 0x0000000000000001, Active, Not Active, Not Active, Not Active, Not Active
2026/09/23 20:47:39.111, NVIDIA GeForce RTX 3050 6GB Laptop GPU, P0, 47, 22, 10, 892, 5500, 14.21, [N/A], 44.04, 0x0000000000000001, Active, Not Active, Not Active, Not Active, Not Active
2026/09/23 20:47:39.373, NVIDIA GeForce RTX 3050 6GB Laptop GPU, P0, 47, 22, 10, 892, 5500, 14.12, [N/A], 44.04, 0x0000000000000001, Active, Not Active, Not Active, Not Active, Not Active
2026/09/23 20:47:39.634, NVIDIA GeForce RTX 3050 6GB Laptop GPU, P3, 47, 29, 8, 525, 5000, 13.95, [N/A], 44.04, 0x0000000000000001, Active, Not Active, Not Active, Not Active, Not Active
2026/09/23 20:47:39.897, NVIDIA GeForce RTX 3050 6GB Laptop GPU, P3, 47, 29, 8, 525, 5000, 13.80, [N/A], 44.04, 0x0000000000000001, Active, Not Active, Not Active, Not Active, Not Active
2026/09/23 20:47:40.157, NVIDIA GeForce RTX 3050 6GB Laptop GPU, P3, 47, 29, 8, 495, 5000, 11.72, [N/A], 44.04, 0x0000000000000001, Active, Not Active, Not Active, Not Active, Not Active
2026/09/23 20:47:40.420, NVIDIA GeForce RTX 3050 6GB Laptop GPU, P3, 47, 29, 8, 495, 5000, 13.43, [N/A], 44.04, 0x0000000000000001, Active, Not Active, Not Active, Not Active, Not Active
2026/09/23 20:47:40.685, NVIDIA GeForce RTX 3050 6GB Laptop GPU, P3, 47, 7, 1, 435, 5000, 11.63, [N/A], 44.33, 0x0000000000000001, Active, Not Active, Not Active, Not Active, Not Active
2026/09/23 20:47:40.946, NVIDIA GeForce RTX 3050 6GB Laptop GPU, P3, 47, 7, 1, 435, 5000, 11.59, [N/A], 44.33, 0x0000000000000001, Active, Not Active, Not Active, Not Active, Not Active
2026/09/23 20:47:41.207, NVIDIA GeForce RTX 3050 6GB Laptop GPU, P3, 47, 7, 1, 360, 5000, 11.56, [N/A], 44.77, 0x0000000000000001, Active, Not Active, Not Active, Not Active, Not Active
2026/09/23 20:47:41.462, NVIDIA GeForce RTX 3050 6GB Laptop GPU, P3, 47, 7, 1, 360, 5000, 11.53, [N/A], 44.77, 0x0000000000000001, Active, Not Active, Not Active, Not Active, Not Active
2026/09/23 20:47:41.724, NVIDIA GeForce RTX 3050 6GB Laptop GPU, P5, 47, 0, 0, 270, 810, 11.31, [N/A], 45.00, 0x0000000000000001, Active, Not Active, Not Active, Not Active, Not Active
2026/09/23 20:47:41.989, NVIDIA GeForce RTX 3050 6GB Laptop GPU, P5, 47, 0, 0, 270, 810, 11.17, [N/A], 45.00, 0x0000000000000001, Active, Not Active, Not Active, Not Active, Not Active
2026/09/23 20:47:42.247, NVIDIA GeForce RTX 3050 6GB Laptop GPU, P5, 47, 0, 0, 225, 810, 11.12, [N/A], 45.00, 0x0000000000000001, Active, Not Active, Not Active, Not Active, Not Active
2026/09/23 20:47:42.510, NVIDIA GeForce RTX 3050 6GB Laptop GPU, P5, 47, 0, 0, 210, 810, 11.10, [N/A], 45.00, 0x0000000000000001, Active, Not Active, Not Active, Not Active, Not Active
2026/09/23 20:47:42.773, NVIDIA GeForce RTX 3050 6GB Laptop GPU, P5, 47, 0, 0, 210, 810, 10.64, [N/A], 45.00, 0x0000000000000001, Active, Not Active, Not Active, Not Active, Not Active
2026/09/23 20:47:43.036, NVIDIA GeForce RTX 3050 6GB Laptop GPU, P5, 46, 0, 0, 210, 810, 10.33, [N/A], 45.00, 0x0000000000000001, Active, Not Active, Not Active, Not Active, Not Active
2026/09/23 20:47:43.300, NVIDIA GeForce RTX 3050 6GB Laptop GPU, P5, 46, 0, 0, 210, 810, 9.83, [N/A], 45.00, 0x0000000000000001, Active, Not Active, Not Active, Not Active, Not Active
2026/09/23 20:47:43.561, NVIDIA GeForce RTX 3050 6GB Laptop GPU, P8, 46, 0, 0, 210, 405, 9.66, [N/A], 45.00, 0x0000000000000001, Active, Not Active, Not Active, Not Active, Not Active
