trial_id,profile,offset_degrees,outcome,initial_detected,initial_error_px,final_error_px,first_detection_s,first_confirmed_reacquisition_s,terminal_time_s,observed_time_s,recovery_episodes,reacquisitions,recovery_time_s,used_scan,sample_count,transitions
1,medium,"[-0.8130658685452481, 3.605923598707337, 5.845410233766206, -5.816519679560218, 7.104223377612421, -7.12241880234488]",converged,False,,0.9905614852905273,0.7000000000000005,0.7660000000000006,5.065999999999664,6.065999999999554,1,1,0.7999999999999999,False,183,"[{""time_s"": 0.0, ""phase"": ""waiting""}, {""time_s"": 0.20000000000000015, ""phase"": ""returning""}, {""time_s"": 0.7000000000000005, ""phase"": ""confirming""}, {""time_s"": 0.7660000000000006, ""phase"": ""running""}, {""time_s"": 5.065999999999664, ""phase"": ""converged""}, {""time_s"": 5.09999999999966, ""phase"": ""post_stop""}]"
2,large,"[-1.2780489390141838, 13.987565757947603, 2.73655223997989, -17.88614405484045, -8.895292002893784, -13.414636810741886]",converged,False,,0.9980072975158691,1.0660000000000007,1.1320000000000008,5.731999999999591,6.731999999999481,1,1,1.166666666666667,False,203,"[{""time_s"": 0.0, ""phase"": ""waiting""}, {""time_s"": 0.20000000000000015, ""phase"": ""returning""}, {""time_s"": 1.0660000000000007, ""phase"": ""confirming""}, {""time_s"": 1.1320000000000008, ""phase"": ""running""}, {""time_s"": 5.731999999999591, ""phase"": ""converged""}, {""time_s"": 5.765999999999587, ""phase"": ""post_stop""}]"
3,medium,"[2.8717161482197646, 0.5131953458820373, -5.8431355255964545, 2.491762690898515, 6.532682785629813, -7.251546253014333]",converged,True,53.76506042480469,0.948555588722229,0.0,,3.7319999999998106,4.731999999999701,0,0,0.0,False,143,"[{""time_s"": 0.0, ""phase"": ""running""}, {""time_s"": 3.7319999999998106, ""phase"": ""converged""}, {""time_s"": 3.765999999999807, ""phase"": ""post_stop""}]"
4,medium,"[6.79894319330408, -4.36699926190961, 8.996361133829193, 5.387711086014239, -2.3718429643837915, 1.3618570544631066]",converged,True,99.37472534179688,0.9673828482627869,0.0,,4.331999999999745,5.331999999999635,0,0,0.0,False,161,"[{""time_s"": 0.0, ""phase"": ""running""}, {""time_s"": 4.331999999999745, ""phase"": ""converged""}, {""time_s"": 4.365999999999741, ""phase"": ""post_stop""}]"
5,small,"[1.5636034648025703, 0.36269280643384594, -2.1997651672541902, 3.5255242056066907, 0.7816390083703304, 3.679332212342776]",converged,True,29.471784591674805,0.9789620041847229,0.0,,3.365999999999851,4.365999999999741,0,0,0.0,False,132,"[{""time_s"": 0.0, ""phase"": ""running""}, {""time_s"": 3.365999999999851, ""phase"": ""converged""}, {""time_s"": 3.399999999999847, ""phase"": ""post_stop""}]"
6,small,"[2.1398502415996834, -0.27893884686042103, -3.78333338489909, -1.8652775461760562, -2.7385323503659205, -1.503045850580877]",converged,False,,0.9402791261672974,0.2660000000000002,0.33200000000000024,4.865999999999686,5.865999999999576,1,1,0.36666666666666664,False,177,"[{""time_s"": 0.0, ""phase"": ""waiting""}, {""time_s"": 0.20000000000000015, ""phase"": ""returning""}, {""time_s"": 0.2660000000000002, ""phase"": ""confirming""}, {""time_s"": 0.33200000000000024, ""phase"": ""running""}, {""time_s"": 4.865999999999686, ""phase"": ""converged""}, {""time_s"": 4.899999999999682, ""phase"": ""post_stop""}]"
7,small,"[1.5795083215018826, 0.3200520360263708, 0.40612750939433084, 3.662942435559663, -1.3870567625603958, -0.0866625829916865]",converged,True,9.976941108703613,0.9680711030960083,0.0,,2.4999999999999463,3.499999999999836,0,0,0.0,False,106,"[{""time_s"": 0.0, ""phase"": ""running""}, {""time_s"": 2.4999999999999463, ""phase"": ""converged""}, {""time_s"": 2.5319999999999427, ""phase"": ""post_stop""}]"
8,medium,"[-0.8791557812229875, -4.402620808469534, 4.571318342933505, 11.348047960064704, 0.9533308562043814, -4.390283202520127]",converged,True,103.0530014038086,0.9902769327163696,0.0,,4.46599999999973,5.46599999999962,0,0,0.0,False,165,"[{""time_s"": 0.0, ""phase"": ""running""}, {""time_s"": 4.46599999999973, ""phase"": ""converged""}, {""time_s"": 4.499999999999726, ""phase"": ""post_stop""}]"
9,medium,"[5.672383509568952, -0.8296458207747293, -6.97342976791691, -4.1993184894812305, 5.546099854695498, 3.7420387460226525]",converged,True,181.1334686279297,0.9769476652145386,0.0,,4.899999999999682,5.899999999999572,0,0,0.0,False,178,"[{""time_s"": 0.0, ""phase"": ""running""}, {""time_s"": 4.899999999999682, ""phase"": ""converged""}, {""time_s"": 4.931999999999679, ""phase"": ""post_stop""}]"
10,medium,"[7.915176513490408, -3.292840197830696, 6.128550068649943, 10.021271099986947, -0.5109147107880769, -11.88911339201951]",converged,True,92.09175109863281,0.9805222749710083,0.0,,4.131999999999767,5.131999999999657,0,0,0.0,False,155,"[{""time_s"": 0.0, ""phase"": ""running""}, {""time_s"": 4.131999999999767, ""phase"": ""converged""}, {""time_s"": 4.165999999999763, ""phase"": ""post_stop""}]"
11,medium,"[4.440567006001055, -5.474273320585242, 9.073067324452456, 4.473315163689804, 1.1850897052712703, 10.345542805065946]",converged,True,85.67382049560547,0.9673342704772949,0.0,,4.265999999999752,5.265999999999642,0,0,0.0,False,159,"[{""time_s"": 0.0, ""phase"": ""running""}, {""time_s"": 4.265999999999752, ""phase"": ""converged""}, {""time_s"": 4.2999999999997485, ""phase"": ""post_stop""}]"
12,medium,"[1.3005942696378465, -6.310350539686365, -8.955728587942712, -2.1843277455380044, 2.199089030472134, 4.3499972314542]",converged,False,,0.9593839049339294,0.7660000000000006,0.8320000000000006,5.231999999999646,6.231999999999536,1,1,0.8666666666666666,False,188,"[{""time_s"": 0.0, ""phase"": ""waiting""}, {""time_s"": 0.20000000000000015, ""phase"": ""returning""}, {""time_s"": 0.7660000000000006, ""phase"": ""confirming""}, {""time_s"": 0.8320000000000006, ""phase"": ""running""}, {""time_s"": 5.231999999999646, ""phase"": ""converged""}, {""time_s"": 5.265999999999642, ""phase"": ""post_stop""}]"
13,large,"[-14.741457044561479, -8.987045006422225, -13.064166173816139, -15.558395123155087, 15.279048037659933, 8.095015660677007]",converged,False,,0.9707497358322144,0.7320000000000005,0.8000000000000006,5.599999999999605,6.599999999999495,1,1,0.8333333333333333,False,199,"[{""time_s"": 0.0, ""phase"": ""waiting""}, {""time_s"": 0.20000000000000015, ""phase"": ""returning""}, {""time_s"": 0.7320000000000005, ""phase"": ""confirming""}, {""time_s"": 0.8000000000000006, ""phase"": ""running""}, {""time_s"": 5.599999999999605, ""phase"": ""converged""}, {""time_s"": 5.631999999999602, ""phase"": ""post_stop""}]"
14,small,"[1.9128655002615274, 2.7945030033176996, -3.2879723700801406, 2.6875134967953676, -0.23932188976935986, -0.7883578626464862]",converged,True,22.300743103027344,0.9751152396202087,0.0,,2.999999999999891,3.999999999999781,0,0,0.0,False,121,"[{""time_s"": 0.0, ""phase"": ""running""}, {""time_s"": 2.999999999999891, ""phase"": ""converged""}, {""time_s"": 3.0319999999998877, ""phase"": ""post_stop""}]"
15,large,"[-9.606097446590262, -7.936339897116497, -8.977787953874305, 24.842142224225846, 12.208848075434744, -3.963415580317829]",converged,False,,0.9856305718421936,1.1320000000000008,1.2000000000000008,6.031999999999558,7.031999999999448,1,1,1.2333333333333338,False,212,"[{""time_s"": 0.0, ""phase"": ""waiting""}, {""time_s"": 0.20000000000000015, ""phase"": ""returning""}, {""time_s"": 1.1320000000000008, ""phase"": ""confirming""}, {""time_s"": 1.2000000000000008, ""phase"": ""running""}, {""time_s"": 6.031999999999558, ""phase"": ""converged""}, {""time_s"": 6.065999999999554, ""phase"": ""post_stop""}]"
16,small,"[0.8721793089469183, 1.125711748522165, -0.3729324154959812, 1.3456619839730717, 2.6318042852207473, -0.3054216412512236]",converged,True,49.92502212524414,0.9840835928916931,0.0,,3.7319999999998106,4.731999999999701,0,0,0.0,False,143,"[{""time_s"": 0.0, ""phase"": ""running""}, {""time_s"": 3.7319999999998106, ""phase"": ""converged""}, {""time_s"": 3.765999999999807, ""phase"": ""post_stop""}]"
17,small,"[2.9371178859998404, -1.162753733531347, 3.986358095802344, -2.8293113634325966, -0.6504352297532234, 0.856097935542782]",converged,True,89.73177337646484,0.9780474901199341,0.0,,4.2999999999997485,5.299999999999638,0,0,0.0,False,160,"[{""time_s"": 0.0, ""phase"": ""running""}, {""time_s"": 4.2999999999997485, ""phase"": ""converged""}, {""time_s"": 4.331999999999745, ""phase"": ""post_stop""}]"
18,large,"[-0.09401476468289616, 9.546068338926109, -4.009729650906401, -28.50406152471639, -0.14655048277641214, 13.516540297858967]",converged,False,,0.9769067764282227,1.1660000000000008,1.2320000000000009,6.131999999999547,7.131999999999437,1,1,1.2666666666666673,False,215,"[{""time_s"": 0.0, ""phase"": ""waiting""}, {""time_s"": 0.20000000000000015, ""phase"": ""returning""}, {""time_s"": 1.1660000000000008, ""phase"": ""confirming""}, {""time_s"": 1.2320000000000009, ""phase"": ""running""}, {""time_s"": 6.131999999999547, ""phase"": ""converged""}, {""time_s"": 6.165999999999543, ""phase"": ""post_stop""}]"
19,large,"[1.5642380187245024, 0.631049261319685, -0.0849665127716932, -18.38583178809371, 10.767711332637173, -29.596720934840643]",converged,False,,0.9799782633781433,0.7660000000000006,0.8320000000000006,5.931999999999569,6.931999999999459,1,1,0.8666666666666666,False,209,"[{""time_s"": 0.0, ""phase"": ""waiting""}, {""time_s"": 0.20000000000000015, ""phase"": ""returning""}, {""time_s"": 0.7660000000000006, ""phase"": ""confirming""}, {""time_s"": 0.8320000000000006, ""phase"": ""running""}, {""time_s"": 5.931999999999569, ""phase"": ""converged""}, {""time_s"": 5.965999999999565, ""phase"": ""post_stop""}]"
20,small,"[-1.299981185566263, 0.32650365240885915, -3.6092949565522128, 3.242450883813527, -2.057923734634718, -3.664989265111556]",converged,True,97.76409912109375,0.9608945250511169,0.0,,4.431999999999734,5.431999999999624,0,0,0.0,False,164,"[{""time_s"": 0.0, ""phase"": ""running""}, {""time_s"": 4.431999999999734, ""phase"": ""converged""}, {""time_s"": 4.46599999999973, ""phase"": ""post_stop""}]"
21,medium,"[4.462275630049188, -1.8689898805304868, -2.3023980999129945, -7.077974244362384, -6.409185718161323, 5.871287074909844]",converged,False,,0.9594337940216064,0.46600000000000036,0.5320000000000004,5.231999999999646,6.231999999999536,1,1,0.5666666666666667,False,188,"[{""time_s"": 0.0, ""phase"": ""waiting""}, {""time_s"": 0.20000000000000015, ""phase"": ""returning""}, {""time_s"": 0.46600000000000036, ""phase"": ""confirming""}, {""time_s"": 0.5320000000000004, ""phase"": ""running""}, {""time_s"": 5.231999999999646, ""phase"": ""converged""}, {""time_s"": 5.265999999999642, ""phase"": ""post_stop""}]"
22,large,"[5.766517121680728, -13.791877006792788, 20.993557302807723, 3.1641577004340036, 5.292606415818447, 22.079155056976894]",converged,False,,0.9687597155570984,1.466000000000001,1.5320000000000011,5.865999999999576,6.865999999999466,1,1,1.5666666666666682,False,207,"[{""time_s"": 0.0, ""phase"": ""waiting""}, {""time_s"": 0.20000000000000015, ""phase"": ""returning""}, {""time_s"": 1.466000000000001, ""phase"": ""confirming""}, {""time_s"": 1.5320000000000011, ""phase"": ""running""}, {""time_s"": 5.865999999999576, ""phase"": ""converged""}, {""time_s"": 5.899999999999572, ""phase"": ""post_stop""}]"
23,large,"[5.372709213379, 5.40303278903356, -22.685823591839863, 19.760334825956456, -10.20629824188717, -21.475235123339573]",converged,False,,0.9736058115959167,1.9320000000000015,2.0000000000000013,6.431999999999514,7.4319999999994035,1,1,2.033333333333336,False,224,"[{""time_s"": 0.0, ""phase"": ""waiting""}, {""time_s"": 0.20000000000000015, ""phase"": ""returning""}, {""time_s"": 1.9320000000000015, ""phase"": ""confirming""}, {""time_s"": 2.0000000000000013, ""phase"": ""running""}, {""time_s"": 6.431999999999514, ""phase"": ""converged""}, {""time_s"": 6.46599999999951, ""phase"": ""post_stop""}]"
24,large,"[-15.061762713778782, -8.508266236465847, 8.72139057092761, -17.262770796409562, 3.156858483239219, -24.500183382966473]",converged,False,,0.9796798825263977,0.6660000000000005,0.7320000000000005,5.499999999999616,6.499999999999506,1,1,0.7666666666666666,False,196,"[{""time_s"": 0.0, ""phase"": ""waiting""}, {""time_s"": 0.20000000000000015, ""phase"": ""returning""}, {""time_s"": 0.6660000000000005, ""phase"": ""confirming""}, {""time_s"": 0.7320000000000005, ""phase"": ""running""}, {""time_s"": 5.499999999999616, ""phase"": ""converged""}, {""time_s"": 5.531999999999613, ""phase"": ""post_stop""}]"
25,small,"[-2.9000502856806465, -2.6185407596731167, -0.3196027066680358, 1.417527729916677, 2.9202710661801055, 0.5842757359939812]",converged,True,77.86637878417969,0.9822306036949158,0.0,,4.131999999999767,5.131999999999657,0,0,0.0,False,155,"[{""time_s"": 0.0, ""phase"": ""running""}, {""time_s"": 4.131999999999767, ""phase"": ""converged""}, {""time_s"": 4.165999999999763, ""phase"": ""post_stop""}]"
26,medium,"[-3.079461816300862, 7.288666737543764, -0.39077793240974756, 10.6112054187149, 0.8130543444443923, 8.366760429068531]",converged,False,,0.9718860983848572,0.46600000000000036,0.5320000000000004,5.331999999999635,6.331999999999525,1,1,0.5666666666666667,False,191,"[{""time_s"": 0.0, ""phase"": ""waiting""}, {""time_s"": 0.20000000000000015, ""phase"": ""returning""}, {""time_s"": 0.46600000000000036, ""phase"": ""confirming""}, {""time_s"": 0.5320000000000004, ""phase"": ""running""}, {""time_s"": 5.331999999999635, ""phase"": ""converged""}, {""time_s"": 5.365999999999631, ""phase"": ""post_stop""}]"
27,small,"[1.219857616495477, 0.105778253558662, 3.7206280942100456, 1.7007094011742696, -2.9409468069047495, -1.9367023480948307]",converged,True,32.292076110839844,0.9666597843170166,0.0,,3.265999999999862,4.265999999999752,0,0,0.0,False,129,"[{""time_s"": 0.0, ""phase"": ""running""}, {""time_s"": 3.265999999999862, ""phase"": ""converged""}, {""time_s"": 3.299999999999858, ""phase"": ""post_stop""}]"
28,small,"[0.668094505844635, -2.863262713723053, 0.6256156054705393, -1.0867202064446104, 1.1262649108276683, -2.805485511072728]",converged,True,44.795658111572266,0.9662371277809143,0.0,,3.665999999999818,4.665999999999708,0,0,0.0,False,141,"[{""time_s"": 0.0, ""phase"": ""running""}, {""time_s"": 3.665999999999818, ""phase"": ""converged""}, {""time_s"": 3.699999999999814, ""phase"": ""post_stop""}]"
29,medium,"[0.6876577112184368, -4.871556947463711, -6.4764715820087755, -4.821452278651174, 1.434404270496179, 9.665724881147565]",converged,False,,0.9632696509361267,0.5660000000000004,0.6320000000000005,5.065999999999664,6.065999999999554,1,1,0.6666666666666666,False,183,"[{""time_s"": 0.0, ""phase"": ""waiting""}, {""time_s"": 0.20000000000000015, ""phase"": ""returning""}, {""time_s"": 0.5660000000000004, ""phase"": ""confirming""}, {""time_s"": 0.6320000000000005, ""phase"": ""running""}, {""time_s"": 5.065999999999664, ""phase"": ""converged""}, {""time_s"": 5.09999999999966, ""phase"": ""post_stop""}]"
30,large,"[4.1516706948421245, -9.163065780580048, 9.389189290226561, 18.739571325209866, 11.98593246858178, -15.89147979557314]",converged,False,,0.9984602332115173,0.36600000000000027,0.43200000000000033,5.09999999999966,6.09999999999955,1,1,0.4666666666666666,False,184,"[{""time_s"": 0.0, ""phase"": ""waiting""}, {""time_s"": 0.20000000000000015, ""phase"": ""returning""}, {""time_s"": 0.36600000000000027, ""phase"": ""confirming""}, {""time_s"": 0.43200000000000033, ""phase"": ""running""}, {""time_s"": 5.09999999999966, ""phase"": ""converged""}, {""time_s"": 5.131999999999657, ""phase"": ""post_stop""}]"
31,small,"[1.936253476137142, -0.396955450964537, 2.8709247566153477, -1.431761086031119, 2.8603828742966613, 1.616577453786558]",converged,True,89.26761627197266,0.9814502000808716,0.0,,4.2999999999997485,5.299999999999638,0,0,0.0,False,160,"[{""time_s"": 0.0, ""phase"": ""running""}, {""time_s"": 4.2999999999997485, ""phase"": ""converged""}, {""time_s"": 4.331999999999745, ""phase"": ""post_stop""}]"
32,small,"[-2.5048229501987898, -1.9891453861344788, 1.5309560611031703, -1.1527518748582093, 2.8568063009533535, 3.7121819698457275]",converged,True,48.972084045410156,0.9702905416488647,0.0,,3.799999999999803,4.799999999999693,0,0,0.0,False,145,"[{""time_s"": 0.0, ""phase"": ""running""}, {""time_s"": 3.799999999999803, ""phase"": ""converged""}, {""time_s"": 3.8319999999997996, ""phase"": ""post_stop""}]"
33,small,"[-0.2332126368184939, -0.3809932849010682, -2.3427150695504873, -3.6961821113758635, 0.8082553957393417, -2.5138185522806618]",converged,True,47.92955017089844,0.9549810886383057,0.0,,3.8319999999997996,4.83199999999969,0,0,0.0,False,146,"[{""time_s"": 0.0, ""phase"": ""running""}, {""time_s"": 3.8319999999997996, ""phase"": ""converged""}, {""time_s"": 3.865999999999796, ""phase"": ""post_stop""}]"
34,medium,"[-7.589403013729923, 3.230287250372374, -2.3762340936076587, 11.162164911641653, 0.022713960693218738, 5.087215744086009]",converged,False,,0.9808668494224548,0.5320000000000004,0.6000000000000004,5.399999999999627,6.399999999999517,1,1,0.6333333333333333,False,193,"[{""time_s"": 0.0, ""phase"": ""waiting""}, {""time_s"": 0.20000000000000015, ""phase"": ""returning""}, {""time_s"": 0.5320000000000004, ""phase"": ""confirming""}, {""time_s"": 0.6000000000000004, ""phase"": ""running""}, {""time_s"": 5.399999999999627, ""phase"": ""converged""}, {""time_s"": 5.431999999999624, ""phase"": ""post_stop""}]"
35,large,"[11.614339096497535, 5.303413609100524, -6.635470269611783, 5.729883585093091, -3.891370755593904, 23.489528740908533]",converged,False,,0.938098669052124,0.6320000000000005,0.7000000000000005,5.365999999999631,6.365999999999521,1,1,0.7333333333333333,False,192,"[{""time_s"": 0.0, ""phase"": ""waiting""}, {""time_s"": 0.20000000000000015, ""phase"": ""returning""}, {""time_s"": 0.6320000000000005, ""phase"": ""confirming""}, {""time_s"": 0.7000000000000005, ""phase"": ""running""}, {""time_s"": 5.365999999999631, ""phase"": ""converged""}, {""time_s"": 5.399999999999627, ""phase"": ""post_stop""}]"
36,small,"[-2.7211039958124497, 2.192682755023238, -0.5259234730586861, 2.531584804631489, 0.5637635131960503, 2.5411864992877353]",converged,True,91.41859436035156,0.9558575749397278,0.0,,4.365999999999741,5.365999999999631,0,0,0.0,False,162,"[{""time_s"": 0.0, ""phase"": ""running""}, {""time_s"": 4.365999999999741, ""phase"": ""converged""}, {""time_s"": 4.3999999999997375, ""phase"": ""post_stop""}]"
37,medium,"[5.32589012253877, -6.924433533077327, -8.54887942349275, -0.25551645673568935, -6.087304509968046, 2.856562325333176]",converged,False,,0.9781407713890076,0.9000000000000007,0.9660000000000007,5.431999999999624,6.431999999999514,1,1,0.9999999999999999,False,194,"[{""time_s"": 0.0, ""phase"": ""waiting""}, {""time_s"": 0.20000000000000015, ""phase"": ""returning""}, {""time_s"": 0.9000000000000007, ""phase"": ""confirming""}, {""time_s"": 0.9660000000000007, ""phase"": ""running""}, {""time_s"": 5.431999999999624, ""phase"": ""converged""}, {""time_s"": 5.46599999999962, ""phase"": ""post_stop""}]"
38,medium,"[5.119199307589648, -2.369887165941762, 2.842619471042262, 6.963435768185448, -2.5598550672337606, -2.118188978282637]",converged,True,60.441925048828125,0.9768058657646179,0.0,,3.799999999999803,4.799999999999693,0,0,0.0,False,145,"[{""time_s"": 0.0, ""phase"": ""running""}, {""time_s"": 3.799999999999803, ""phase"": ""converged""}, {""time_s"": 3.8319999999997996, ""phase"": ""post_stop""}]"
39,large,"[-16.332265907720682, -3.7721993455657614, -13.746738641641471, 7.911011487638504, -8.992105017687589, 4.553164105939658]",converged,False,,0.9978262186050415,1.266000000000001,1.332000000000001,6.09999999999955,7.09999999999944,1,1,1.3666666666666676,False,214,"[{""time_s"": 0.0, ""phase"": ""waiting""}, {""time_s"": 0.20000000000000015, ""phase"": ""returning""}, {""time_s"": 1.266000000000001, ""phase"": ""confirming""}, {""time_s"": 1.332000000000001, ""phase"": ""running""}, {""time_s"": 6.09999999999955, ""phase"": ""converged""}, {""time_s"": 6.131999999999547, ""phase"": ""post_stop""}]"
40,small,"[1.2610193862450503, -1.7589965348067091, 0.9070858223646159, -0.35055046778421506, -1.9172495725864744, 3.3390144361816176]",converged,True,54.28238296508789,0.9694918394088745,0.0,,3.899999999999792,4.899999999999682,0,0,0.0,False,148,"[{""time_s"": 0.0, ""phase"": ""running""}, {""time_s"": 3.899999999999792, ""phase"": ""converged""}, {""time_s"": 3.9319999999997886, ""phase"": ""post_stop""}]"
41,medium,"[-1.3186511692131138, 2.0394927731649872, -0.19065239155553648, -2.460785523037476, 6.041676436013891, -11.729945416901629]",converged,False,,0.9473353028297424,0.36600000000000027,0.43200000000000033,4.765999999999697,5.765999999999587,1,1,0.4666666666666666,False,174,"[{""time_s"": 0.0, ""phase"": ""waiting""}, {""time_s"": 0.20000000000000015, ""phase"": ""returning""}, {""time_s"": 0.36600000000000027, ""phase"": ""confirming""}, {""time_s"": 0.43200000000000033, ""phase"": ""running""}, {""time_s"": 4.765999999999697, ""phase"": ""converged""}, {""time_s"": 4.799999999999693, ""phase"": ""post_stop""}]"
42,small,"[2.130011261700952, -2.3062311695769693, -3.0811579503810247, 2.302465009221721, 2.992562862930636, 2.225003867639594]",converged,True,76.18953704833984,0.984610915184021,0.0,,4.031999999999778,5.031999999999668,0,0,0.0,False,152,"[{""time_s"": 0.0, ""phase"": ""running""}, {""time_s"": 4.031999999999778, ""phase"": ""converged""}, {""time_s"": 4.065999999999774, ""phase"": ""post_stop""}]"
43,large,"[-2.497824233186531, -4.437480809229825, 9.476168190419187, 23.00484995126851, -12.68540574189015, 18.774969758857715]",converged,False,,0.9428589940071106,1.0660000000000007,1.1320000000000008,5.899999999999572,6.899999999999462,1,1,1.166666666666667,False,208,"[{""time_s"": 0.0, ""phase"": ""waiting""}, {""time_s"": 0.20000000000000015, ""phase"": ""returning""}, {""time_s"": 1.0660000000000007, ""phase"": ""confirming""}, {""time_s"": 1.1320000000000008, ""phase"": ""running""}, {""time_s"": 5.899999999999572, ""phase"": ""converged""}, {""time_s"": 5.931999999999569, ""phase"": ""post_stop""}]"
44,large,"[-2.4920447546208635, 0.7315619735561114, 7.005145243987656, -12.93784074097941, -17.62175382131101, -13.033169241998]",converged,False,,0.98860764503479,1.0000000000000007,1.1320000000000008,5.599999999999605,6.599999999999495,1,1,1.166666666666667,False,199,"[{""time_s"": 0.0, ""phase"": ""waiting""}, {""time_s"": 0.20000000000000015, ""phase"": ""returning""}, {""time_s"": 1.0000000000000007, ""phase"": ""confirming""}, {""time_s"": 1.0320000000000007, ""phase"": ""returning""}, {""time_s"": 1.0660000000000007, ""phase"": ""confirming""}, {""time_s"": 1.1320000000000008, ""phase"": ""running""}, {""time_s"": 5.599999999999605, ""phase"": ""converged""}, {""time_s"": 5.631999999999602, ""phase"": ""post_stop""}]"
45,medium,"[-7.748547815750948, 3.1193374356998564, -6.10223433507354, -5.822098296412493, -3.477876843118562, 10.49618756936799]",converged,False,,0.9852127432823181,0.23200000000000018,0.3000000000000002,4.999999999999671,5.999999999999561,1,1,0.3333333333333333,False,181,"[{""time_s"": 0.0, ""phase"": ""waiting""}, {""time_s"": 0.20000000000000015, ""phase"": ""returning""}, {""time_s"": 0.23200000000000018, ""phase"": ""confirming""}, {""time_s"": 0.3000000000000002, ""phase"": ""running""}, {""time_s"": 4.999999999999671, ""phase"": ""converged""}, {""time_s"": 5.031999999999668, ""phase"": ""post_stop""}]"
46,medium,"[5.788346490366189, 1.405746879548838, 1.5554961483114305, -9.41175929759094, 0.7609885894957991, -6.165327337176779]",converged,False,,0.9858554005622864,0.4000000000000003,0.46600000000000036,5.231999999999646,6.231999999999536,1,1,0.49999999999999994,False,188,"[{""time_s"": 0.0, ""phase"": ""waiting""}, {""time_s"": 0.20000000000000015, ""phase"": ""returning""}, {""time_s"": 0.4000000000000003, ""phase"": ""confirming""}, {""time_s"": 0.46600000000000036, ""phase"": ""running""}, {""time_s"": 5.231999999999646, ""phase"": ""converged""}, {""time_s"": 5.265999999999642, ""phase"": ""post_stop""}]"
47,small,"[0.9752101127040511, 2.028278073559637, 3.7226541593506974, 3.7789470985155837, -2.243388645644047, 1.2495667164143747]",converged,True,79.52108764648438,0.9463644027709961,0.0,,4.065999999999774,5.065999999999664,0,0,0.0,False,153,"[{""time_s"": 0.0, ""phase"": ""running""}, {""time_s"": 4.065999999999774, ""phase"": ""converged""}, {""time_s"": 4.0999999999997705, ""phase"": ""post_stop""}]"
48,large,"[-4.089856729572475, 10.679969570619562, -1.1775885760009324, 12.523182223728675, 13.963747570265738, -18.789297142378178]",converged,False,,0.9934511184692383,1.2320000000000009,1.300000000000001,5.599999999999605,6.599999999999495,1,1,1.3333333333333341,False,199,"[{""time_s"": 0.0, ""phase"": ""waiting""}, {""time_s"": 0.20000000000000015, ""phase"": ""returning""}, {""time_s"": 1.2320000000000009, ""phase"": ""confirming""}, {""time_s"": 1.300000000000001, ""phase"": ""running""}, {""time_s"": 5.599999999999605, ""phase"": ""converged""}, {""time_s"": 5.631999999999602, ""phase"": ""post_stop""}]"
49,medium,"[2.349729947346372, -5.303197202978142, 0.38282608378447947, -4.410809203494318, 2.1288795221853416, -2.330884452365197]",converged,True,118.15718841552734,0.95599365234375,0.0,,4.499999999999726,5.499999999999616,0,0,0.0,False,166,"[{""time_s"": 0.0, ""phase"": ""running""}, {""time_s"": 4.499999999999726, ""phase"": ""converged""}, {""time_s"": 4.531999999999723, ""phase"": ""post_stop""}]"
50,medium,"[6.113421864754558, 7.7821369629716255, -7.287970333111762, -4.240390609854786, 5.792001926134077, 9.340911497585711]",converged,False,,0.971522331237793,0.5000000000000003,0.5660000000000004,5.131999999999657,6.131999999999547,1,1,0.6,False,185,"[{""time_s"": 0.0, ""phase"": ""waiting""}, {""time_s"": 0.20000000000000015, ""phase"": ""returning""}, {""time_s"": 0.5000000000000003, ""phase"": ""confirming""}, {""time_s"": 0.5660000000000004, ""phase"": ""running""}, {""time_s"": 5.131999999999657, ""phase"": ""converged""}, {""time_s"": 5.165999999999653, ""phase"": ""post_stop""}]"
51,large,"[4.358879359520099, 5.098395455509781, 17.650316835607896, -8.036707161548268, -13.057136892028232, -2.3910093947037296]",converged,False,,0.9897397756576538,0.9660000000000007,1.0320000000000007,5.399999999999627,6.399999999999517,1,1,1.0666666666666667,False,193,"[{""time_s"": 0.0, ""phase"": ""waiting""}, {""time_s"": 0.20000000000000015, ""phase"": ""returning""}, {""time_s"": 0.9660000000000007, ""phase"": ""confirming""}, {""time_s"": 1.0320000000000007, ""phase"": ""running""}, {""time_s"": 5.399999999999627, ""phase"": ""converged""}, {""time_s"": 5.431999999999624, ""phase"": ""post_stop""}]"
52,small,"[0.9686059641689946, -2.747271930172432, 0.8326680954586658, 2.4842764038437677, -1.7606343425489273, 2.073705328551158]",converged,True,66.02796936035156,0.9620002508163452,0.0,,4.031999999999778,5.031999999999668,0,0,0.0,False,152,"[{""time_s"": 0.0, ""phase"": ""running""}, {""time_s"": 4.031999999999778, ""phase"": ""converged""}, {""time_s"": 4.065999999999774, ""phase"": ""post_stop""}]"
53,medium,"[-0.8383364304877823, 0.8519806049833303, 2.0043523092262703, 0.802487296665424, -1.2295961587543172, -2.177437366856953]",converged,True,44.28864669799805,0.9736904501914978,0.0,,3.6319999999998216,4.631999999999712,0,0,0.0,False,140,"[{""time_s"": 0.0, ""phase"": ""running""}, {""time_s"": 3.6319999999998216, ""phase"": ""converged""}, {""time_s"": 3.665999999999818, ""phase"": ""post_stop""}]"
54,large,"[-15.768465919211074, -17.818141752349305, 0.2495025778542761, -11.133209373021987, -11.093695216607724, -1.420172301376244]",converged,False,,0.9625552892684937,1.5660000000000012,1.6320000000000012,6.09999999999955,7.09999999999944,1,1,1.6666666666666685,False,214,"[{""time_s"": 0.0, ""phase"": ""waiting""}, {""time_s"": 0.20000000000000015, ""phase"": ""returning""}, {""time_s"": 1.5660000000000012, ""phase"": ""confirming""}, {""time_s"": 1.6320000000000012, ""phase"": ""running""}, {""time_s"": 6.09999999999955, ""phase"": ""converged""}, {""time_s"": 6.131999999999547, ""phase"": ""post_stop""}]"
55,large,"[6.193794835378515, -5.95850896518907, -0.40729215354689075, 16.15301001281005, 13.303336348134835, 4.303285298270637]",converged,True,77.91914367675781,0.960677981376648,0.0,,4.531999999999723,5.531999999999613,0,0,0.0,False,167,"[{""time_s"": 0.0, ""phase"": ""running""}, {""time_s"": 4.531999999999723, ""phase"": ""converged""}, {""time_s"": 4.565999999999719, ""phase"": ""post_stop""}]"
56,medium,"[-7.889150945796757, -6.738377624083375, 3.1810147756551004, -10.102051235963438, -5.902129188599822, -9.614653862689156]",converged,False,,0.965116024017334,0.46600000000000036,0.5320000000000004,4.999999999999671,5.999999999999561,1,1,0.5666666666666667,False,181,"[{""time_s"": 0.0, ""phase"": ""waiting""}, {""time_s"": 0.20000000000000015, ""phase"": ""returning""}, {""time_s"": 0.46600000000000036, ""phase"": ""confirming""}, {""time_s"": 0.5320000000000004, ""phase"": ""running""}, {""time_s"": 4.999999999999671, ""phase"": ""converged""}, {""time_s"": 5.031999999999668, ""phase"": ""post_stop""}]"
57,medium,"[2.396590350400267, 6.957121273800938, 6.716201047030921, 5.6078746542041635, -6.56520802351517, 1.6304439887334965]",converged,False,,0.9613437056541443,0.5000000000000003,0.5660000000000004,4.765999999999697,5.765999999999587,1,1,0.6,False,174,"[{""time_s"": 0.0, ""phase"": ""waiting""}, {""time_s"": 0.20000000000000015, ""phase"": ""returning""}, {""time_s"": 0.5000000000000003, ""phase"": ""confirming""}, {""time_s"": 0.5660000000000004, ""phase"": ""running""}, {""time_s"": 4.765999999999697, ""phase"": ""converged""}, {""time_s"": 4.799999999999693, ""phase"": ""post_stop""}]"
58,medium,"[5.126530465746635, 6.1283046810674495, -7.945823988354244, -4.668558197359106, -3.9978966695187967, -5.6411665200574985]",converged,False,,0.9885053634643555,0.23200000000000018,0.3000000000000002,5.199999999999649,6.199999999999539,1,1,0.3333333333333333,False,187,"[{""time_s"": 0.0, ""phase"": ""waiting""}, {""time_s"": 0.20000000000000015, ""phase"": ""returning""}, {""time_s"": 0.23200000000000018, ""phase"": ""confirming""}, {""time_s"": 0.3000000000000002, ""phase"": ""running""}, {""time_s"": 5.199999999999649, ""phase"": ""converged""}, {""time_s"": 5.231999999999646, ""phase"": ""post_stop""}]"
59,large,"[-5.779645652746533, -4.7454108730635465, -7.786577807039119, 12.293064956129633, -16.257730449323567, 11.72195383107502]",converged,False,,0.9568811655044556,1.300000000000001,1.366000000000001,5.865999999999576,6.865999999999466,1,1,1.400000000000001,False,207,"[{""time_s"": 0.0, ""phase"": ""waiting""}, {""time_s"": 0.20000000000000015, ""phase"": ""returning""}, {""time_s"": 1.300000000000001, ""phase"": ""confirming""}, {""time_s"": 1.366000000000001, ""phase"": ""running""}, {""time_s"": 5.865999999999576, ""phase"": ""converged""}, {""time_s"": 5.899999999999572, ""phase"": ""post_stop""}]"
60,medium,"[4.373124341417364, -4.278507045183218, 5.65546424267491, 5.734622967342247, 0.3519674377386881, 11.816326837451253]",converged,True,68.03475952148438,0.9719333648681641,0.0,,4.065999999999774,5.065999999999664,0,0,0.0,False,153,"[{""time_s"": 0.0, ""phase"": ""running""}, {""time_s"": 4.065999999999774, ""phase"": ""converged""}, {""time_s"": 4.0999999999997705, ""phase"": ""post_stop""}]"
61,medium,"[-7.355107670335217, -7.6860753900330145, -0.30809608841081015, -0.6553385447599354, -1.5385484557714193, -2.6341821564259718]",converged,False,,0.9680613279342651,0.5320000000000004,0.6000000000000004,5.231999999999646,6.231999999999536,1,1,0.6333333333333333,False,188,"[{""time_s"": 0.0, ""phase"": ""waiting""}, {""time_s"": 0.20000000000000015, ""phase"": ""returning""}, {""time_s"": 0.5320000000000004, ""phase"": ""confirming""}, {""time_s"": 0.6000000000000004, ""phase"": ""running""}, {""time_s"": 5.231999999999646, ""phase"": ""converged""}, {""time_s"": 5.265999999999642, ""phase"": ""post_stop""}]"
62,large,"[-3.1271322203495586, -16.789012837754207, 16.00013323262828, 12.702252136540011, 9.264006372520566, -5.6834120531527255]",converged,True,141.85140991210938,0.9819365739822388,0.0,,4.83199999999969,5.83199999999958,0,0,0.0,False,176,"[{""time_s"": 0.0, ""phase"": ""running""}, {""time_s"": 4.83199999999969, ""phase"": ""converged""}, {""time_s"": 4.865999999999686, ""phase"": ""post_stop""}]"
63,medium,"[5.669865556744904, 1.7677007001534726, 6.539459019303571, 9.729228332144562, 2.655330523062535, 11.637047099219146]",converged,False,,0.9158844351768494,0.6000000000000004,0.6660000000000005,4.965999999999675,5.965999999999565,1,1,0.7,False,180,"[{""time_s"": 0.0, ""phase"": ""waiting""}, {""time_s"": 0.20000000000000015, ""phase"": ""returning""}, {""time_s"": 0.6000000000000004, ""phase"": ""confirming""}, {""time_s"": 0.6660000000000005, ""phase"": ""running""}, {""time_s"": 4.965999999999675, ""phase"": ""converged""}, {""time_s"": 4.999999999999671, ""phase"": ""post_stop""}]"
64,medium,"[6.006877077829541, 7.2863547816681695, 8.726025737763354, -4.704486784313036, 1.262505453268565, 3.8489746069171247]",converged,False,,0.9847279191017151,0.8320000000000006,0.9000000000000007,5.265999999999642,6.265999999999532,1,1,0.9333333333333332,False,189,"[{""time_s"": 0.0, ""phase"": ""waiting""}, {""time_s"": 0.20000000000000015, ""phase"": ""returning""}, {""time_s"": 0.8320000000000006, ""phase"": ""confirming""}, {""time_s"": 0.9000000000000007, ""phase"": ""running""}, {""time_s"": 5.265999999999642, ""phase"": ""converged""}, {""time_s"": 5.299999999999638, ""phase"": ""post_stop""}]"
65,large,"[13.611287690475358, -1.5123661250001348, -8.933321781197591, -2.7086471576690485, -7.445844346500957, -23.93973672183119]",converged,False,,0.9642055034637451,1.1320000000000008,1.2000000000000008,5.799999999999583,6.799999999999473,1,1,1.2333333333333338,False,205,"[{""time_s"": 0.0, ""phase"": ""waiting""}, {""time_s"": 0.20000000000000015, ""phase"": ""returning""}, {""time_s"": 1.1320000000000008, ""phase"": ""confirming""}, {""time_s"": 1.2000000000000008, ""phase"": ""running""}, {""time_s"": 5.799999999999583, ""phase"": ""converged""}, {""time_s"": 5.83199999999958, ""phase"": ""post_stop""}]"
66,large,"[-5.078328060479887, -15.34373299017259, 24.06448937716101, -5.810565450144253, -4.847380071010479, 27.661357629279102]",converged,True,90.89916229248047,0.963940441608429,0.0,,4.46599999999973,5.46599999999962,0,0,0.0,False,165,"[{""time_s"": 0.0, ""phase"": ""running""}, {""time_s"": 4.46599999999973, ""phase"": ""converged""}, {""time_s"": 4.499999999999726, ""phase"": ""post_stop""}]"
67,large,"[3.102245601168125, 12.559848856249655, -8.205623186439254, 21.66051184940857, 6.08402891783993, -20.746474938287857]",converged,False,,0.9693782329559326,1.0660000000000007,1.1320000000000008,5.799999999999583,6.799999999999473,1,1,1.166666666666667,False,205,"[{""time_s"": 0.0, ""phase"": ""waiting""}, {""time_s"": 0.20000000000000015, ""phase"": ""returning""}, {""time_s"": 1.0660000000000007, ""phase"": ""confirming""}, {""time_s"": 1.1320000000000008, ""phase"": ""running""}, {""time_s"": 5.799999999999583, ""phase"": ""converged""}, {""time_s"": 5.83199999999958, ""phase"": ""post_stop""}]"
68,large,"[-3.2121259696310336, 6.126492381874744, -11.946674758338393, 10.968644776321234, 14.582597295290725, 14.379075790848283]",converged,False,,0.9886142611503601,0.4000000000000003,0.46600000000000036,5.265999999999642,6.265999999999532,1,1,0.49999999999999994,False,189,"[{""time_s"": 0.0, ""phase"": ""waiting""}, {""time_s"": 0.20000000000000015, ""phase"": ""returning""}, {""time_s"": 0.4000000000000003, ""phase"": ""confirming""}, {""time_s"": 0.46600000000000036, ""phase"": ""running""}, {""time_s"": 5.265999999999642, ""phase"": ""converged""}, {""time_s"": 5.299999999999638, ""phase"": ""post_stop""}]"
69,large,"[-11.990351517715915, -6.240315484663229, -16.119532152635013, 21.302592391725554, -11.000289373000971, 1.1009771063126408]",converged,False,,0.98543381690979,1.5660000000000012,1.6320000000000012,6.199999999999539,7.199999999999429,1,1,1.6666666666666685,False,217,"[{""time_s"": 0.0, ""phase"": ""waiting""}, {""time_s"": 0.20000000000000015, ""phase"": ""returning""}, {""time_s"": 1.5660000000000012, ""phase"": ""confirming""}, {""time_s"": 1.6320000000000012, ""phase"": ""running""}, {""time_s"": 6.199999999999539, ""phase"": ""converged""}, {""time_s"": 6.231999999999536, ""phase"": ""post_stop""}]"
70,large,"[7.381328764916571, -11.687717711823298, 18.448420368642793, 10.234174857381568, 5.623376356651239, 12.222936746830783]",converged,False,,0.9714983701705933,1.0320000000000007,1.1660000000000008,5.531999999999613,6.531999999999503,1,1,1.2000000000000004,False,197,"[{""time_s"": 0.0, ""phase"": ""waiting""}, {""time_s"": 0.20000000000000015, ""phase"": ""returning""}, {""time_s"": 1.0320000000000007, ""phase"": ""confirming""}, {""time_s"": 1.0660000000000007, ""phase"": ""returning""}, {""time_s"": 1.1000000000000008, ""phase"": ""confirming""}, {""time_s"": 1.1660000000000008, ""phase"": ""running""}, {""time_s"": 5.531999999999613, ""phase"": ""converged""}, {""time_s"": 5.565999999999609, ""phase"": ""post_stop""}]"
71,large,"[3.294119560375073, 11.870868560232822, -2.9754424218445195, -15.242600380250748, 3.7148456832394636, 5.026399496811237]",converged,False,,0.9729251861572266,0.9320000000000007,1.0000000000000007,5.665999999999598,6.665999999999488,1,1,1.0333333333333332,False,201,"[{""time_s"": 0.0, ""phase"": ""waiting""}, {""time_s"": 0.20000000000000015, ""phase"": ""returning""}, {""time_s"": 0.9320000000000007, ""phase"": ""confirming""}, {""time_s"": 1.0000000000000007, ""phase"": ""running""}, {""time_s"": 5.665999999999598, ""phase"": ""converged""}, {""time_s"": 5.699999999999594, ""phase"": ""post_stop""}]"
72,small,"[2.5561723879386333, 2.0175432841535574, -2.7787262721582424, 1.9889223215650471, -0.7480657447607038, 1.6032900979485891]",converged,True,43.61561584472656,0.9655110239982605,0.0,,3.599999999999825,4.599999999999715,0,0,0.0,False,139,"[{""time_s"": 0.0, ""phase"": ""running""}, {""time_s"": 3.599999999999825, ""phase"": ""converged""}, {""time_s"": 3.6319999999998216, ""phase"": ""post_stop""}]"
73,medium,"[6.605644914327884, -3.875965688986847, -5.531093810374735, 7.166078903767573, 2.9484859760066175, -6.753835134008098]",converged,False,,0.9545151591300964,0.4000000000000003,0.46600000000000036,4.899999999999682,5.899999999999572,1,1,0.49999999999999994,False,178,"[{""time_s"": 0.0, ""phase"": ""waiting""}, {""time_s"": 0.20000000000000015, ""phase"": ""returning""}, {""time_s"": 0.4000000000000003, ""phase"": ""confirming""}, {""time_s"": 0.46600000000000036, ""phase"": ""running""}, {""time_s"": 4.899999999999682, ""phase"": ""converged""}, {""time_s"": 4.931999999999679, ""phase"": ""post_stop""}]"
74,medium,"[5.966719011564594, -5.050293198580009, 8.985996188382387, -10.048875616617742, -7.685114454619725, 2.8573318291795182]",converged,False,,0.9822055101394653,0.3000000000000002,0.36600000000000027,5.331999999999635,6.331999999999525,1,1,0.39999999999999997,False,191,"[{""time_s"": 0.0, ""phase"": ""waiting""}, {""time_s"": 0.20000000000000015, ""phase"": ""returning""}, {""time_s"": 0.3000000000000002, ""phase"": ""confirming""}, {""time_s"": 0.36600000000000027, ""phase"": ""running""}, {""time_s"": 5.331999999999635, ""phase"": ""converged""}, {""time_s"": 5.365999999999631, ""phase"": ""post_stop""}]"
75,large,"[-10.840664568138784, 9.953733696754078, 11.882610274411661, -7.550669772588066, -9.023296302269875, 23.420487096081807]",converged,False,,0.9790707230567932,0.9660000000000007,1.0320000000000007,5.499999999999616,6.499999999999506,1,1,1.0666666666666667,False,196,"[{""time_s"": 0.0, ""phase"": ""waiting""}, {""time_s"": 0.20000000000000015, ""phase"": ""returning""}, {""time_s"": 0.9660000000000007, ""phase"": ""confirming""}, {""time_s"": 1.0320000000000007, ""phase"": ""running""}, {""time_s"": 5.499999999999616, ""phase"": ""converged""}, {""time_s"": 5.531999999999613, ""phase"": ""post_stop""}]"
76,large,"[11.725653874749991, -2.1939796936551677, -14.319494901227225, -18.317523845051596, 6.396064426841104, 21.835551137154532]",converged,False,,0.9811788201332092,1.1000000000000008,1.1660000000000008,6.065999999999554,7.065999999999444,1,1,1.2000000000000004,False,213,"[{""time_s"": 0.0, ""phase"": ""waiting""}, {""time_s"": 0.20000000000000015, ""phase"": ""returning""}, {""time_s"": 1.1000000000000008, ""phase"": ""confirming""}, {""time_s"": 1.1660000000000008, ""phase"": ""running""}, {""time_s"": 6.065999999999554, ""phase"": ""converged""}, {""time_s"": 6.09999999999955, ""phase"": ""post_stop""}]"
77,medium,"[7.043864067081179, 7.807936474863798, -8.11994071010723, -8.033211035937196, 0.8763007746814324, -3.6998568569159147]",converged,False,,0.9780402779579163,0.43200000000000033,0.5000000000000003,5.265999999999642,6.265999999999532,1,1,0.5333333333333333,False,189,"[{""time_s"": 0.0, ""phase"": ""waiting""}, {""time_s"": 0.20000000000000015, ""phase"": ""returning""}, {""time_s"": 0.43200000000000033, ""phase"": ""confirming""}, {""time_s"": 0.5000000000000003, ""phase"": ""running""}, {""time_s"": 5.265999999999642, ""phase"": ""converged""}, {""time_s"": 5.299999999999638, ""phase"": ""post_stop""}]"
78,medium,"[-3.914546188738802, 3.3312321934308926, 9.256929833493206, 10.26670408649705, 0.4328512696209206, 0.9514305141926744]",converged,False,,0.9643217921257019,0.6660000000000005,0.7320000000000005,5.399999999999627,6.399999999999517,1,1,0.7666666666666666,False,193,"[{""time_s"": 0.0, ""phase"": ""waiting""}, {""time_s"": 0.20000000000000015, ""phase"": ""returning""}, {""time_s"": 0.6660000000000005, ""phase"": ""confirming""}, {""time_s"": 0.7320000000000005, ""phase"": ""running""}, {""time_s"": 5.399999999999627, ""phase"": ""converged""}, {""time_s"": 5.431999999999624, ""phase"": ""post_stop""}]"
79,large,"[9.994686222361537, -6.697297475605392, 1.6691951965520246, 14.9963322580236, 12.088743717634003, -1.6384363201116123]",converged,True,135.7124786376953,0.9589856266975403,0.0,,4.799999999999693,5.799999999999583,0,0,0.0,False,175,"[{""time_s"": 0.0, ""phase"": ""running""}, {""time_s"": 4.799999999999693, ""phase"": ""converged""}, {""time_s"": 4.83199999999969, ""phase"": ""post_stop""}]"
80,medium,"[7.584420840492902, -6.633833025576383, -8.695541483937216, 2.448665629225893, -7.821454594785877, 5.359466602222483]",converged,False,,0.9550981521606445,0.9320000000000007,1.0000000000000007,5.499999999999616,6.499999999999506,1,1,1.0333333333333332,False,196,"[{""time_s"": 0.0, ""phase"": ""waiting""}, {""time_s"": 0.20000000000000015, ""phase"": ""returning""}, {""time_s"": 0.9320000000000007, ""phase"": ""confirming""}, {""time_s"": 1.0000000000000007, ""phase"": ""running""}, {""time_s"": 5.499999999999616, ""phase"": ""converged""}, {""time_s"": 5.531999999999613, ""phase"": ""post_stop""}]"
81,large,"[5.367126506791742, -4.076790354849603, -22.73339318190675, -17.862925961233426, 15.749715634581989, -14.262432107837013]",converged,False,,0.9487795233726501,1.8660000000000014,1.9320000000000015,6.231999999999536,7.2319999999994256,1,1,1.9666666666666694,False,218,"[{""time_s"": 0.0, ""phase"": ""waiting""}, {""time_s"": 0.20000000000000015, ""phase"": ""returning""}, {""time_s"": 1.8660000000000014, ""phase"": ""confirming""}, {""time_s"": 1.9320000000000015, ""phase"": ""running""}, {""time_s"": 6.231999999999536, ""phase"": ""converged""}, {""time_s"": 6.265999999999532, ""phase"": ""post_stop""}]"
82,large,"[-1.5547345157422896, 3.8658243172328604, -2.6161970052100862, 1.0815202961786206, 15.737639951439924, -3.0049788324021733]",converged,False,,0.9890272617340088,1.0000000000000007,1.0660000000000007,5.46599999999962,6.46599999999951,1,1,1.1,False,195,"[{""time_s"": 0.0, ""phase"": ""waiting""}, {""time_s"": 0.20000000000000015, ""phase"": ""returning""}, {""time_s"": 1.0000000000000007, ""phase"": ""confirming""}, {""time_s"": 1.0660000000000007, ""phase"": ""running""}, {""time_s"": 5.46599999999962, ""phase"": ""converged""}, {""time_s"": 5.499999999999616, ""phase"": ""post_stop""}]"
83,medium,"[-6.739185069194692, 3.1738567376849094, 5.51354621303722, -4.926614867089098, 5.678137737314332, 7.364912685787274]",converged,False,,0.9807584881782532,0.6000000000000004,0.6660000000000005,5.09999999999966,6.09999999999955,1,1,0.7,False,184,"[{""time_s"": 0.0, ""phase"": ""waiting""}, {""time_s"": 0.20000000000000015, ""phase"": ""returning""}, {""time_s"": 0.6000000000000004, ""phase"": ""confirming""}, {""time_s"": 0.6660000000000005, ""phase"": ""running""}, {""time_s"": 5.09999999999966, ""phase"": ""converged""}, {""time_s"": 5.131999999999657, ""phase"": ""post_stop""}]"
84,medium,"[5.6264301942376775, -7.608452137844894, -9.926121353564563, -6.643860411619949, -3.456039366337052, -9.558050093321405]",converged,False,,0.9430019855499268,1.0000000000000007,1.0660000000000007,5.46599999999962,6.46599999999951,1,1,1.1,False,195,"[{""time_s"": 0.0, ""phase"": ""waiting""}, {""time_s"": 0.20000000000000015, ""phase"": ""returning""}, {""time_s"": 1.0000000000000007, ""phase"": ""confirming""}, {""time_s"": 1.0660000000000007, ""phase"": ""running""}, {""time_s"": 5.46599999999962, ""phase"": ""converged""}, {""time_s"": 5.499999999999616, ""phase"": ""post_stop""}]"
85,small,"[-0.40596367057573834, 2.8184965501375894, 3.4123696822444805, -0.04917997968834964, -2.4510943035640635, -3.0873199913814924]",converged,True,87.23479461669922,0.9740985631942749,0.0,,4.0999999999997705,5.09999999999966,0,0,0.0,False,154,"[{""time_s"": 0.0, ""phase"": ""running""}, {""time_s"": 4.0999999999997705, ""phase"": ""converged""}, {""time_s"": 4.131999999999767, ""phase"": ""post_stop""}]"
86,small,"[1.9696882070393693, 1.19464447114476, -1.200158035635713, -0.3477634986476108, 0.6173549657913844, 0.34621276375772325]",converged,True,47.0295295715332,0.9773055911064148,0.0,,3.7319999999998106,4.731999999999701,0,0,0.0,False,143,"[{""time_s"": 0.0, ""phase"": ""running""}, {""time_s"": 3.7319999999998106, ""phase"": ""converged""}, {""time_s"": 3.765999999999807, ""phase"": ""post_stop""}]"
87,large,"[-14.53366318815295, -1.1448221444191162, 21.161577655628456, 8.49259379871075, -14.490146041449156, 25.994777413265744]",converged,False,,0.9851106405258179,1.1000000000000008,1.1660000000000008,6.09999999999955,7.09999999999944,1,1,1.2000000000000004,False,214,"[{""time_s"": 0.0, ""phase"": ""waiting""}, {""time_s"": 0.20000000000000015, ""phase"": ""returning""}, {""time_s"": 1.1000000000000008, ""phase"": ""confirming""}, {""time_s"": 1.1660000000000008, ""phase"": ""running""}, {""time_s"": 6.09999999999955, ""phase"": ""converged""}, {""time_s"": 6.131999999999547, ""phase"": ""post_stop""}]"
88,medium,"[1.6944074771062372, -3.3164889186102897, -6.328573658081318, -9.622543235375657, -3.2853827659982464, 2.6918165663944364]",converged,False,,0.9353265166282654,0.6660000000000005,0.7320000000000005,5.199999999999649,6.199999999999539,1,1,0.7666666666666666,False,187,"[{""time_s"": 0.0, ""phase"": ""waiting""}, {""time_s"": 0.20000000000000015, ""phase"": ""returning""}, {""time_s"": 0.6660000000000005, ""phase"": ""confirming""}, {""time_s"": 0.7320000000000005, ""phase"": ""running""}, {""time_s"": 5.199999999999649, ""phase"": ""converged""}, {""time_s"": 5.231999999999646, ""phase"": ""post_stop""}]"
89,small,"[-0.6054226460030621, 2.2990254736634137, 0.36095589130615213, -0.6953646773464213, -2.8708878406476033, -1.9027892211251336]",converged,True,23.756473541259766,0.916892945766449,0.0,,2.965999999999895,3.965999999999785,0,0,0.0,False,120,"[{""time_s"": 0.0, ""phase"": ""running""}, {""time_s"": 2.965999999999895, ""phase"": ""converged""}, {""time_s"": 2.999999999999891, ""phase"": ""post_stop""}]"
90,medium,"[-1.2676696768112379, 7.221217757086679, 1.3625177578447651, -9.399269023197812, 4.292331251390253, 7.334111104855815]",converged,False,,0.9811645746231079,0.6320000000000005,0.7000000000000005,5.065999999999664,6.065999999999554,1,1,0.7333333333333333,False,183,"[{""time_s"": 0.0, ""phase"": ""waiting""}, {""time_s"": 0.20000000000000015, ""phase"": ""returning""}, {""time_s"": 0.6320000000000005, ""phase"": ""confirming""}, {""time_s"": 0.7000000000000005, ""phase"": ""running""}, {""time_s"": 5.065999999999664, ""phase"": ""converged""}, {""time_s"": 5.09999999999966, ""phase"": ""post_stop""}]"
91,large,"[-0.8056586829442764, -3.6019320834725015, -5.189271087603625, -19.688347922325505, 4.580531830964432, -20.161973095778066]",converged,False,,0.9503686428070068,0.8320000000000006,0.9000000000000007,5.565999999999609,6.565999999999499,1,1,0.9333333333333332,False,198,"[{""time_s"": 0.0, ""phase"": ""waiting""}, {""time_s"": 0.20000000000000015, ""phase"": ""returning""}, {""time_s"": 0.8320000000000006, ""phase"": ""confirming""}, {""time_s"": 0.9000000000000007, ""phase"": ""running""}, {""time_s"": 5.565999999999609, ""phase"": ""converged""}, {""time_s"": 5.599999999999605, ""phase"": ""post_stop""}]"
92,small,"[0.5561535951411765, -2.2245729335979822, 1.0518615649622909, -3.837104058861792, -0.05686456589309108, 1.807037647072577]",converged,True,50.40726852416992,0.983802080154419,0.0,,3.8319999999997996,4.83199999999969,0,0,0.0,False,146,"[{""time_s"": 0.0, ""phase"": ""running""}, {""time_s"": 3.8319999999997996, ""phase"": ""converged""}, {""time_s"": 3.865999999999796, ""phase"": ""post_stop""}]"
93,small,"[2.1917143636255654, 1.4258350767762344, 1.8781448704490362, -0.07514381590635999, 2.345242548911009, -1.6828284610500281]",converged,True,101.37680053710938,0.9770882725715637,0.0,,4.3999999999997375,5.399999999999627,0,0,0.0,False,163,"[{""time_s"": 0.0, ""phase"": ""running""}, {""time_s"": 4.3999999999997375, ""phase"": ""converged""}, {""time_s"": 4.431999999999734, ""phase"": ""post_stop""}]"
94,large,"[5.046477004862069, -13.017300450604877, -14.698788008263165, -19.149265633157974, -1.343190171062826, -4.778075994120503]",converged,False,,0.9524215459823608,1.500000000000001,1.5660000000000012,5.999999999999561,6.999999999999451,1,1,1.6000000000000016,False,211,"[{""time_s"": 0.0, ""phase"": ""waiting""}, {""time_s"": 0.20000000000000015, ""phase"": ""returning""}, {""time_s"": 1.500000000000001, ""phase"": ""confirming""}, {""time_s"": 1.5660000000000012, ""phase"": ""running""}, {""time_s"": 5.999999999999561, ""phase"": ""converged""}, {""time_s"": 6.031999999999558, ""phase"": ""post_stop""}]"
95,large,"[0.07803546303520292, -5.398991074043165, 17.022043563832803, 8.907426434474154, -3.655144793232992, 20.5808827064361]",converged,True,161.37547302246094,0.9769336581230164,0.0,,4.999999999999671,5.999999999999561,0,0,0.0,False,181,"[{""time_s"": 0.0, ""phase"": ""running""}, {""time_s"": 4.999999999999671, ""phase"": ""converged""}, {""time_s"": 5.031999999999668, ""phase"": ""post_stop""}]"
96,small,"[1.1083059234193806, 0.26645154661854686, 3.100324184142985, -2.519601703349271, -1.696219634663345, -3.7787210439007834]",converged,True,59.580318450927734,0.9791641235351562,0.0,,3.9319999999997886,4.931999999999679,0,0,0.0,False,149,"[{""time_s"": 0.0, ""phase"": ""running""}, {""time_s"": 3.9319999999997886, ""phase"": ""converged""}, {""time_s"": 3.965999999999785, ""phase"": ""post_stop""}]"
97,large,"[-0.6052563043859287, 14.747760136519098, -2.836845609265648, -26.62981501271942, 3.3827708643267513, -6.728444818721968]",converged,False,,0.9782016277313232,1.2320000000000009,1.300000000000001,6.299999999999528,7.299999999999418,1,1,1.3333333333333341,False,220,"[{""time_s"": 0.0, ""phase"": ""waiting""}, {""time_s"": 0.20000000000000015, ""phase"": ""returning""}, {""time_s"": 1.2320000000000009, ""phase"": ""confirming""}, {""time_s"": 1.300000000000001, ""phase"": ""running""}, {""time_s"": 6.299999999999528, ""phase"": ""converged""}, {""time_s"": 6.331999999999525, ""phase"": ""post_stop""}]"
98,small,"[1.5052906694575006, 0.6219502894035278, -0.9535260444055531, 1.7924646021276462, -1.2654244302256537, -0.043440928567343384]",converged,True,25.854969024658203,0.9533897042274475,0.0,,3.265999999999862,4.265999999999752,0,0,0.0,False,129,"[{""time_s"": 0.0, ""phase"": ""running""}, {""time_s"": 3.265999999999862, ""phase"": ""converged""}, {""time_s"": 3.299999999999858, ""phase"": ""post_stop""}]"
99,large,"[-10.718029618630851, 15.876744135086483, 23.790902828864112, 1.4298252602111496, -12.037141734974808, -3.1724543735195994]",converged,False,,0.9706398248672485,2.0000000000000013,2.065999999999994,6.365999999999521,7.365999999999411,1,1,2.1000000000000023,False,222,"[{""time_s"": 0.0, ""phase"": ""waiting""}, {""time_s"": 0.20000000000000015, ""phase"": ""returning""}, {""time_s"": 2.0000000000000013, ""phase"": ""confirming""}, {""time_s"": 2.065999999999994, ""phase"": ""running""}, {""time_s"": 6.365999999999521, ""phase"": ""converged""}, {""time_s"": 6.399999999999517, ""phase"": ""post_stop""}]"
100,large,"[-1.8770345493793563, 17.251764908040457, -16.2497467634516, -4.766994438363643, 7.043219327669423, 21.917852245379834]",converged,False,,0.9707576632499695,1.1000000000000008,1.1660000000000008,5.299999999999638,6.299999999999528,1,1,1.2000000000000004,False,190,"[{""time_s"": 0.0, ""phase"": ""waiting""}, {""time_s"": 0.20000000000000015, ""phase"": ""returning""}, {""time_s"": 1.1000000000000008, ""phase"": ""confirming""}, {""time_s"": 1.1660000000000008, ""phase"": ""running""}, {""time_s"": 5.299999999999638, ""phase"": ""converged""}, {""time_s"": 5.331999999999635, ""phase"": ""post_stop""}]"
101,small,"[2.9823043767688775, -2.580181674170531, -0.02159400945097012, -1.4933772053100034, 0.5068354290937855, 3.2286445925387985]",converged,True,90.72429656982422,0.9615237712860107,0.0,,4.2999999999997485,5.299999999999638,0,0,0.0,False,160,"[{""time_s"": 0.0, ""phase"": ""running""}, {""time_s"": 4.2999999999997485, ""phase"": ""converged""}, {""time_s"": 4.331999999999745, ""phase"": ""post_stop""}]"
102,small,"[-0.9436896205496415, -2.52069404854485, -1.6124233645467987, -3.2994862453950917, -2.9528746912914356, 2.038803266265708]",converged,False,,0.9729204773902893,0.2660000000000002,0.33200000000000024,4.799999999999693,5.799999999999583,1,1,0.36666666666666664,False,175,"[{""time_s"": 0.0, ""phase"": ""waiting""}, {""time_s"": 0.20000000000000015, ""phase"": ""returning""}, {""time_s"": 0.2660000000000002, ""phase"": ""confirming""}, {""time_s"": 0.33200000000000024, ""phase"": ""running""}, {""time_s"": 4.799999999999693, ""phase"": ""converged""}, {""time_s"": 4.83199999999969, ""phase"": ""post_stop""}]"
103,large,"[-9.672227227070154, 14.633123255414752, 14.912258765645888, -14.65922286928138, -11.85473671835925, -16.757805142776874]",converged,False,,0.9665729403495789,1.400000000000001,1.466000000000001,5.699999999999594,6.699999999999484,1,1,1.5000000000000013,False,202,"[{""time_s"": 0.0, ""phase"": ""waiting""}, {""time_s"": 0.20000000000000015, ""phase"": ""returning""}, {""time_s"": 1.400000000000001, ""phase"": ""confirming""}, {""time_s"": 1.466000000000001, ""phase"": ""running""}, {""time_s"": 5.699999999999594, ""phase"": ""converged""}, {""time_s"": 5.731999999999591, ""phase"": ""post_stop""}]"
104,large,"[-3.084956381232045, 1.4295235521086802, 15.523471440770876, 27.553271475731194, 15.187262393037656, 13.617711126041627]",converged,False,,0.9791139960289001,1.432000000000001,1.500000000000001,6.46599999999951,7.4659999999994,1,1,1.5333333333333348,False,225,"[{""time_s"": 0.0, ""phase"": ""waiting""}, {""time_s"": 0.20000000000000015, ""phase"": ""returning""}, {""time_s"": 1.432000000000001, ""phase"": ""confirming""}, {""time_s"": 1.500000000000001, ""phase"": ""running""}, {""time_s"": 6.46599999999951, ""phase"": ""converged""}, {""time_s"": 6.499999999999506, ""phase"": ""post_stop""}]"
105,large,"[-2.444007404982436, 5.992353394482347, -17.48092876183369, 29.304586967762432, 14.404643209954052, -8.263974759919762]",converged,False,,0.9952083230018616,1.366000000000001,1.432000000000001,6.199999999999539,7.199999999999429,1,1,1.466666666666668,False,217,"[{""time_s"": 0.0, ""phase"": ""waiting""}, {""time_s"": 0.20000000000000015, ""phase"": ""returning""}, {""time_s"": 1.366000000000001, ""phase"": ""confirming""}, {""time_s"": 1.432000000000001, ""phase"": ""running""}, {""time_s"": 6.199999999999539, ""phase"": ""converged""}, {""time_s"": 6.231999999999536, ""phase"": ""post_stop""}]"
106,small,"[2.647508729014019, 1.2156055929912242, -3.1090503167551944, 0.008386984730910818, -1.1298767507244607, 1.1252978003070986]",converged,True,71.38233947753906,0.9435878992080688,0.0,,4.131999999999767,5.131999999999657,0,0,0.0,False,155,"[{""time_s"": 0.0, ""phase"": ""running""}, {""time_s"": 4.131999999999767, ""phase"": ""converged""}, {""time_s"": 4.165999999999763, ""phase"": ""post_stop""}]"
107,small,"[-0.23419315678010122, -1.7358087528391521, 0.5797141929088658, 0.14938537196695822, -1.76485018305447, 0.26042380145242205]",converged,True,48.28383255004883,0.9305139780044556,0.0,,3.865999999999796,4.865999999999686,0,0,0.0,False,147,"[{""time_s"": 0.0, ""phase"": ""running""}, {""time_s"": 3.865999999999796, ""phase"": ""converged""}, {""time_s"": 3.899999999999792, ""phase"": ""post_stop""}]"
108,small,"[-2.5412661515660675, 1.3878123259903905, -1.8987603563966742, 0.501404158675057, -2.618812981808472, -2.5024740516782478]",converged,True,68.58834838867188,0.9402055144309998,0.0,,4.131999999999767,5.131999999999657,0,0,0.0,False,155,"[{""time_s"": 0.0, ""phase"": ""running""}, {""time_s"": 4.131999999999767, ""phase"": ""converged""}, {""time_s"": 4.165999999999763, ""phase"": ""post_stop""}]"
109,medium,"[-5.9317592117549385, -1.1609901209989104, 3.077672940879845, -8.174935852857836, 4.842877584668731, -4.914494365792966]",converged,False,,0.9859855771064758,0.2660000000000002,0.33200000000000024,4.699999999999704,5.699999999999594,1,1,0.36666666666666664,False,172,"[{""time_s"": 0.0, ""phase"": ""waiting""}, {""time_s"": 0.20000000000000015, ""phase"": ""returning""}, {""time_s"": 0.2660000000000002, ""phase"": ""confirming""}, {""time_s"": 0.33200000000000024, ""phase"": ""running""}, {""time_s"": 4.699999999999704, ""phase"": ""converged""}, {""time_s"": 4.731999999999701, ""phase"": ""post_stop""}]"
110,small,"[-2.3307731813961374, 0.4687346728668653, -0.07349853103881188, -1.6909822218097714, -0.10957170278243877, -2.872624019246932]",converged,True,39.72669982910156,0.9694738388061523,0.0,,3.5319999999998326,4.531999999999723,0,0,0.0,False,137,"[{""time_s"": 0.0, ""phase"": ""running""}, {""time_s"": 3.5319999999998326, ""phase"": ""converged""}, {""time_s"": 3.565999999999829, ""phase"": ""post_stop""}]"
111,medium,"[-6.4797711994940155, 4.476898236992259, 8.895348049570874, 0.21878274359692185, -0.10830700712589092, 5.573083425581402]",converged,False,,0.978803277015686,0.6660000000000005,0.7320000000000005,5.199999999999649,6.199999999999539,1,1,0.7666666666666666,False,187,"[{""time_s"": 0.0, ""phase"": ""waiting""}, {""time_s"": 0.20000000000000015, ""phase"": ""returning""}, {""time_s"": 0.6660000000000005, ""phase"": ""confirming""}, {""time_s"": 0.7320000000000005, ""phase"": ""running""}, {""time_s"": 5.199999999999649, ""phase"": ""converged""}, {""time_s"": 5.231999999999646, ""phase"": ""post_stop""}]"
112,small,"[0.7432802729685788, 0.6151306293586662, -1.0235709545321585, 2.4595373373215894, -1.718977762986883, 2.201031863437371]",converged,True,27.411720275878906,0.9880030751228333,0.0,,3.3319999999998546,4.331999999999745,0,0,0.0,False,131,"[{""time_s"": 0.0, ""phase"": ""running""}, {""time_s"": 3.3319999999998546, ""phase"": ""converged""}, {""time_s"": 3.365999999999851, ""phase"": ""post_stop""}]"
113,medium,"[0.32600360456969923, -0.5800307084211074, -3.263831005893893, -6.7720941872771006, 6.499263524362574, 6.636056417862672]",converged,True,53.209999084472656,0.977003276348114,0.0,,4.031999999999778,5.031999999999668,0,0,0.0,False,152,"[{""time_s"": 0.0, ""phase"": ""running""}, {""time_s"": 4.031999999999778, ""phase"": ""converged""}, {""time_s"": 4.065999999999774, ""phase"": ""post_stop""}]"
114,large,"[9.33099295327668, -12.569459991355126, -14.269119294732214, 12.657750058823169, 8.74418127857125, 28.247657622770575]",converged,False,,0.9623198509216309,1.432000000000001,1.500000000000001,5.899999999999572,6.899999999999462,1,1,1.5333333333333348,False,208,"[{""time_s"": 0.0, ""phase"": ""waiting""}, {""time_s"": 0.20000000000000015, ""phase"": ""returning""}, {""time_s"": 1.432000000000001, ""phase"": ""confirming""}, {""time_s"": 1.500000000000001, ""phase"": ""running""}, {""time_s"": 5.899999999999572, ""phase"": ""converged""}, {""time_s"": 5.931999999999569, ""phase"": ""post_stop""}]"
115,small,"[1.1126173222322908, 2.085725249266652, 3.1078903927641433, -1.4419103787969663, 0.30047741079409773, 2.0479786377212843]",converged,True,104.96031951904297,0.9818360209465027,0.0,,4.331999999999745,5.331999999999635,0,0,0.0,False,161,"[{""time_s"": 0.0, ""phase"": ""running""}, {""time_s"": 4.331999999999745, ""phase"": ""converged""}, {""time_s"": 4.365999999999741, ""phase"": ""post_stop""}]"
116,large,"[5.0078992679781145, 0.09988169998300478, -23.729274646014254, -12.767291404376802, -6.583745035102041, 2.2403274217979785]",converged,False,,0.955439031124115,2.031999999999998,2.0999999999999903,6.499999999999506,7.499999999999396,1,1,2.1333333333333355,False,226,"[{""time_s"": 0.0, ""phase"": ""waiting""}, {""time_s"": 0.20000000000000015, ""phase"": ""returning""}, {""time_s"": 2.031999999999998, ""phase"": ""confirming""}, {""time_s"": 2.0999999999999903, ""phase"": ""running""}, {""time_s"": 6.499999999999506, ""phase"": ""converged""}, {""time_s"": 6.531999999999503, ""phase"": ""post_stop""}]"
117,large,"[3.748690798737549, 0.2050614379978697, 23.75356289246229, 15.372097825633006, 2.731682900900587, 17.069656644228353]",converged,False,,0.9906566739082336,1.9320000000000015,2.0000000000000013,6.299999999999528,7.299999999999418,1,1,2.033333333333336,False,220,"[{""time_s"": 0.0, ""phase"": ""waiting""}, {""time_s"": 0.20000000000000015, ""phase"": ""returning""}, {""time_s"": 1.9320000000000015, ""phase"": ""confirming""}, {""time_s"": 2.0000000000000013, ""phase"": ""running""}, {""time_s"": 6.299999999999528, ""phase"": ""converged""}, {""time_s"": 6.331999999999525, ""phase"": ""post_stop""}]"
118,small,"[0.7242184556297468, -0.7427529786358225, -2.2819664413209555, 1.9030590426546574, -2.851378927319136, 3.3460314357578023]",converged,True,91.26128387451172,0.9668840169906616,0.0,,4.365999999999741,5.365999999999631,0,0,0.0,False,162,"[{""time_s"": 0.0, ""phase"": ""running""}, {""time_s"": 4.365999999999741, ""phase"": ""converged""}, {""time_s"": 4.3999999999997375, ""phase"": ""post_stop""}]"
119,large,"[6.131773654842451, 8.145784129101585, -12.324260674930015, 13.875212860751105, 16.727561382837095, -19.256969430055115]",converged,False,,0.968981146812439,0.8660000000000007,0.9320000000000007,5.299999999999638,6.299999999999528,1,1,0.9666666666666666,False,190,"[{""time_s"": 0.0, ""phase"": ""waiting""}, {""time_s"": 0.20000000000000015, ""phase"": ""returning""}, {""time_s"": 0.8660000000000007, ""phase"": ""confirming""}, {""time_s"": 0.9320000000000007, ""phase"": ""running""}, {""time_s"": 5.299999999999638, ""phase"": ""converged""}, {""time_s"": 5.331999999999635, ""phase"": ""post_stop""}]"
120,large,"[-2.1614096191718506, -0.5212091566605075, 22.52322467931107, 20.325120573970104, 11.795658658137036, 10.760660415433328]",converged,False,,0.9876384139060974,1.8660000000000014,1.9320000000000015,6.331999999999525,7.3319999999994145,1,1,1.9666666666666694,False,221,"[{""time_s"": 0.0, ""phase"": ""waiting""}, {""time_s"": 0.20000000000000015, ""phase"": ""returning""}, {""time_s"": 1.8660000000000014, ""phase"": ""confirming""}, {""time_s"": 1.9320000000000015, ""phase"": ""running""}, {""time_s"": 6.331999999999525, ""phase"": ""converged""}, {""time_s"": 6.365999999999521, ""phase"": ""post_stop""}]"
121,large,"[-16.883440496799768, -4.872994896593269, -18.30843637280271, -12.428830805656602, -9.135618800940174, -22.609439672606584]",converged,False,,0.9814355969429016,1.5660000000000012,1.6320000000000012,6.199999999999539,7.199999999999429,1,1,1.6666666666666685,False,217,"[{""time_s"": 0.0, ""phase"": ""waiting""}, {""time_s"": 0.20000000000000015, ""phase"": ""returning""}, {""time_s"": 1.5660000000000012, ""phase"": ""confirming""}, {""time_s"": 1.6320000000000012, ""phase"": ""running""}, {""time_s"": 6.199999999999539, ""phase"": ""converged""}, {""time_s"": 6.231999999999536, ""phase"": ""post_stop""}]"
122,medium,"[-5.401231541788867, 1.027272851047421, 7.83916454556563, 3.3675730949560627, -6.649526134369124, 6.837598906765933]",converged,True,157.72198486328125,0.9876469969749451,0.0,,4.765999999999697,5.765999999999587,0,0,0.0,False,174,"[{""time_s"": 0.0, ""phase"": ""running""}, {""time_s"": 4.765999999999697, ""phase"": ""converged""}, {""time_s"": 4.799999999999693, ""phase"": ""post_stop""}]"
123,large,"[11.352722621740998, -0.928445119649826, 23.290806517079936, 9.822945240934956, 15.869055605880362, 18.385451153756662]",converged,False,,0.9643677473068237,2.0000000000000013,2.065999999999994,6.365999999999521,7.365999999999411,1,1,2.1000000000000023,False,222,"[{""time_s"": 0.0, ""phase"": ""waiting""}, {""time_s"": 0.20000000000000015, ""phase"": ""returning""}, {""time_s"": 2.0000000000000013, ""phase"": ""confirming""}, {""time_s"": 2.065999999999994, ""phase"": ""running""}, {""time_s"": 6.365999999999521, ""phase"": ""converged""}, {""time_s"": 6.399999999999517, ""phase"": ""post_stop""}]"
124,small,"[0.8213030579425569, -0.8035958293741841, 0.6263045770969482, 3.3850551658298924, -2.3492908594517985, -3.387003929826749]",converged,True,34.82852554321289,0.9620283842086792,0.0,,3.6319999999998216,4.631999999999712,0,0,0.0,False,140,"[{""time_s"": 0.0, ""phase"": ""running""}, {""time_s"": 3.6319999999998216, ""phase"": ""converged""}, {""time_s"": 3.665999999999818, ""phase"": ""post_stop""}]"
125,small,"[-2.6431562661632375, 1.2996090939231966, -2.7225364391140126, -0.4964657594253872, 1.9183289904544845, -1.0200363135929997]",converged,True,54.88029098510742,0.9750921130180359,0.0,,3.865999999999796,4.865999999999686,0,0,0.0,False,147,"[{""time_s"": 0.0, ""phase"": ""running""}, {""time_s"": 3.865999999999796, ""phase"": ""converged""}, {""time_s"": 3.899999999999792, ""phase"": ""post_stop""}]"
126,large,"[-9.822368847874229, 0.5207922696877993, -18.665985922141193, -5.282245867181807, 14.767564696262568, 8.792646917537375]",converged,False,,0.9576001167297363,1.2000000000000008,1.266000000000001,5.599999999999605,6.599999999999495,1,1,1.3000000000000007,False,199,"[{""time_s"": 0.0, ""phase"": ""waiting""}, {""time_s"": 0.20000000000000015, ""phase"": ""returning""}, {""time_s"": 1.2000000000000008, ""phase"": ""confirming""}, {""time_s"": 1.266000000000001, ""phase"": ""running""}, {""time_s"": 5.599999999999605, ""phase"": ""converged""}, {""time_s"": 5.631999999999602, ""phase"": ""post_stop""}]"
127,small,"[1.3331240378584708, 0.15150966387656872, 0.2931135587680398, -1.108334351210198, -2.601456350929049, -1.108853724021519]",converged,True,43.789573669433594,0.9980005621910095,0.0,,3.7319999999998106,4.731999999999701,0,0,0.0,False,143,"[{""time_s"": 0.0, ""phase"": ""running""}, {""time_s"": 3.7319999999998106, ""phase"": ""converged""}, {""time_s"": 3.765999999999807, ""phase"": ""post_stop""}]"
128,medium,"[6.652588232472988, 4.0354509562351755, 8.69359511225396, 9.203393962633449, -5.2004247883303805, 2.206775643925157]",converged,False,,0.9629097580909729,0.5320000000000004,0.6000000000000004,4.865999999999686,5.865999999999576,1,1,0.6333333333333333,False,177,"[{""time_s"": 0.0, ""phase"": ""waiting""}, {""time_s"": 0.20000000000000015, ""phase"": ""returning""}, {""time_s"": 0.5320000000000004, ""phase"": ""confirming""}, {""time_s"": 0.6000000000000004, ""phase"": ""running""}, {""time_s"": 4.865999999999686, ""phase"": ""converged""}, {""time_s"": 4.899999999999682, ""phase"": ""post_stop""}]"
129,small,"[-2.1071566387690837, 0.2771677929419214, 0.23742560479688546, 2.95621421066969, 1.4467841842199487, 0.8133085878162056]",converged,True,73.13218688964844,0.9786071181297302,0.0,,4.165999999999763,5.165999999999653,0,0,0.0,False,156,"[{""time_s"": 0.0, ""phase"": ""running""}, {""time_s"": 4.165999999999763, ""phase"": ""converged""}, {""time_s"": 4.1999999999997595, ""phase"": ""post_stop""}]"
130,small,"[1.201795071970662, 1.64102911745867, -3.138962878775618, -3.376349134211929, 2.4779200014841445, -0.9098537170249257]",converged,True,54.04005432128906,0.9737438559532166,0.0,,3.899999999999792,4.899999999999682,0,0,0.0,False,148,"[{""time_s"": 0.0, ""phase"": ""running""}, {""time_s"": 3.899999999999792, ""phase"": ""converged""}, {""time_s"": 3.9319999999997886, ""phase"": ""post_stop""}]"
131,medium,"[-1.2049147373126576, -5.776668319116228, 1.7945779407892655, -3.3548240231042694, -7.3269438043709325, 3.0384009092553725]",converged,False,,0.9516215920448303,0.5000000000000003,0.5660000000000004,5.065999999999664,6.065999999999554,1,1,0.6,False,183,"[{""time_s"": 0.0, ""phase"": ""waiting""}, {""time_s"": 0.20000000000000015, ""phase"": ""returning""}, {""time_s"": 0.5000000000000003, ""phase"": ""confirming""}, {""time_s"": 0.5660000000000004, ""phase"": ""running""}, {""time_s"": 5.065999999999664, ""phase"": ""converged""}, {""time_s"": 5.09999999999966, ""phase"": ""post_stop""}]"
132,small,"[-2.5538462827930655, -1.8931628377977399, -1.9299059104958634, 1.9311102631492112, 0.6115879507123285, -2.0446169181305356]",converged,True,97.96627807617188,0.9460691213607788,0.0,,4.365999999999741,5.365999999999631,0,0,0.0,False,162,"[{""time_s"": 0.0, ""phase"": ""running""}, {""time_s"": 4.365999999999741, ""phase"": ""converged""}, {""time_s"": 4.3999999999997375, ""phase"": ""post_stop""}]"
133,small,"[-2.5305975037018476, -2.6679506796484485, 2.756832581734507, 3.4276284170637323, -1.487841324220772, 0.7757867244218595]",converged,True,84.97461700439453,0.9790807962417603,0.0,,4.265999999999752,5.265999999999642,0,0,0.0,False,159,"[{""time_s"": 0.0, ""phase"": ""running""}, {""time_s"": 4.265999999999752, ""phase"": ""converged""}, {""time_s"": 4.2999999999997485, ""phase"": ""post_stop""}]"
134,large,"[-13.909797444668293, 5.040134472298462, -12.117886027315205, 17.734117667583213, -14.617045150028352, -10.586765334437285]",converged,False,,0.9840736985206604,1.266000000000001,1.332000000000001,6.199999999999539,7.199999999999429,1,1,1.3666666666666676,False,217,"[{""time_s"": 0.0, ""phase"": ""waiting""}, {""time_s"": 0.20000000000000015, ""phase"": ""returning""}, {""time_s"": 1.266000000000001, ""phase"": ""confirming""}, {""time_s"": 1.332000000000001, ""phase"": ""running""}, {""time_s"": 6.199999999999539, ""phase"": ""converged""}, {""time_s"": 6.231999999999536, ""phase"": ""post_stop""}]"
135,medium,"[7.921082011292176, -3.028045015813234, 9.914061973572885, -2.2478841432867256, -5.148952969965983, -2.571643746412523]",converged,True,183.00555419921875,0.9836642742156982,0.0,,4.931999999999679,5.931999999999569,0,0,0.0,False,179,"[{""time_s"": 0.0, ""phase"": ""running""}, {""time_s"": 4.931999999999679, ""phase"": ""converged""}, {""time_s"": 4.965999999999675, ""phase"": ""post_stop""}]"
136,large,"[12.225173769326737, 3.729062702725269, -6.819374345263796, 5.639393344878876, -12.474544526452773, 27.945311484429027]",converged,False,,0.9856786131858826,0.8660000000000007,0.9320000000000007,5.799999999999583,6.799999999999473,1,1,0.9666666666666666,False,205,"[{""time_s"": 0.0, ""phase"": ""waiting""}, {""time_s"": 0.20000000000000015, ""phase"": ""returning""}, {""time_s"": 0.8660000000000007, ""phase"": ""confirming""}, {""time_s"": 0.9320000000000007, ""phase"": ""running""}, {""time_s"": 5.799999999999583, ""phase"": ""converged""}, {""time_s"": 5.83199999999958, ""phase"": ""post_stop""}]"
137,large,"[-8.94745686314526, -7.77417004314629, 8.74156128973371, -28.784684768803242, -14.35967663088009, 27.055553279581666]",converged,False,,0.9866960048675537,0.2660000000000002,0.33200000000000024,5.431999999999624,6.431999999999514,1,1,0.36666666666666664,False,194,"[{""time_s"": 0.0, ""phase"": ""waiting""}, {""time_s"": 0.20000000000000015, ""phase"": ""returning""}, {""time_s"": 0.2660000000000002, ""phase"": ""confirming""}, {""time_s"": 0.33200000000000024, ""phase"": ""running""}, {""time_s"": 5.431999999999624, ""phase"": ""converged""}, {""time_s"": 5.46599999999962, ""phase"": ""post_stop""}]"
138,large,"[16.736361191196742, -11.004299578003632, 17.424966590579558, 0.37721902045062095, -13.754120344870662, -25.849415957021996]",converged,False,,0.9590587615966797,1.0660000000000007,1.1320000000000008,5.931999999999569,6.931999999999459,1,1,1.166666666666667,False,209,"[{""time_s"": 0.0, ""phase"": ""waiting""}, {""time_s"": 0.20000000000000015, ""phase"": ""returning""}, {""time_s"": 1.0660000000000007, ""phase"": ""confirming""}, {""time_s"": 1.1320000000000008, ""phase"": ""running""}, {""time_s"": 5.931999999999569, ""phase"": ""converged""}, {""time_s"": 5.965999999999565, ""phase"": ""post_stop""}]"
139,medium,"[-4.421699242625719, -0.2707063982953084, 9.503663694942478, -11.761275025322176, 7.392339752693898, 11.145233259395741]",converged,False,,0.9964591264724731,0.7320000000000005,0.8000000000000006,5.165999999999653,6.165999999999543,1,1,0.8333333333333333,False,186,"[{""time_s"": 0.0, ""phase"": ""waiting""}, {""time_s"": 0.20000000000000015, ""phase"": ""returning""}, {""time_s"": 0.7320000000000005, ""phase"": ""confirming""}, {""time_s"": 0.8000000000000006, ""phase"": ""running""}, {""time_s"": 5.165999999999653, ""phase"": ""converged""}, {""time_s"": 5.199999999999649, ""phase"": ""post_stop""}]"
140,medium,"[-2.7629633478681015, 2.6367585598441963, 9.704413370407242, 4.084583018902549, 3.5878522410626648, 11.495341935898018]",converged,False,,0.9631448984146118,0.7660000000000006,0.8320000000000006,5.231999999999646,6.231999999999536,1,1,0.8666666666666666,False,188,"[{""time_s"": 0.0, ""phase"": ""waiting""}, {""time_s"": 0.20000000000000015, ""phase"": ""returning""}, {""time_s"": 0.7660000000000006, ""phase"": ""confirming""}, {""time_s"": 0.8320000000000006, ""phase"": ""running""}, {""time_s"": 5.231999999999646, ""phase"": ""converged""}, {""time_s"": 5.265999999999642, ""phase"": ""post_stop""}]"
141,large,"[-6.033988514414615, 5.1247637875961765, 18.83488945875228, -6.256793849967799, 4.112265901285678, 6.232470448050741]",converged,False,,0.9678375124931335,1.500000000000001,1.5660000000000012,5.865999999999576,6.865999999999466,1,1,1.6000000000000016,False,207,"[{""time_s"": 0.0, ""phase"": ""waiting""}, {""time_s"": 0.20000000000000015, ""phase"": ""returning""}, {""time_s"": 1.500000000000001, ""phase"": ""confirming""}, {""time_s"": 1.5660000000000012, ""phase"": ""running""}, {""time_s"": 5.865999999999576, ""phase"": ""converged""}, {""time_s"": 5.899999999999572, ""phase"": ""post_stop""}]"
142,medium,"[6.652220456962169, -6.228744665876716, -6.327796008242572, -8.8279499551399, -2.3995616976373775, 9.101469950962482]",converged,False,,0.9608423709869385,0.7000000000000005,0.7660000000000006,5.431999999999624,6.431999999999514,1,1,0.7999999999999999,False,194,"[{""time_s"": 0.0, ""phase"": ""waiting""}, {""time_s"": 0.20000000000000015, ""phase"": ""returning""}, {""time_s"": 0.7000000000000005, ""phase"": ""confirming""}, {""time_s"": 0.7660000000000006, ""phase"": ""running""}, {""time_s"": 5.431999999999624, ""phase"": ""converged""}, {""time_s"": 5.46599999999962, ""phase"": ""post_stop""}]"
143,medium,"[-3.798739441836535, 2.5602917189405385, -5.142602500852885, 11.639905383510186, -4.781458001059869, -7.216490385336761]",converged,False,,0.9786391854286194,0.3000000000000002,0.36600000000000027,5.365999999999631,6.365999999999521,1,1,0.39999999999999997,False,192,"[{""time_s"": 0.0, ""phase"": ""waiting""}, {""time_s"": 0.20000000000000015, ""phase"": ""returning""}, {""time_s"": 0.3000000000000002, ""phase"": ""confirming""}, {""time_s"": 0.36600000000000027, ""phase"": ""running""}, {""time_s"": 5.365999999999631, ""phase"": ""converged""}, {""time_s"": 5.399999999999627, ""phase"": ""post_stop""}]"
144,small,"[1.8395103952293708, -1.487716859277303, -2.1034258715683762, 2.956199154227863, 1.4641138287138675, 2.9180485608397797]",converged,True,56.52314376831055,0.9962051510810852,0.0,,3.799999999999803,4.799999999999693,0,0,0.0,False,145,"[{""time_s"": 0.0, ""phase"": ""running""}, {""time_s"": 3.799999999999803, ""phase"": ""converged""}, {""time_s"": 3.8319999999997996, ""phase"": ""post_stop""}]"
145,small,"[-2.6222646488572954, -2.698254522949591, -3.7169134701405744, -2.340896649514284, -1.81853223766552, -3.528181546246709]",converged,False,,0.9930135607719421,0.4000000000000003,0.46600000000000036,4.865999999999686,5.865999999999576,1,1,0.49999999999999994,False,177,"[{""time_s"": 0.0, ""phase"": ""waiting""}, {""time_s"": 0.20000000000000015, ""phase"": ""returning""}, {""time_s"": 0.4000000000000003, ""phase"": ""confirming""}, {""time_s"": 0.46600000000000036, ""phase"": ""running""}, {""time_s"": 4.865999999999686, ""phase"": ""converged""}, {""time_s"": 4.899999999999682, ""phase"": ""post_stop""}]"
146,large,"[-10.294186117290728, -17.600042626142116, -21.71194325122179, 6.047549467670699, 0.4677948784090127, 10.019543412027346]",converged,False,,0.9525886178016663,2.0000000000000013,2.065999999999994,6.499999999999506,7.499999999999396,1,1,2.1000000000000023,False,226,"[{""time_s"": 0.0, ""phase"": ""waiting""}, {""time_s"": 0.20000000000000015, ""phase"": ""returning""}, {""time_s"": 2.0000000000000013, ""phase"": ""confirming""}, {""time_s"": 2.065999999999994, ""phase"": ""running""}, {""time_s"": 6.499999999999506, ""phase"": ""converged""}, {""time_s"": 6.531999999999503, ""phase"": ""post_stop""}]"
147,large,"[6.238503027374438, -6.3562756536577325, 1.6463113197886692, 27.691305684430752, 6.163298411944986, -29.379886886732436]",converged,True,48.94014358520508,0.9963602423667908,0.0,,4.499999999999726,5.499999999999616,0,0,0.0,False,166,"[{""time_s"": 0.0, ""phase"": ""running""}, {""time_s"": 4.499999999999726, ""phase"": ""converged""}, {""time_s"": 4.531999999999723, ""phase"": ""post_stop""}]"
148,small,"[-2.8704067147596413, 1.1971528212321694, 1.6022362586636332, -0.33465582157437, 1.0854714379736574, 1.055060413005192]",converged,True,87.42700958251953,0.9551714062690735,0.0,,4.2999999999997485,5.299999999999638,0,0,0.0,False,160,"[{""time_s"": 0.0, ""phase"": ""running""}, {""time_s"": 4.2999999999997485, ""phase"": ""converged""}, {""time_s"": 4.331999999999745, ""phase"": ""post_stop""}]"
149,medium,"[-7.734694482162592, 7.859807507642865, -6.383538229267773, 7.352431979595217, 2.1224768160479144, 1.4347772619201642]",converged,False,,0.9688370227813721,0.46600000000000036,0.5320000000000004,5.399999999999627,6.399999999999517,1,1,0.5666666666666667,False,193,"[{""time_s"": 0.0, ""phase"": ""waiting""}, {""time_s"": 0.20000000000000015, ""phase"": ""returning""}, {""time_s"": 0.46600000000000036, ""phase"": ""confirming""}, {""time_s"": 0.5320000000000004, ""phase"": ""running""}, {""time_s"": 5.399999999999627, ""phase"": ""converged""}, {""time_s"": 5.431999999999624, ""phase"": ""post_stop""}]"
150,medium,"[-3.0006521854572945, 1.8681334538724066, -9.727252766708974, 6.836090431137389, 1.1872840669550975, -2.609938797376943]",converged,False,,0.9474301338195801,0.5000000000000003,0.5660000000000004,5.09999999999966,6.09999999999955,1,1,0.6,False,184,"[{""time_s"": 0.0, ""phase"": ""waiting""}, {""time_s"": 0.20000000000000015, ""phase"": ""returning""}, {""time_s"": 0.5000000000000003, ""phase"": ""confirming""}, {""time_s"": 0.5660000000000004, ""phase"": ""running""}, {""time_s"": 5.09999999999966, ""phase"": ""converged""}, {""time_s"": 5.131999999999657, ""phase"": ""post_stop""}]"
151,small,"[-1.6177195158454687, -0.6335160916414333, 1.562387107424465, -3.6466882865952357, 0.43524767723635716, 0.3103201725578355]",converged,True,21.240203857421875,0.9731318354606628,0.0,,3.065999999999884,4.065999999999774,0,0,0.0,False,123,"[{""time_s"": 0.0, ""phase"": ""running""}, {""time_s"": 3.065999999999884, ""phase"": ""converged""}, {""time_s"": 3.09999999999988, ""phase"": ""post_stop""}]"
152,medium,"[-7.8798118021745385, -6.459895611579219, 3.3423246598322542, -6.454901390153998, -3.005361145561009, 2.3299389575511675]",converged,True,161.0653533935547,0.9301022887229919,0.0,,4.765999999999697,5.765999999999587,0,0,0.0,False,174,"[{""time_s"": 0.0, ""phase"": ""running""}, {""time_s"": 4.765999999999697, ""phase"": ""converged""}, {""time_s"": 4.799999999999693, ""phase"": ""post_stop""}]"
153,medium,"[-2.8447445692477746, -1.6779639512918951, -1.033153777410936, -11.10183271220265, 0.26040895039349365, 9.602861411586105]",converged,True,49.5594596862793,0.9539710879325867,0.0,,3.899999999999792,4.899999999999682,0,0,0.0,False,148,"[{""time_s"": 0.0, ""phase"": ""running""}, {""time_s"": 3.899999999999792, ""phase"": ""converged""}, {""time_s"": 3.9319999999997886, ""phase"": ""post_stop""}]"
154,small,"[-2.324877636220574, 0.28181354107715695, 2.983635319207031, -3.8476673397607355, 0.4731553180459458, 0.38492777346452023]",converged,True,65.2078628540039,0.979157567024231,0.0,,3.9319999999997886,4.931999999999679,0,0,0.0,False,149,"[{""time_s"": 0.0, ""phase"": ""running""}, {""time_s"": 3.9319999999997886, ""phase"": ""converged""}, {""time_s"": 3.965999999999785, ""phase"": ""post_stop""}]"
155,medium,"[-6.167196974547288, -2.921433886265884, 6.042425597341108, -5.935357107472495, 1.843895376922486, 2.358043753171213]",converged,True,103.72904205322266,0.959308385848999,0.0,,4.431999999999734,5.431999999999624,0,0,0.0,False,164,"[{""time_s"": 0.0, ""phase"": ""running""}, {""time_s"": 4.431999999999734, ""phase"": ""converged""}, {""time_s"": 4.46599999999973, ""phase"": ""post_stop""}]"
156,medium,"[4.852910310274309, -0.8595240793648156, -3.6398931171161557, -9.525047769459777, -7.706547150904493, 5.616670876251931]",converged,False,,0.9899746775627136,0.5660000000000004,0.6320000000000005,5.331999999999635,6.331999999999525,1,1,0.6666666666666666,False,191,"[{""time_s"": 0.0, ""phase"": ""waiting""}, {""time_s"": 0.20000000000000015, ""phase"": ""returning""}, {""time_s"": 0.5660000000000004, ""phase"": ""confirming""}, {""time_s"": 0.6320000000000005, ""phase"": ""running""}, {""time_s"": 5.331999999999635, ""phase"": ""converged""}, {""time_s"": 5.365999999999631, ""phase"": ""post_stop""}]"
157,small,"[-2.125765205851618, 2.9285836603338726, -2.595761216191435, 3.6803480953368233, -2.185441659462936, -0.5731252686098678]",converged,True,76.85818481445312,0.9681829810142517,0.0,,4.231999999999756,5.231999999999646,0,0,0.0,False,158,"[{""time_s"": 0.0, ""phase"": ""running""}, {""time_s"": 4.231999999999756, ""phase"": ""converged""}, {""time_s"": 4.265999999999752, ""phase"": ""post_stop""}]"
158,small,"[-2.8104215915229998, 2.444729861190849, 2.5037669189519303, 0.21504549335436174, -2.971569314240414, 3.35876611827448]",converged,True,84.48895263671875,0.973446786403656,0.0,,4.1999999999997595,5.199999999999649,0,0,0.0,False,157,"[{""time_s"": 0.0, ""phase"": ""running""}, {""time_s"": 4.1999999999997595, ""phase"": ""converged""}, {""time_s"": 4.231999999999756, ""phase"": ""post_stop""}]"
159,medium,"[0.7971926262494655, 0.5148260120562345, -8.918126948112855, 0.11337187021377915, -1.5220726110001603, 5.096869952438855]",converged,False,,0.9676095247268677,0.5660000000000004,0.6320000000000005,5.065999999999664,6.065999999999554,1,1,0.6666666666666666,False,183,"[{""time_s"": 0.0, ""phase"": ""waiting""}, {""time_s"": 0.20000000000000015, ""phase"": ""returning""}, {""time_s"": 0.5660000000000004, ""phase"": ""confirming""}, {""time_s"": 0.6320000000000005, ""phase"": ""running""}, {""time_s"": 5.065999999999664, ""phase"": ""converged""}, {""time_s"": 5.09999999999966, ""phase"": ""post_stop""}]"
160,large,"[2.4370555823253888, 14.120425469383036, -17.432355785002436, -29.72615915847323, -17.72911752445217, 16.802652441592954]",converged,False,,0.9841895699501038,1.6320000000000012,1.7000000000000013,6.565999999999499,7.565999999999389,1,1,1.7333333333333354,False,228,"[{""time_s"": 0.0, ""phase"": ""waiting""}, {""time_s"": 0.20000000000000015, ""phase"": ""returning""}, {""time_s"": 1.6320000000000012, ""phase"": ""confirming""}, {""time_s"": 1.7000000000000013, ""phase"": ""running""}, {""time_s"": 6.565999999999499, ""phase"": ""converged""}, {""time_s"": 6.599999999999495, ""phase"": ""post_stop""}]"
161,large,"[16.77107428445978, -1.3403386728989375, 7.840767368490731, -28.091806739926245, -14.320497737504505, -14.437298588666454]",converged,False,,0.964560329914093,1.7320000000000013,1.8000000000000014,6.665999999999488,7.665999999999378,1,1,1.8333333333333357,False,231,"[{""time_s"": 0.0, ""phase"": ""waiting""}, {""time_s"": 0.20000000000000015, ""phase"": ""returning""}, {""time_s"": 1.7320000000000013, ""phase"": ""confirming""}, {""time_s"": 1.8000000000000014, ""phase"": ""running""}, {""time_s"": 6.665999999999488, ""phase"": ""converged""}, {""time_s"": 6.699999999999484, ""phase"": ""post_stop""}]"
162,medium,"[-3.6612284349302335, 2.155961244817565, -2.9848690264790667, -1.5412845836134323, 1.2843723195443992, -4.226881701573585]",converged,True,71.98471069335938,0.9891451597213745,0.0,,4.031999999999778,5.031999999999668,0,0,0.0,False,152,"[{""time_s"": 0.0, ""phase"": ""running""}, {""time_s"": 4.031999999999778, ""phase"": ""converged""}, {""time_s"": 4.065999999999774, ""phase"": ""post_stop""}]"
163,large,"[-5.17099611018855, -16.540560009283453, 19.924564347025466, 16.64190016523598, 16.928015388285246, -19.12858811936677]",converged,False,,0.9836746454238892,1.400000000000001,1.466000000000001,5.999999999999561,6.999999999999451,1,1,1.5000000000000013,False,211,"[{""time_s"": 0.0, ""phase"": ""waiting""}, {""time_s"": 0.20000000000000015, ""phase"": ""returning""}, {""time_s"": 1.400000000000001, ""phase"": ""confirming""}, {""time_s"": 1.466000000000001, ""phase"": ""running""}, {""time_s"": 5.999999999999561, ""phase"": ""converged""}, {""time_s"": 6.031999999999558, ""phase"": ""post_stop""}]"
164,small,"[-0.8693105661682532, 2.869827612985695, -3.496517227113398, 3.2743107608044415, 2.0368780606247503, 0.6789947366017373]",converged,True,52.799373626708984,0.9512742161750793,0.0,,3.965999999999785,4.965999999999675,0,0,0.0,False,150,"[{""time_s"": 0.0, ""phase"": ""running""}, {""time_s"": 3.965999999999785, ""phase"": ""converged""}, {""time_s"": 3.999999999999781, ""phase"": ""post_stop""}]"
165,medium,"[-6.8168669789804355, -3.190857945124826, 4.742774153505016, 3.0688708722687537, -4.05477115808983, -7.315408792109854]",converged,True,173.3740997314453,0.9744278788566589,0.0,,4.865999999999686,5.865999999999576,0,0,0.0,False,177,"[{""time_s"": 0.0, ""phase"": ""running""}, {""time_s"": 4.865999999999686, ""phase"": ""converged""}, {""time_s"": 4.899999999999682, ""phase"": ""post_stop""}]"
166,large,"[9.647462883566043, 12.079712799824481, -24.112160294028524, 11.000566100086473, 7.427988084338352, 7.140764429447152]",converged,False,,0.9600170254707336,1.9660000000000015,2.031999999999998,6.431999999999514,7.4319999999994035,1,1,2.066666666666669,False,224,"[{""time_s"": 0.0, ""phase"": ""waiting""}, {""time_s"": 0.20000000000000015, ""phase"": ""returning""}, {""time_s"": 1.9660000000000015, ""phase"": ""confirming""}, {""time_s"": 2.031999999999998, ""phase"": ""running""}, {""time_s"": 6.431999999999514, ""phase"": ""converged""}, {""time_s"": 6.46599999999951, ""phase"": ""post_stop""}]"
167,medium,"[3.1881158682478272, 4.562646060796789, -3.082065436388673, -4.241609837111346, 0.6385334052116214, -2.9672788576981866]",converged,True,119.41478729248047,0.96456378698349,0.0,,4.599999999999715,5.599999999999605,0,0,0.0,False,169,"[{""time_s"": 0.0, ""phase"": ""running""}, {""time_s"": 4.599999999999715, ""phase"": ""converged""}, {""time_s"": 4.631999999999712, ""phase"": ""post_stop""}]"
168,small,"[-0.2080770609088436, 2.904094462181387, -0.8409049990316966, -2.2466838661486808, 1.8782206645601125, 3.9022189787137442]",converged,True,72.34085845947266,0.9912173748016357,0.0,,3.999999999999781,4.999999999999671,0,0,0.0,False,151,"[{""time_s"": 0.0, ""phase"": ""running""}, {""time_s"": 3.999999999999781, ""phase"": ""converged""}, {""time_s"": 4.031999999999778, ""phase"": ""post_stop""}]"
169,medium,"[5.769127775201543, -2.1832858098947057, -4.935140158406741, 1.881621933543535, -6.809080259432379, 4.647842598621843]",converged,False,,0.9855594038963318,0.6000000000000004,0.6660000000000005,5.165999999999653,6.165999999999543,1,1,0.7,False,186,"[{""time_s"": 0.0, ""phase"": ""waiting""}, {""time_s"": 0.20000000000000015, ""phase"": ""returning""}, {""time_s"": 0.6000000000000004, ""phase"": ""confirming""}, {""time_s"": 0.6660000000000005, ""phase"": ""running""}, {""time_s"": 5.165999999999653, ""phase"": ""converged""}, {""time_s"": 5.199999999999649, ""phase"": ""post_stop""}]"
170,large,"[9.00996039729339, -11.676431874270953, -7.538001124523596, 24.078809627109834, 17.426426700129966, 29.183860402622756]",converged,False,,0.9691371917724609,0.33200000000000024,0.4000000000000003,5.965999999999565,6.965999999999455,1,1,0.4333333333333333,False,210,"[{""time_s"": 0.0, ""phase"": ""waiting""}, {""time_s"": 0.20000000000000015, ""phase"": ""returning""}, {""time_s"": 0.33200000000000024, ""phase"": ""confirming""}, {""time_s"": 0.4000000000000003, ""phase"": ""running""}, {""time_s"": 5.965999999999565, ""phase"": ""converged""}, {""time_s"": 5.999999999999561, ""phase"": ""post_stop""}]"
171,small,"[2.185961446538177, -0.8725444369443767, 1.5476315057839303, 2.106880295677125, 0.19765957621996666, 2.7913323402095704]",converged,True,34.5203742980957,0.9691800475120544,0.0,,3.4319999999998436,4.431999999999734,0,0,0.0,False,134,"[{""time_s"": 0.0, ""phase"": ""running""}, {""time_s"": 3.4319999999998436, ""phase"": ""converged""}, {""time_s"": 3.46599999999984, ""phase"": ""post_stop""}]"
172,large,"[10.645057358910734, -7.041870921551514, 20.055595796526063, 10.419947769749761, -7.106695214835602, 19.06528500018299]",converged,False,,0.9747174978256226,1.500000000000001,1.5660000000000012,5.865999999999576,6.865999999999466,1,1,1.6000000000000016,False,207,"[{""time_s"": 0.0, ""phase"": ""waiting""}, {""time_s"": 0.20000000000000015, ""phase"": ""returning""}, {""time_s"": 1.500000000000001, ""phase"": ""confirming""}, {""time_s"": 1.5660000000000012, ""phase"": ""running""}, {""time_s"": 5.865999999999576, ""phase"": ""converged""}, {""time_s"": 5.899999999999572, ""phase"": ""post_stop""}]"
173,large,"[-17.935971584744216, -9.934295402347967, 9.574569496169296, -29.067718221453173, 15.472339118356551, 19.990919569416]",converged,False,,0.9859532713890076,0.9660000000000007,1.1000000000000008,5.699999999999594,6.699999999999484,1,1,1.1333333333333335,False,202,"[{""time_s"": 0.0, ""phase"": ""waiting""}, {""time_s"": 0.20000000000000015, ""phase"": ""returning""}, {""time_s"": 0.9660000000000007, ""phase"": ""confirming""}, {""time_s"": 1.0000000000000007, ""phase"": ""returning""}, {""time_s"": 1.0320000000000007, ""phase"": ""confirming""}, {""time_s"": 1.1000000000000008, ""phase"": ""running""}, {""time_s"": 5.699999999999594, ""phase"": ""converged""}, {""time_s"": 5.731999999999591, ""phase"": ""post_stop""}]"
174,large,"[-4.875642798593072, -7.697873781242222, 20.1114033589377, 12.768000320915775, 6.843397742241649, -13.066339013844871]",converged,False,,0.9896831512451172,1.5320000000000011,1.6000000000000012,5.931999999999569,6.931999999999459,1,1,1.633333333333335,False,209,"[{""time_s"": 0.0, ""phase"": ""waiting""}, {""time_s"": 0.20000000000000015, ""phase"": ""returning""}, {""time_s"": 1.5320000000000011, ""phase"": ""confirming""}, {""time_s"": 1.6000000000000012, ""phase"": ""running""}, {""time_s"": 5.931999999999569, ""phase"": ""converged""}, {""time_s"": 5.965999999999565, ""phase"": ""post_stop""}]"
175,medium,"[6.5494055444591766, 1.4499648336523023, 3.1438996472095386, 4.280991308935349, 6.874009896024043, 7.164363116931273]",converged,False,,0.9942867159843445,0.5320000000000004,0.6000000000000004,4.999999999999671,5.999999999999561,1,1,0.6333333333333333,False,181,"[{""time_s"": 0.0, ""phase"": ""waiting""}, {""time_s"": 0.20000000000000015, ""phase"": ""returning""}, {""time_s"": 0.5320000000000004, ""phase"": ""confirming""}, {""time_s"": 0.6000000000000004, ""phase"": ""running""}, {""time_s"": 4.999999999999671, ""phase"": ""converged""}, {""time_s"": 5.031999999999668, ""phase"": ""post_stop""}]"
176,medium,"[-4.388391922484114, 6.771804294819864, 1.9753565401818172, -10.050944574849844, -0.8992611423869974, 2.2138243573061516]",converged,False,,0.9810592532157898,0.5000000000000003,0.5660000000000004,4.799999999999693,5.799999999999583,1,1,0.6,False,175,"[{""time_s"": 0.0, ""phase"": ""waiting""}, {""time_s"": 0.20000000000000015, ""phase"": ""returning""}, {""time_s"": 0.5000000000000003, ""phase"": ""confirming""}, {""time_s"": 0.5660000000000004, ""phase"": ""running""}, {""time_s"": 4.799999999999693, ""phase"": ""converged""}, {""time_s"": 4.83199999999969, ""phase"": ""post_stop""}]"
177,small,"[1.0562434380520562, 1.4933322699738358, 3.305510914398644, 1.3297072911162475, -2.392604963393902, 0.6914687667988098]",converged,True,59.26686477661133,0.9815810322761536,0.0,,3.765999999999807,4.765999999999697,0,0,0.0,False,144,"[{""time_s"": 0.0, ""phase"": ""running""}, {""time_s"": 3.765999999999807, ""phase"": ""converged""}, {""time_s"": 3.799999999999803, ""phase"": ""post_stop""}]"
178,medium,"[-2.3070194294079087, -3.1538528508351718, -0.7323251649009741, -3.2561292641221478, -0.08380221289209366, -10.741187299901622]",converged,True,94.76280212402344,0.9852165579795837,0.0,,4.2999999999997485,5.299999999999638,0,0,0.0,False,160,"[{""time_s"": 0.0, ""phase"": ""running""}, {""time_s"": 4.2999999999997485, ""phase"": ""converged""}, {""time_s"": 4.331999999999745, ""phase"": ""post_stop""}]"
179,large,"[1.1040379754779401, 3.1214729861116837, 13.181914317892549, -28.379963767791484, 14.019292524432316, -28.523667038054533]",converged,False,,0.9731643199920654,1.5320000000000011,1.6000000000000012,6.599999999999495,7.599999999999385,1,1,1.633333333333335,False,229,"[{""time_s"": 0.0, ""phase"": ""waiting""}, {""time_s"": 0.20000000000000015, ""phase"": ""returning""}, {""time_s"": 1.5320000000000011, ""phase"": ""confirming""}, {""time_s"": 1.6000000000000012, ""phase"": ""running""}, {""time_s"": 6.599999999999495, ""phase"": ""converged""}, {""time_s"": 6.631999999999492, ""phase"": ""post_stop""}]"
180,small,"[-0.8116470141896799, 0.7421701487775283, 1.7372137198047977, 2.2666268531893223, 2.4345608400215886, 3.2716326785324332]",converged,True,82.67066955566406,0.9934746026992798,0.0,,4.231999999999756,5.231999999999646,0,0,0.0,False,158,"[{""time_s"": 0.0, ""phase"": ""running""}, {""time_s"": 4.231999999999756, ""phase"": ""converged""}, {""time_s"": 4.265999999999752, ""phase"": ""post_stop""}]"
181,small,"[2.6025139872914096, -2.434248963252106, 3.5528698289736234, -0.8241152620446233, -2.700716980968761, 0.5355809804299918]",converged,True,65.01028442382812,0.9929360151290894,0.0,,3.999999999999781,4.999999999999671,0,0,0.0,False,151,"[{""time_s"": 0.0, ""phase"": ""running""}, {""time_s"": 3.999999999999781, ""phase"": ""converged""}, {""time_s"": 4.031999999999778, ""phase"": ""post_stop""}]"
182,medium,"[-4.992727341724558, 3.22067047732002, -1.6680969101827987, -7.658145489447752, -5.478068766598517, -5.183510062313693]",converged,True,58.3629150390625,0.9898604154586792,0.0,,3.899999999999792,4.899999999999682,0,0,0.0,False,148,"[{""time_s"": 0.0, ""phase"": ""running""}, {""time_s"": 3.899999999999792, ""phase"": ""converged""}, {""time_s"": 3.9319999999997886, ""phase"": ""post_stop""}]"
183,small,"[0.9435768353674865, -1.0781377815672426, 0.15553990134730444, 2.025187138151904, 2.7066526733823633, 3.839586786691939]",converged,True,21.160295486450195,0.9435598850250244,0.0,,3.2319999999998656,4.231999999999756,0,0,0.0,False,128,"[{""time_s"": 0.0, ""phase"": ""running""}, {""time_s"": 3.2319999999998656, ""phase"": ""converged""}, {""time_s"": 3.265999999999862, ""phase"": ""post_stop""}]"
184,medium,"[-3.689919875972688, 2.2041821850036634, 2.497969979047234, 4.941738203127066, -3.2283528042578347, -10.135335736762613]",converged,True,130.3380584716797,0.9667946696281433,0.0,,4.631999999999712,5.631999999999602,0,0,0.0,False,170,"[{""time_s"": 0.0, ""phase"": ""running""}, {""time_s"": 4.631999999999712, ""phase"": ""converged""}, {""time_s"": 4.665999999999708, ""phase"": ""post_stop""}]"
185,medium,"[5.253249661090971, -7.180581519488339, -2.1510926783828133, -9.485662686030413, -7.399648111704897, -8.458846498290253]",converged,False,,0.9534628391265869,0.8320000000000006,0.9000000000000007,5.365999999999631,6.365999999999521,1,1,0.9333333333333332,False,192,"[{""time_s"": 0.0, ""phase"": ""waiting""}, {""time_s"": 0.20000000000000015, ""phase"": ""returning""}, {""time_s"": 0.8320000000000006, ""phase"": ""confirming""}, {""time_s"": 0.9000000000000007, ""phase"": ""running""}, {""time_s"": 5.365999999999631, ""phase"": ""converged""}, {""time_s"": 5.399999999999627, ""phase"": ""post_stop""}]"
186,medium,"[-3.232886562751345, -7.748451295812071, 6.0734778366231446, 2.2193874328081726, 7.717518694992414, 9.347976534644534]",converged,True,93.1452865600586,0.9909483790397644,0.0,,4.365999999999741,5.365999999999631,0,0,0.0,False,162,"[{""time_s"": 0.0, ""phase"": ""running""}, {""time_s"": 4.365999999999741, ""phase"": ""converged""}, {""time_s"": 4.3999999999997375, ""phase"": ""post_stop""}]"
187,small,"[-1.5097687497081573, 1.6052475927805725, -3.4469656316090376, -0.5874546432191883, 0.26936970567994845, -1.2802176637151321]",converged,True,36.443275451660156,0.9451825618743896,0.0,,3.565999999999829,4.565999999999719,0,0,0.0,False,138,"[{""time_s"": 0.0, ""phase"": ""running""}, {""time_s"": 3.565999999999829, ""phase"": ""converged""}, {""time_s"": 3.599999999999825, ""phase"": ""post_stop""}]"
188,small,"[1.9544151154273317, 2.8427674743993743, 2.476936680562739, 1.389994177913521, -2.857771945858908, 1.2258079474170183]",converged,True,73.7258529663086,0.9774169325828552,0.0,,3.9319999999997886,4.931999999999679,0,0,0.0,False,149,"[{""time_s"": 0.0, ""phase"": ""running""}, {""time_s"": 3.9319999999997886, ""phase"": ""converged""}, {""time_s"": 3.965999999999785, ""phase"": ""post_stop""}]"
189,medium,"[-4.270627009435204, -3.4585621228840147, 0.271707957698446, 1.896669637300505, -4.33449853949098, -11.34209846723337]",converged,False,,0.9544839262962341,0.2660000000000002,0.33200000000000024,5.09999999999966,6.09999999999955,1,1,0.36666666666666664,False,184,"[{""time_s"": 0.0, ""phase"": ""waiting""}, {""time_s"": 0.20000000000000015, ""phase"": ""returning""}, {""time_s"": 0.2660000000000002, ""phase"": ""confirming""}, {""time_s"": 0.33200000000000024, ""phase"": ""running""}, {""time_s"": 5.09999999999966, ""phase"": ""converged""}, {""time_s"": 5.131999999999657, ""phase"": ""post_stop""}]"
190,medium,"[-7.26107358865038, -5.636782029801314, 1.4335141074259745, 10.916991584512736, -5.154887826164323, 11.471857586780885]",converged,False,,0.9661504030227661,0.7000000000000005,0.7660000000000006,5.399999999999627,6.399999999999517,1,1,0.7999999999999999,False,193,"[{""time_s"": 0.0, ""phase"": ""waiting""}, {""time_s"": 0.20000000000000015, ""phase"": ""returning""}, {""time_s"": 0.7000000000000005, ""phase"": ""confirming""}, {""time_s"": 0.7660000000000006, ""phase"": ""running""}, {""time_s"": 5.399999999999627, ""phase"": ""converged""}, {""time_s"": 5.431999999999624, ""phase"": ""post_stop""}]"
191,large,"[-17.625163566596243, -13.819145798411416, 24.356405139294274, 0.4918046152952513, -14.839550123879905, -22.69719719512493]",converged,False,,0.9686552882194519,1.8000000000000014,1.8660000000000014,6.265999999999532,7.265999999999422,1,1,1.9000000000000026,False,219,"[{""time_s"": 0.0, ""phase"": ""waiting""}, {""time_s"": 0.20000000000000015, ""phase"": ""returning""}, {""time_s"": 1.8000000000000014, ""phase"": ""confirming""}, {""time_s"": 1.8660000000000014, ""phase"": ""running""}, {""time_s"": 6.265999999999532, ""phase"": ""converged""}, {""time_s"": 6.299999999999528, ""phase"": ""post_stop""}]"
192,large,"[6.92502637330611, -11.222226261052239, -21.193857349725846, 28.67553633140149, -3.9680431725646788, -24.36416410946306]",converged,False,,0.982469379901886,1.8660000000000014,1.9320000000000015,6.599999999999495,7.599999999999385,1,1,1.9666666666666694,False,229,"[{""time_s"": 0.0, ""phase"": ""waiting""}, {""time_s"": 0.20000000000000015, ""phase"": ""returning""}, {""time_s"": 1.8660000000000014, ""phase"": ""confirming""}, {""time_s"": 1.9320000000000015, ""phase"": ""running""}, {""time_s"": 6.599999999999495, ""phase"": ""converged""}, {""time_s"": 6.631999999999492, ""phase"": ""post_stop""}]"
193,small,"[-2.2417896913136617, -0.7435698393199663, -1.5150004406142248, -1.5568194534486466, -2.5415972627845997, 2.8436650834263695]",converged,True,81.20144653320312,0.9719951152801514,0.0,,4.265999999999752,5.265999999999642,0,0,0.0,False,159,"[{""time_s"": 0.0, ""phase"": ""running""}, {""time_s"": 4.265999999999752, ""phase"": ""converged""}, {""time_s"": 4.2999999999997485, ""phase"": ""post_stop""}]"
194,medium,"[-7.912970347351887, -5.828369692670947, -5.553880377025175, 11.263318764717908, 3.347068394065923, -10.497460710366934]",converged,False,,0.9694562554359436,0.5660000000000004,0.6320000000000005,5.565999999999609,6.565999999999499,1,1,0.6666666666666666,False,198,"[{""time_s"": 0.0, ""phase"": ""waiting""}, {""time_s"": 0.20000000000000015, ""phase"": ""returning""}, {""time_s"": 0.5660000000000004, ""phase"": ""confirming""}, {""time_s"": 0.6320000000000005, ""phase"": ""running""}, {""time_s"": 5.565999999999609, ""phase"": ""converged""}, {""time_s"": 5.599999999999605, ""phase"": ""post_stop""}]"
195,small,"[1.1048669514814549, 2.8444208423591864, -1.6036218225986936, 3.566602200478698, -1.721636155654061, -0.6216124458655967]",converged,True,16.48666763305664,0.9861186146736145,0.0,,2.7319999999999207,3.7319999999998106,0,0,0.0,False,113,"[{""time_s"": 0.0, ""phase"": ""running""}, {""time_s"": 2.7319999999999207, ""phase"": ""converged""}, {""time_s"": 2.765999999999917, ""phase"": ""post_stop""}]"
196,large,"[-15.174975904623516, -3.757400287491846, -13.549111109919675, 11.403241868041086, 17.40124199887434, -6.065769127421877]",converged,False,,0.9814519882202148,1.1000000000000008,1.1660000000000008,5.965999999999565,6.965999999999455,1,1,1.2000000000000004,False,210,"[{""time_s"": 0.0, ""phase"": ""waiting""}, {""time_s"": 0.20000000000000015, ""phase"": ""returning""}, {""time_s"": 1.1000000000000008, ""phase"": ""confirming""}, {""time_s"": 1.1660000000000008, ""phase"": ""running""}, {""time_s"": 5.965999999999565, ""phase"": ""converged""}, {""time_s"": 5.999999999999561, ""phase"": ""post_stop""}]"
197,large,"[-11.076316705575596, 1.9753472586562637, 21.484977708900317, 17.673203522339314, 14.42202591971386, -10.400262985932326]",converged,False,,0.9952247142791748,1.8000000000000014,1.8660000000000014,6.265999999999532,7.265999999999422,1,1,1.9000000000000026,False,219,"[{""time_s"": 0.0, ""phase"": ""waiting""}, {""time_s"": 0.20000000000000015, ""phase"": ""returning""}, {""time_s"": 1.8000000000000014, ""phase"": ""confirming""}, {""time_s"": 1.8660000000000014, ""phase"": ""running""}, {""time_s"": 6.265999999999532, ""phase"": ""converged""}, {""time_s"": 6.299999999999528, ""phase"": ""post_stop""}]"
198,medium,"[-4.680736665684401, -0.13231616698092274, 8.354874430244777, 7.614360084742181, 1.1213940388523884, -7.729822161826627]",converged,False,,0.97402024269104,0.5000000000000003,0.5660000000000004,5.231999999999646,6.231999999999536,1,1,0.6,False,188,"[{""time_s"": 0.0, ""phase"": ""waiting""}, {""time_s"": 0.20000000000000015, ""phase"": ""returning""}, {""time_s"": 0.5000000000000003, ""phase"": ""confirming""}, {""time_s"": 0.5660000000000004, ""phase"": ""running""}, {""time_s"": 5.231999999999646, ""phase"": ""converged""}, {""time_s"": 5.265999999999642, ""phase"": ""post_stop""}]"
199,large,"[13.840485845610967, 14.065420890265585, 0.892964219049837, -3.187825829241614, 12.919804195473898, -21.355609953155064]",converged,False,,0.9806331992149353,1.332000000000001,1.400000000000001,5.965999999999565,6.965999999999455,1,1,1.4333333333333345,False,210,"[{""time_s"": 0.0, ""phase"": ""waiting""}, {""time_s"": 0.20000000000000015, ""phase"": ""returning""}, {""time_s"": 1.332000000000001, ""phase"": ""confirming""}, {""time_s"": 1.400000000000001, ""phase"": ""running""}, {""time_s"": 5.965999999999565, ""phase"": ""converged""}, {""time_s"": 5.999999999999561, ""phase"": ""post_stop""}]"
200,large,"[0.8037607953683583, 0.68244207256528, -14.088721861658977, 3.7318963414766912, -17.491056452345358, -27.060723699862887]",converged,False,,0.9849092960357666,1.5660000000000012,1.6320000000000012,5.965999999999565,6.965999999999455,1,1,1.6666666666666685,False,210,"[{""time_s"": 0.0, ""phase"": ""waiting""}, {""time_s"": 0.20000000000000015, ""phase"": ""returning""}, {""time_s"": 1.5660000000000012, ""phase"": ""confirming""}, {""time_s"": 1.6320000000000012, ""phase"": ""running""}, {""time_s"": 5.965999999999565, ""phase"": ""converged""}, {""time_s"": 5.999999999999561, ""phase"": ""post_stop""}]"
