timestamp, name, pstate, temperature.gpu, utilization.gpu [%], utilization.memory [%], clocks.current.sm [MHz], clocks.current.memory [MHz], power.draw [W], power.limit [W], enforced.power.limit [W], clocks_event_reasons.active, clocks_event_reasons.gpu_idle, clocks_event_reasons.sw_power_cap, clocks_event_reasons.sw_thermal_slowdown, clocks_event_reasons.hw_thermal_slowdown, clocks_event_reasons.hw_power_brake_slowdown
2026/09/23 14:51:58.400, NVIDIA GeForce RTX 3050 6GB Laptop GPU, P0, 46, 35, 6, 990, 5500, 13.47, [N/A], 45.00, 0x0000000000000000, Not Active, Not Active, Not Active, Not Active, Not Active
2026/09/23 14:51:58.664, NVIDIA GeForce RTX 3050 6GB Laptop GPU, P0, 46, 35, 6, 990, 5500, 14.38, [N/A], 45.00, 0x0000000000000000, Not Active, Not Active, Not Active, Not Active, Not Active
2026/09/23 14:51:58.916, NVIDIA GeForce RTX 3050 6GB Laptop GPU, P0, 47, 35, 6, 990, 5500, 14.90, [N/A], 45.00, 0x0000000000000000, Not Active, Not Active, Not Active, Not Active, Not Active
2026/09/23 14:51:59.167, NVIDIA GeForce RTX 3050 6GB Laptop GPU, P0, 47, 35, 6, 990, 5500, 15.91, [N/A], 45.00, 0x0000000000000000, Not Active, Not Active, Not Active, Not Active, Not Active
2026/09/23 14:51:59.424, NVIDIA GeForce RTX 3050 6GB Laptop GPU, P0, 47, 26, 11, 990, 5500, 16.58, [N/A], 44.41, 0x0000000000000000, Not Active, Not Active, Not Active, Not Active, Not Active
2026/09/23 14:51:59.679, NVIDIA GeForce RTX 3050 6GB Laptop GPU, P0, 47, 26, 11, 990, 5500, 16.18, [N/A], 44.41, 0x0000000000000000, Not Active, Not Active, Not Active, Not Active, Not Active
2026/09/23 14:51:59.930, NVIDIA GeForce RTX 3050 6GB Laptop GPU, P0, 47, 26, 11, 990, 5500, 14.22, [N/A], 43.81, 0x0000000000000000, Not Active, Not Active, Not Active, Not Active, Not Active
2026/09/23 14:52:00.186, NVIDIA GeForce RTX 3050 6GB Laptop GPU, P0, 47, 26, 11, 990, 5500, 15.68, [N/A], 43.81, 0x0000000000000000, Not Active, Not Active, Not Active, Not Active, Not Active
2026/09/23 14:52:00.438, NVIDIA GeForce RTX 3050 6GB Laptop GPU, P0, 47, 23, 10, 990, 5500, 15.48, [N/A], 43.45, 0x0000000000000000, Not Active, Not Active, Not Active, Not Active, Not Active
2026/09/23 14:52:00.700, NVIDIA GeForce RTX 3050 6GB Laptop GPU, P0, 47, 23, 10, 990, 5500, 15.40, [N/A], 43.21, 0x0000000000000000, Not Active, Not Active, Not Active, Not Active, Not Active
2026/09/23 14:52:00.961, NVIDIA GeForce RTX 3050 6GB Laptop GPU, P0, 47, 23, 10, 990, 5500, 15.66, [N/A], 43.21, 0x0000000000000000, Not Active, Not Active, Not Active, Not Active, Not Active
2026/09/23 14:52:01.214, NVIDIA GeForce RTX 3050 6GB Laptop GPU, P0, 47, 30, 14, 990, 5500, 15.74, [N/A], 43.21, 0x0000000000000000, Not Active, Not Active, Not Active, Not Active, Not Active
2026/09/23 14:52:01.468, NVIDIA GeForce RTX 3050 6GB Laptop GPU, P0, 47, 30, 14, 990, 5500, 15.72, [N/A], 43.21, 0x0000000000000000, Not Active, Not Active, Not Active, Not Active, Not Active
2026/09/23 14:52:01.727, NVIDIA GeForce RTX 3050 6GB Laptop GPU, P0, 47, 30, 14, 990, 5500, 14.85, [N/A], 43.21, 0x0000000000000000, Not Active, Not Active, Not Active, Not Active, Not Active
2026/09/23 14:52:01.980, NVIDIA GeForce RTX 3050 6GB Laptop GPU, P0, 47, 30, 14, 990, 5500, 12.39, [N/A], 43.21, 0x0000000000000000, Not Active, Not Active, Not Active, Not Active, Not Active
2026/09/23 14:52:02.234, NVIDIA GeForce RTX 3050 6GB Laptop GPU, P0, 47, 0, 0, 990, 5500, 12.40, [N/A], 44.92, 0x0000000000000000, Not Active, Not Active, Not Active, Not Active, Not Active
2026/09/23 14:52:02.490, NVIDIA GeForce RTX 3050 6GB Laptop GPU, P0, 47, 0, 0, 990, 5500, 12.40, [N/A], 44.92, 0x0000000000000000, Not Active, Not Active, Not Active, Not Active, Not Active
2026/09/23 14:52:02.742, NVIDIA GeForce RTX 3050 6GB Laptop GPU, P0, 47, 0, 0, 990, 5500, 13.58, [N/A], 44.92, 0x0000000000000000, Not Active, Not Active, Not Active, Not Active, Not Active
2026/09/23 14:52:02.997, NVIDIA GeForce RTX 3050 6GB Laptop GPU, P0, 47, 0, 0, 990, 5500, 14.32, [N/A], 44.92, 0x0000000000000000, Not Active, Not Active, Not Active, Not Active, Not Active
2026/09/23 14:52:03.249, NVIDIA GeForce RTX 3050 6GB Laptop GPU, P0, 48, 34, 15, 892, 5500, 15.07, [N/A], 44.92, 0x0000000000000001, Active, Not Active, Not Active, Not Active, Not Active
2026/09/23 14:52:03.503, NVIDIA GeForce RTX 3050 6GB Laptop GPU, P0, 48, 34, 15, 892, 5500, 15.75, [N/A], 44.92, 0x0000000000000001, Active, Not Active, Not Active, Not Active, Not Active
2026/09/23 14:52:03.757, NVIDIA GeForce RTX 3050 6GB Laptop GPU, P3, 47, 34, 15, 870, 5000, 15.72, [N/A], 44.17, 0x0000000000000001, Active, Not Active, Not Active, Not Active, Not Active
2026/09/23 14:52:04.012, NVIDIA GeForce RTX 3050 6GB Laptop GPU, P3, 47, 34, 15, 870, 5000, 14.87, [N/A], 44.17, 0x0000000000000001, Active, Not Active, Not Active, Not Active, Not Active
2026/09/23 14:52:04.267, NVIDIA GeForce RTX 3050 6GB Laptop GPU, P3, 47, 27, 11, 817, 5000, 14.72, [N/A], 44.17, 0x0000000000000001, Active, Not Active, Not Active, Not Active, Not Active
2026/09/23 14:52:04.520, NVIDIA GeForce RTX 3050 6GB Laptop GPU, P3, 47, 27, 11, 817, 5000, 14.69, [N/A], 44.17, 0x0000000000000001, Active, Not Active, Not Active, Not Active, Not Active
2026/09/23 14:52:04.773, NVIDIA GeForce RTX 3050 6GB Laptop GPU, P3, 47, 27, 11, 750, 5000, 14.50, [N/A], 43.85, 0x0000000000000001, Active, Not Active, Not Active, Not Active, Not Active
2026/09/23 14:52:05.028, NVIDIA GeForce RTX 3050 6GB Laptop GPU, P3, 47, 27, 11, 750, 5000, 14.49, [N/A], 43.85, 0x0000000000000001, Active, Not Active, Not Active, Not Active, Not Active
2026/09/23 14:52:05.289, NVIDIA GeForce RTX 3050 6GB Laptop GPU, P3, 47, 29, 11, 712, 5000, 14.57, [N/A], 43.85, 0x0000000000000001, Active, Not Active, Not Active, Not Active, Not Active
2026/09/23 14:52:05.542, NVIDIA GeForce RTX 3050 6GB Laptop GPU, P3, 47, 29, 11, 712, 5000, 14.76, [N/A], 43.85, 0x0000000000000001, Active, Not Active, Not Active, Not Active, Not Active
2026/09/23 14:52:05.803, NVIDIA GeForce RTX 3050 6GB Laptop GPU, P3, 47, 29, 11, 667, 5000, 14.23, [N/A], 43.85, 0x0000000000000001, Active, Not Active, Not Active, Not Active, Not Active
2026/09/23 14:52:06.058, NVIDIA GeForce RTX 3050 6GB Laptop GPU, P3, 47, 29, 11, 667, 5000, 11.75, [N/A], 43.85, 0x0000000000000001, Active, Not Active, Not Active, Not Active, Not Active
2026/09/23 14:52:06.323, NVIDIA GeForce RTX 3050 6GB Laptop GPU, P3, 47, 0, 0, 555, 5000, 11.73, [N/A], 44.87, 0x0000000000000001, Active, Not Active, Not Active, Not Active, Not Active
2026/09/23 14:52:06.581, NVIDIA GeForce RTX 3050 6GB Laptop GPU, P3, 47, 0, 0, 555, 5000, 11.73, [N/A], 44.87, 0x0000000000000001, Active, Not Active, Not Active, Not Active, Not Active
2026/09/23 14:52:06.842, NVIDIA GeForce RTX 3050 6GB Laptop GPU, P3, 47, 0, 0, 420, 5000, 15.54, [N/A], 44.87, 0x0000000000000001, Active, Not Active, Not Active, Not Active, Not Active
2026/09/23 14:52:07.094, NVIDIA GeForce RTX 3050 6GB Laptop GPU, P3, 47, 0, 0, 420, 5000, 15.83, [N/A], 44.87, 0x0000000000000001, Active, Not Active, Not Active, Not Active, Not Active
2026/09/23 14:52:07.347, NVIDIA GeForce RTX 3050 6GB Laptop GPU, P3, 48, 54, 17, 735, 5000, 15.93, [N/A], 45.00, 0x0000000000000001, Active, Not Active, Not Active, Not Active, Not Active
2026/09/23 14:52:07.602, NVIDIA GeForce RTX 3050 6GB Laptop GPU, P3, 48, 54, 17, 735, 5000, 16.15, [N/A], 45.00, 0x0000000000000001, Active, Not Active, Not Active, Not Active, Not Active
2026/09/23 14:52:07.862, NVIDIA GeForce RTX 3050 6GB Laptop GPU, P3, 48, 54, 17, 862, 5000, 16.02, [N/A], 45.00, 0x0000000000000001, Active, Not Active, Not Active, Not Active, Not Active
2026/09/23 14:52:08.113, NVIDIA GeForce RTX 3050 6GB Laptop GPU, P3, 48, 54, 17, 862, 5000, 15.90, [N/A], 45.00, 0x0000000000000001, Active, Not Active, Not Active, Not Active, Not Active
2026/09/23 14:52:08.367, NVIDIA GeForce RTX 3050 6GB Laptop GPU, P3, 48, 29, 12, 862, 5000, 15.60, [N/A], 45.00, 0x0000000000000001, Active, Not Active, Not Active, Not Active, Not Active
2026/09/23 14:52:08.622, NVIDIA GeForce RTX 3050 6GB Laptop GPU, P3, 48, 29, 12, 862, 5000, 15.10, [N/A], 45.00, 0x0000000000000001, Active, Not Active, Not Active, Not Active, Not Active
2026/09/23 14:52:08.880, NVIDIA GeForce RTX 3050 6GB Laptop GPU, P3, 48, 29, 12, 862, 5000, 14.75, [N/A], 44.57, 0x0000000000000001, Active, Not Active, Not Active, Not Active, Not Active
2026/09/23 14:52:09.131, NVIDIA GeForce RTX 3050 6GB Laptop GPU, P3, 48, 29, 12, 862, 5000, 14.97, [N/A], 44.57, 0x0000000000000001, Active, Not Active, Not Active, Not Active, Not Active
2026/09/23 14:52:09.383, NVIDIA GeForce RTX 3050 6GB Laptop GPU, P3, 48, 30, 12, 862, 5000, 14.75, [N/A], 44.24, 0x0000000000000001, Active, Not Active, Not Active, Not Active, Not Active
2026/09/23 14:52:09.636, NVIDIA GeForce RTX 3050 6GB Laptop GPU, P3, 48, 30, 12, 862, 5000, 14.61, [N/A], 44.24, 0x0000000000000001, Active, Not Active, Not Active, Not Active, Not Active
2026/09/23 14:52:09.892, NVIDIA GeForce RTX 3050 6GB Laptop GPU, P3, 48, 30, 12, 652, 5000, 13.91, [N/A], 44.24, 0x0000000000000001, Active, Not Active, Not Active, Not Active, Not Active
2026/09/23 14:52:10.148, NVIDIA GeForce RTX 3050 6GB Laptop GPU, P3, 48, 30, 12, 652, 5000, 11.77, [N/A], 44.24, 0x0000000000000001, Active, Not Active, Not Active, Not Active, Not Active
2026/09/23 14:52:10.404, NVIDIA GeForce RTX 3050 6GB Laptop GPU, P3, 48, 0, 0, 540, 5000, 11.74, [N/A], 45.00, 0x0000000000000001, Active, Not Active, Not Active, Not Active, Not Active
2026/09/23 14:52:10.657, NVIDIA GeForce RTX 3050 6GB Laptop GPU, P3, 48, 0, 0, 540, 5000, 11.73, [N/A], 45.00, 0x0000000000000001, Active, Not Active, Not Active, Not Active, Not Active
2026/09/23 14:52:10.911, NVIDIA GeForce RTX 3050 6GB Laptop GPU, P3, 48, 0, 0, 412, 5000, 12.31, [N/A], 45.00, 0x0000000000000001, Active, Not Active, Not Active, Not Active, Not Active
2026/09/23 14:52:11.165, NVIDIA GeForce RTX 3050 6GB Laptop GPU, P3, 48, 0, 0, 412, 5000, 13.23, [N/A], 45.00, 0x0000000000000001, Active, Not Active, Not Active, Not Active, Not Active
2026/09/23 14:52:11.417, NVIDIA GeForce RTX 3050 6GB Laptop GPU, P3, 48, 54, 13, 547, 5000, 13.79, [N/A], 45.00, 0x0000000000000001, Active, Not Active, Not Active, Not Active, Not Active
2026/09/23 14:52:11.678, NVIDIA GeForce RTX 3050 6GB Laptop GPU, P3, 48, 54, 13, 547, 5000, 14.91, [N/A], 45.00, 0x0000000000000001, Active, Not Active, Not Active, Not Active, Not Active
2026/09/23 14:52:11.938, NVIDIA GeForce RTX 3050 6GB Laptop GPU, P3, 48, 54, 13, 810, 5000, 15.62, [N/A], 45.00, 0x0000000000000001, Active, Not Active, Not Active, Not Active, Not Active
2026/09/23 14:52:12.192, NVIDIA GeForce RTX 3050 6GB Laptop GPU, P3, 48, 26, 11, 825, 5000, 15.55, [N/A], 45.00, 0x0000000000000001, Active, Not Active, Not Active, Not Active, Not Active
2026/09/23 14:52:12.445, NVIDIA GeForce RTX 3050 6GB Laptop GPU, P3, 48, 26, 11, 825, 5000, 13.06, [N/A], 45.00, 0x0000000000000001, Active, Not Active, Not Active, Not Active, Not Active
2026/09/23 14:52:12.698, NVIDIA GeForce RTX 3050 6GB Laptop GPU, P3, 48, 26, 11, 825, 5000, 14.56, [N/A], 44.63, 0x0000000000000001, Active, Not Active, Not Active, Not Active, Not Active
2026/09/23 14:52:12.959, NVIDIA GeForce RTX 3050 6GB Laptop GPU, P3, 48, 26, 11, 825, 5000, 14.66, [N/A], 44.63, 0x0000000000000001, Active, Not Active, Not Active, Not Active, Not Active
2026/09/23 14:52:13.212, NVIDIA GeForce RTX 3050 6GB Laptop GPU, P3, 48, 26, 11, 825, 5000, 15.43, [N/A], 44.34, 0x0000000000000001, Active, Not Active, Not Active, Not Active, Not Active
2026/09/23 14:52:13.465, NVIDIA GeForce RTX 3050 6GB Laptop GPU, P3, 48, 26, 11, 825, 5000, 15.10, [N/A], 44.34, 0x0000000000000001, Active, Not Active, Not Active, Not Active, Not Active
2026/09/23 14:52:13.726, NVIDIA GeForce RTX 3050 6GB Laptop GPU, P3, 48, 26, 11, 690, 5000, 14.37, [N/A], 44.34, 0x0000000000000001, Active, Not Active, Not Active, Not Active, Not Active
2026/09/23 14:52:13.980, NVIDIA GeForce RTX 3050 6GB Laptop GPU, P3, 48, 26, 11, 690, 5000, 11.83, [N/A], 44.34, 0x0000000000000001, Active, Not Active, Not Active, Not Active, Not Active
2026/09/23 14:52:14.236, NVIDIA GeForce RTX 3050 6GB Laptop GPU, P3, 48, 0, 0, 592, 5000, 11.78, [N/A], 45.00, 0x0000000000000001, Active, Not Active, Not Active, Not Active, Not Active
2026/09/23 14:52:14.492, NVIDIA GeForce RTX 3050 6GB Laptop GPU, P3, 48, 0, 0, 592, 5000, 11.77, [N/A], 45.00, 0x0000000000000001, Active, Not Active, Not Active, Not Active, Not Active
2026/09/23 14:52:14.751, NVIDIA GeForce RTX 3050 6GB Laptop GPU, P3, 48, 0, 0, 450, 5000, 11.76, [N/A], 45.00, 0x0000000000000001, Active, Not Active, Not Active, Not Active, Not Active
2026/09/23 14:52:15.010, NVIDIA GeForce RTX 3050 6GB Laptop GPU, P3, 48, 0, 0, 450, 5000, 12.09, [N/A], 45.00, 0x0000000000000001, Active, Not Active, Not Active, Not Active, Not Active
2026/09/23 14:52:15.265, NVIDIA GeForce RTX 3050 6GB Laptop GPU, P3, 48, 52, 15, 540, 5000, 13.10, [N/A], 45.00, 0x0000000000000001, Active, Not Active, Not Active, Not Active, Not Active
2026/09/23 14:52:15.518, NVIDIA GeForce RTX 3050 6GB Laptop GPU, P3, 48, 52, 15, 540, 5000, 13.85, [N/A], 45.00, 0x0000000000000001, Active, Not Active, Not Active, Not Active, Not Active
2026/09/23 14:52:15.772, NVIDIA GeForce RTX 3050 6GB Laptop GPU, P0, 48, 52, 15, 885, 5500, 15.17, [N/A], 45.00, 0x0000000000000001, Active, Not Active, Not Active, Not Active, Not Active
2026/09/23 14:52:16.030, NVIDIA GeForce RTX 3050 6GB Laptop GPU, P0, 48, 52, 15, 885, 5500, 16.05, [N/A], 45.00, 0x0000000000000001, Active, Not Active, Not Active, Not Active, Not Active
2026/09/23 14:52:16.281, NVIDIA GeForce RTX 3050 6GB Laptop GPU, P0, 49, 29, 13, 885, 5500, 16.00, [N/A], 45.00, 0x0000000000000001, Active, Not Active, Not Active, Not Active, Not Active
2026/09/23 14:52:16.534, NVIDIA GeForce RTX 3050 6GB Laptop GPU, P0, 49, 29, 13, 885, 5500, 15.33, [N/A], 45.00, 0x0000000000000001, Active, Not Active, Not Active, Not Active, Not Active
2026/09/23 14:52:16.787, NVIDIA GeForce RTX 3050 6GB Laptop GPU, P0, 48, 29, 13, 885, 5500, 15.40, [N/A], 44.57, 0x0000000000000001, Active, Not Active, Not Active, Not Active, Not Active
2026/09/23 14:52:17.049, NVIDIA GeForce RTX 3050 6GB Laptop GPU, P0, 48, 29, 13, 885, 5500, 15.23, [N/A], 44.57, 0x0000000000000001, Active, Not Active, Not Active, Not Active, Not Active
2026/09/23 14:52:17.301, NVIDIA GeForce RTX 3050 6GB Laptop GPU, P0, 48, 24, 10, 885, 5500, 15.24, [N/A], 44.30, 0x0000000000000001, Active, Not Active, Not Active, Not Active, Not Active
2026/09/23 14:52:17.556, NVIDIA GeForce RTX 3050 6GB Laptop GPU, P0, 48, 24, 10, 885, 5500, 15.00, [N/A], 44.30, 0x0000000000000001, Active, Not Active, Not Active, Not Active, Not Active
2026/09/23 14:52:17.815, NVIDIA GeForce RTX 3050 6GB Laptop GPU, P3, 49, 24, 10, 660, 5000, 15.05, [N/A], 44.30, 0x0000000000000001, Active, Not Active, Not Active, Not Active, Not Active
2026/09/23 14:52:18.070, NVIDIA GeForce RTX 3050 6GB Laptop GPU, P3, 49, 24, 10, 660, 5000, 14.13, [N/A], 44.30, 0x0000000000000001, Active, Not Active, Not Active, Not Active, Not Active
2026/09/23 14:52:18.326, NVIDIA GeForce RTX 3050 6GB Laptop GPU, P3, 48, 0, 0, 585, 5000, 11.85, [N/A], 44.30, 0x0000000000000001, Active, Not Active, Not Active, Not Active, Not Active
2026/09/23 14:52:18.583, NVIDIA GeForce RTX 3050 6GB Laptop GPU, P3, 48, 0, 0, 585, 5000, 11.78, [N/A], 44.30, 0x0000000000000001, Active, Not Active, Not Active, Not Active, Not Active
2026/09/23 14:52:18.837, NVIDIA GeForce RTX 3050 6GB Laptop GPU, P3, 48, 0, 0, 442, 5000, 11.77, [N/A], 45.00, 0x0000000000000001, Active, Not Active, Not Active, Not Active, Not Active
2026/09/23 14:52:19.090, NVIDIA GeForce RTX 3050 6GB Laptop GPU, P3, 48, 0, 0, 442, 5000, 12.15, [N/A], 45.00, 0x0000000000000001, Active, Not Active, Not Active, Not Active, Not Active
2026/09/23 14:52:19.344, NVIDIA GeForce RTX 3050 6GB Laptop GPU, P3, 48, 60, 5, 52, 5000, 12.73, [N/A], 45.00, 0x0000000000000001, Active, Not Active, Not Active, Not Active, Not Active
2026/09/23 14:52:19.600, NVIDIA GeForce RTX 3050 6GB Laptop GPU, P3, 48, 60, 5, 52, 5000, 14.22, [N/A], 45.00, 0x0000000000000001, Active, Not Active, Not Active, Not Active, Not Active
2026/09/23 14:52:19.858, NVIDIA GeForce RTX 3050 6GB Laptop GPU, P0, 49, 60, 5, 247, 5500, 15.02, [N/A], 45.00, 0x0000000000000001, Active, Not Active, Not Active, Not Active, Not Active
2026/09/23 14:52:20.109, NVIDIA GeForce RTX 3050 6GB Laptop GPU, P0, 49, 60, 5, 247, 5500, 14.68, [N/A], 45.00, 0x0000000000000001, Active, Not Active, Not Active, Not Active, Not Active
2026/09/23 14:52:20.362, NVIDIA GeForce RTX 3050 6GB Laptop GPU, P0, 49, 90, 7, 247, 5500, 14.88, [N/A], 45.00, 0x0000000000000001, Active, Not Active, Not Active, Not Active, Not Active
2026/09/23 14:52:20.616, NVIDIA GeForce RTX 3050 6GB Laptop GPU, P0, 49, 90, 7, 247, 5500, 14.91, [N/A], 45.00, 0x0000000000000001, Active, Not Active, Not Active, Not Active, Not Active
2026/09/23 14:52:20.870, NVIDIA GeForce RTX 3050 6GB Laptop GPU, P0, 49, 90, 7, 247, 5500, 15.24, [N/A], 45.00, 0x0000000000000001, Active, Not Active, Not Active, Not Active, Not Active
2026/09/23 14:52:21.123, NVIDIA GeForce RTX 3050 6GB Laptop GPU, P0, 49, 90, 7, 247, 5500, 15.02, [N/A], 45.00, 0x0000000000000001, Active, Not Active, Not Active, Not Active, Not Active
2026/09/23 14:52:21.378, NVIDIA GeForce RTX 3050 6GB Laptop GPU, P0, 49, 77, 6, 247, 5500, 14.72, [N/A], 45.00, 0x0000000000000001, Active, Not Active, Not Active, Not Active, Not Active
2026/09/23 14:52:21.629, NVIDIA GeForce RTX 3050 6GB Laptop GPU, P0, 49, 77, 6, 247, 5500, 15.49, [N/A], 45.00, 0x0000000000000001, Active, Not Active, Not Active, Not Active, Not Active
2026/09/23 14:52:21.884, NVIDIA GeForce RTX 3050 6GB Laptop GPU, P3, 49, 77, 6, 99, 5000, 14.48, [N/A], 44.76, 0x0000000000000001, Active, Not Active, Not Active, Not Active, Not Active
2026/09/23 14:52:22.138, NVIDIA GeForce RTX 3050 6GB Laptop GPU, P3, 49, 77, 6, 99, 5000, 14.37, [N/A], 44.76, 0x0000000000000001, Active, Not Active, Not Active, Not Active, Not Active
2026/09/23 14:52:22.390, NVIDIA GeForce RTX 3050 6GB Laptop GPU, P3, 49, 48, 9, 75, 5000, 12.31, [N/A], 44.76, 0x0000000000000001, Active, Not Active, Not Active, Not Active, Not Active
2026/09/23 14:52:22.652, NVIDIA GeForce RTX 3050 6GB Laptop GPU, P3, 49, 48, 9, 75, 5000, 14.05, [N/A], 44.76, 0x0000000000000001, Active, Not Active, Not Active, Not Active, Not Active
2026/09/23 14:52:22.904, NVIDIA GeForce RTX 3050 6GB Laptop GPU, P3, 49, 48, 9, 52, 5000, 13.63, [N/A], 44.57, 0x0000000000000001, Active, Not Active, Not Active, Not Active, Not Active
2026/09/23 14:52:23.158, NVIDIA GeForce RTX 3050 6GB Laptop GPU, P3, 49, 48, 9, 52, 5000, 13.94, [N/A], 44.57, 0x0000000000000001, Active, Not Active, Not Active, Not Active, Not Active
2026/09/23 14:52:23.419, NVIDIA GeForce RTX 3050 6GB Laptop GPU, P3, 49, 55, 7, 82, 5000, 14.10, [N/A], 44.57, 0x0000000000000001, Active, Not Active, Not Active, Not Active, Not Active
2026/09/23 14:52:23.671, NVIDIA GeForce RTX 3050 6GB Laptop GPU, P3, 49, 55, 7, 82, 5000, 13.95, [N/A], 44.57, 0x0000000000000001, Active, Not Active, Not Active, Not Active, Not Active
2026/09/23 14:52:23.927, NVIDIA GeForce RTX 3050 6GB Laptop GPU, P0, 49, 55, 7, 247, 5500, 13.31, [N/A], 44.57, 0x0000000000000001, Active, Not Active, Not Active, Not Active, Not Active
2026/09/23 14:52:24.184, NVIDIA GeForce RTX 3050 6GB Laptop GPU, P0, 49, 55, 7, 247, 5500, 11.69, [N/A], 44.57, 0x0000000000000001, Active, Not Active, Not Active, Not Active, Not Active
2026/09/23 14:52:24.440, NVIDIA GeForce RTX 3050 6GB Laptop GPU, P3, 49, 47, 2, 52, 5000, 11.63, [N/A], 44.44, 0x0000000000000001, Active, Not Active, Not Active, Not Active, Not Active
2026/09/23 14:52:24.696, NVIDIA GeForce RTX 3050 6GB Laptop GPU, P5, 49, 47, 2, 52, 810, 11.63, [N/A], 45.00, 0x0000000000000001, Active, Not Active, Not Active, Not Active, Not Active
2026/09/23 14:52:24.948, NVIDIA GeForce RTX 3050 6GB Laptop GPU, P5, 49, 47, 2, 52, 810, 11.40, [N/A], 45.00, 0x0000000000000001, Active, Not Active, Not Active, Not Active, Not Active
2026/09/23 14:52:25.202, NVIDIA GeForce RTX 3050 6GB Laptop GPU, P5, 48, 0, 0, 52, 810, 11.47, [N/A], 45.00, 0x0000000000000001, Active, Not Active, Not Active, Not Active, Not Active
2026/09/23 14:52:25.456, NVIDIA GeForce RTX 3050 6GB Laptop GPU, P5, 48, 0, 0, 52, 810, 12.38, [N/A], 45.00, 0x0000000000000001, Active, Not Active, Not Active, Not Active, Not Active
2026/09/23 14:52:25.716, NVIDIA GeForce RTX 3050 6GB Laptop GPU, P5, 49, 0, 0, 112, 810, 13.33, [N/A], 45.00, 0x0000000000000001, Active, Not Active, Not Active, Not Active, Not Active
2026/09/23 14:52:25.971, NVIDIA GeForce RTX 3050 6GB Laptop GPU, P5, 49, 0, 0, 112, 810, 13.97, [N/A], 45.00, 0x0000000000000001, Active, Not Active, Not Active, Not Active, Not Active
2026/09/23 14:52:26.224, NVIDIA GeForce RTX 3050 6GB Laptop GPU, P0, 49, 80, 14, 247, 5500, 15.23, [N/A], 45.00, 0x0000000000000001, Active, Not Active, Not Active, Not Active, Not Active
2026/09/23 14:52:26.480, NVIDIA GeForce RTX 3050 6GB Laptop GPU, P0, 49, 80, 14, 247, 5500, 15.62, [N/A], 45.00, 0x0000000000000001, Active, Not Active, Not Active, Not Active, Not Active
2026/09/23 14:52:26.734, NVIDIA GeForce RTX 3050 6GB Laptop GPU, P0, 49, 80, 14, 247, 5500, 15.56, [N/A], 45.00, 0x0000000000000001, Active, Not Active, Not Active, Not Active, Not Active
2026/09/23 14:52:26.988, NVIDIA GeForce RTX 3050 6GB Laptop GPU, P0, 49, 80, 14, 247, 5500, 15.71, [N/A], 45.00, 0x0000000000000001, Active, Not Active, Not Active, Not Active, Not Active
2026/09/23 14:52:27.241, NVIDIA GeForce RTX 3050 6GB Laptop GPU, P0, 49, 78, 5, 247, 5500, 15.21, [N/A], 45.00, 0x0000000000000001, Active, Not Active, Not Active, Not Active, Not Active
2026/09/23 14:52:27.494, NVIDIA GeForce RTX 3050 6GB Laptop GPU, P0, 49, 78, 5, 247, 5500, 14.76, [N/A], 45.00, 0x0000000000000001, Active, Not Active, Not Active, Not Active, Not Active
2026/09/23 14:52:27.745, NVIDIA GeForce RTX 3050 6GB Laptop GPU, P3, 49, 78, 5, 76, 5000, 14.26, [N/A], 45.00, 0x0000000000000001, Active, Not Active, Not Active, Not Active, Not Active
2026/09/23 14:52:28.003, NVIDIA GeForce RTX 3050 6GB Laptop GPU, P3, 49, 78, 5, 76, 5000, 14.55, [N/A], 45.00, 0x0000000000000001, Active, Not Active, Not Active, Not Active, Not Active
2026/09/23 14:52:28.256, NVIDIA GeForce RTX 3050 6GB Laptop GPU, P3, 49, 60, 8, 90, 5000, 14.32, [N/A], 44.75, 0x0000000000000001, Active, Not Active, Not Active, Not Active, Not Active
2026/09/23 14:52:28.506, NVIDIA GeForce RTX 3050 6GB Laptop GPU, P3, 49, 60, 8, 90, 5000, 14.42, [N/A], 44.75, 0x0000000000000001, Active, Not Active, Not Active, Not Active, Not Active
2026/09/23 14:52:28.760, NVIDIA GeForce RTX 3050 6GB Laptop GPU, P0, 49, 60, 8, 247, 5500, 12.34, [N/A], 44.75, 0x0000000000000001, Active, Not Active, Not Active, Not Active, Not Active
2026/09/23 14:52:29.017, NVIDIA GeForce RTX 3050 6GB Laptop GPU, P0, 49, 60, 8, 247, 5500, 14.18, [N/A], 44.75, 0x0000000000000001, Active, Not Active, Not Active, Not Active, Not Active
2026/09/23 14:52:29.269, NVIDIA GeForce RTX 3050 6GB Laptop GPU, P0, 49, 82, 6, 247, 5500, 14.52, [N/A], 44.46, 0x0000000000000001, Active, Not Active, Not Active, Not Active, Not Active
2026/09/23 14:52:29.522, NVIDIA GeForce RTX 3050 6GB Laptop GPU, P0, 49, 82, 6, 247, 5500, 14.34, [N/A], 44.46, 0x0000000000000001, Active, Not Active, Not Active, Not Active, Not Active
2026/09/23 14:52:29.778, NVIDIA GeForce RTX 3050 6GB Laptop GPU, P3, 49, 82, 6, 88, 5000, 14.33, [N/A], 44.46, 0x0000000000000001, Active, Not Active, Not Active, Not Active, Not Active
2026/09/23 14:52:30.029, NVIDIA GeForce RTX 3050 6GB Laptop GPU, P3, 49, 82, 6, 88, 5000, 13.60, [N/A], 44.46, 0x0000000000000001, Active, Not Active, Not Active, Not Active, Not Active
2026/09/23 14:52:30.285, NVIDIA GeForce RTX 3050 6GB Laptop GPU, P3, 49, 0, 0, 52, 5000, 13.11, [N/A], 44.46, 0x0000000000000001, Active, Not Active, Not Active, Not Active, Not Active
2026/09/23 14:52:30.540, NVIDIA GeForce RTX 3050 6GB Laptop GPU, P3, 49, 0, 0, 52, 5000, 11.64, [N/A], 44.46, 0x0000000000000001, Active, Not Active, Not Active, Not Active, Not Active
2026/09/23 14:52:30.798, NVIDIA GeForce RTX 3050 6GB Laptop GPU, P5, 49, 0, 0, 52, 810, 11.53, [N/A], 45.00, 0x0000000000000001, Active, Not Active, Not Active, Not Active, Not Active
2026/09/23 14:52:31.056, NVIDIA GeForce RTX 3050 6GB Laptop GPU, P5, 49, 0, 0, 52, 810, 11.68, [N/A], 45.00, 0x0000000000000001, Active, Not Active, Not Active, Not Active, Not Active
2026/09/23 14:52:31.311, NVIDIA GeForce RTX 3050 6GB Laptop GPU, P5, 49, 68, 23, 52, 810, 11.84, [N/A], 45.00, 0x0000000000000001, Active, Not Active, Not Active, Not Active, Not Active
2026/09/23 14:52:31.568, NVIDIA GeForce RTX 3050 6GB Laptop GPU, P5, 49, 68, 23, 52, 810, 12.99, [N/A], 45.00, 0x0000000000000001, Active, Not Active, Not Active, Not Active, Not Active
2026/09/23 14:52:31.824, NVIDIA GeForce RTX 3050 6GB Laptop GPU, P0, 49, 68, 23, 247, 5500, 14.22, [N/A], 45.00, 0x0000000000000001, Active, Not Active, Not Active, Not Active, Not Active
2026/09/23 14:52:32.075, NVIDIA GeForce RTX 3050 6GB Laptop GPU, P0, 49, 68, 23, 247, 5500, 14.69, [N/A], 45.00, 0x0000000000000001, Active, Not Active, Not Active, Not Active, Not Active
2026/09/23 14:52:32.330, NVIDIA GeForce RTX 3050 6GB Laptop GPU, P0, 50, 85, 8, 247, 5500, 15.68, [N/A], 45.00, 0x0000000000000001, Active, Not Active, Not Active, Not Active, Not Active
2026/09/23 14:52:32.584, NVIDIA GeForce RTX 3050 6GB Laptop GPU, P0, 50, 85, 8, 247, 5500, 15.64, [N/A], 45.00, 0x0000000000000001, Active, Not Active, Not Active, Not Active, Not Active
2026/09/23 14:52:32.842, NVIDIA GeForce RTX 3050 6GB Laptop GPU, P3, 49, 85, 8, 101, 5000, 15.15, [N/A], 45.00, 0x0000000000000001, Active, Not Active, Not Active, Not Active, Not Active
2026/09/23 14:52:33.093, NVIDIA GeForce RTX 3050 6GB Laptop GPU, P3, 49, 85, 8, 101, 5000, 14.82, [N/A], 45.00, 0x0000000000000001, Active, Not Active, Not Active, Not Active, Not Active
2026/09/23 14:52:33.346, NVIDIA GeForce RTX 3050 6GB Laptop GPU, P0, 49, 98, 5, 247, 5500, 14.55, [N/A], 45.00, 0x0000000000000001, Active, Not Active, Not Active, Not Active, Not Active
2026/09/23 14:52:33.606, NVIDIA GeForce RTX 3050 6GB Laptop GPU, P0, 49, 98, 5, 247, 5500, 14.18, [N/A], 45.00, 0x0000000000000001, Active, Not Active, Not Active, Not Active, Not Active
2026/09/23 14:52:33.858, NVIDIA GeForce RTX 3050 6GB Laptop GPU, P3, 49, 98, 5, 97, 5000, 13.62, [N/A], 45.00, 0x0000000000000001, Active, Not Active, Not Active, Not Active, Not Active
2026/09/23 14:52:34.113, NVIDIA GeForce RTX 3050 6GB Laptop GPU, P3, 49, 98, 5, 97, 5000, 14.79, [N/A], 45.00, 0x0000000000000001, Active, Not Active, Not Active, Not Active, Not Active
2026/09/23 14:52:34.367, NVIDIA GeForce RTX 3050 6GB Laptop GPU, P3, 49, 49, 9, 75, 5000, 14.13, [N/A], 44.64, 0x0000000000000001, Active, Not Active, Not Active, Not Active, Not Active
2026/09/23 14:52:34.621, NVIDIA GeForce RTX 3050 6GB Laptop GPU, P3, 49, 49, 9, 75, 5000, 14.11, [N/A], 44.64, 0x0000000000000001, Active, Not Active, Not Active, Not Active, Not Active
2026/09/23 14:52:34.874, NVIDIA GeForce RTX 3050 6GB Laptop GPU, P0, 50, 49, 9, 247, 5500, 15.05, [N/A], 44.40, 0x0000000000000001, Active, Not Active, Not Active, Not Active, Not Active
2026/09/23 14:52:35.129, NVIDIA GeForce RTX 3050 6GB Laptop GPU, P0, 50, 49, 9, 247, 5500, 14.10, [N/A], 44.40, 0x0000000000000001, Active, Not Active, Not Active, Not Active, Not Active
2026/09/23 14:52:35.390, NVIDIA GeForce RTX 3050 6GB Laptop GPU, P0, 50, 79, 5, 247, 5500, 14.30, [N/A], 44.40, 0x0000000000000001, Active, Not Active, Not Active, Not Active, Not Active
2026/09/23 14:52:35.644, NVIDIA GeForce RTX 3050 6GB Laptop GPU, P0, 50, 79, 5, 247, 5500, 16.53, [N/A], 44.40, 0x0000000000000001, Active, Not Active, Not Active, Not Active, Not Active
2026/09/23 14:52:35.895, NVIDIA GeForce RTX 3050 6GB Laptop GPU, P3, 49, 79, 5, 86, 5000, 13.65, [N/A], 44.18, 0x0000000000000001, Active, Not Active, Not Active, Not Active, Not Active
2026/09/23 14:52:36.153, NVIDIA GeForce RTX 3050 6GB Laptop GPU, P3, 49, 79, 5, 86, 5000, 12.99, [N/A], 44.18, 0x0000000000000001, Active, Not Active, Not Active, Not Active, Not Active
2026/09/23 14:52:36.407, NVIDIA GeForce RTX 3050 6GB Laptop GPU, P0, 50, 11, 1, 247, 5500, 12.28, [N/A], 45.00, 0x0000000000000001, Active, Not Active, Not Active, Not Active, Not Active
2026/09/23 14:52:36.662, NVIDIA GeForce RTX 3050 6GB Laptop GPU, P0, 50, 11, 1, 247, 5500, 12.28, [N/A], 45.00, 0x0000000000000001, Active, Not Active, Not Active, Not Active, Not Active
2026/09/23 14:52:36.918, NVIDIA GeForce RTX 3050 6GB Laptop GPU, P0, 49, 11, 1, 247, 5500, 12.28, [N/A], 45.00, 0x0000000000000001, Active, Not Active, Not Active, Not Active, Not Active
2026/09/23 14:52:37.173, NVIDIA GeForce RTX 3050 6GB Laptop GPU, P0, 49, 11, 1, 247, 5500, 12.93, [N/A], 45.00, 0x0000000000000001, Active, Not Active, Not Active, Not Active, Not Active
2026/09/23 14:52:37.425, NVIDIA GeForce RTX 3050 6GB Laptop GPU, P0, 50, 18, 4, 247, 5500, 13.81, [N/A], 45.00, 0x0000000000000001, Active, Not Active, Not Active, Not Active, Not Active
2026/09/23 14:52:37.677, NVIDIA GeForce RTX 3050 6GB Laptop GPU, P0, 50, 18, 4, 247, 5500, 14.05, [N/A], 45.00, 0x0000000000000001, Active, Not Active, Not Active, Not Active, Not Active
2026/09/23 14:52:37.936, NVIDIA GeForce RTX 3050 6GB Laptop GPU, P0, 50, 18, 4, 247, 5500, 15.05, [N/A], 45.00, 0x0000000000000001, Active, Not Active, Not Active, Not Active, Not Active
2026/09/23 14:52:38.188, NVIDIA GeForce RTX 3050 6GB Laptop GPU, P0, 50, 18, 4, 247, 5500, 15.57, [N/A], 45.00, 0x0000000000000001, Active, Not Active, Not Active, Not Active, Not Active
2026/09/23 14:52:38.444, NVIDIA GeForce RTX 3050 6GB Laptop GPU, P0, 50, 77, 11, 247, 5500, 15.58, [N/A], 45.00, 0x0000000000000001, Active, Not Active, Not Active, Not Active, Not Active
2026/09/23 14:52:38.707, NVIDIA GeForce RTX 3050 6GB Laptop GPU, P0, 49, 77, 11, 247, 5500, 15.37, [N/A], 45.00, 0x0000000000000001, Active, Not Active, Not Active, Not Active, Not Active
2026/09/23 14:52:38.961, NVIDIA GeForce RTX 3050 6GB Laptop GPU, P0, 49, 77, 11, 247, 5500, 15.16, [N/A], 45.00, 0x0000000000000001, Active, Not Active, Not Active, Not Active, Not Active
2026/09/23 14:52:39.215, NVIDIA GeForce RTX 3050 6GB Laptop GPU, P0, 50, 92, 5, 247, 5500, 14.65, [N/A], 45.00, 0x0000000000000001, Active, Not Active, Not Active, Not Active, Not Active
2026/09/23 14:52:39.471, NVIDIA GeForce RTX 3050 6GB Laptop GPU, P0, 50, 92, 5, 247, 5500, 14.10, [N/A], 45.00, 0x0000000000000001, Active, Not Active, Not Active, Not Active, Not Active
2026/09/23 14:52:39.725, NVIDIA GeForce RTX 3050 6GB Laptop GPU, P0, 50, 92, 5, 247, 5500, 13.86, [N/A], 45.00, 0x0000000000000001, Active, Not Active, Not Active, Not Active, Not Active
2026/09/23 14:52:39.987, NVIDIA GeForce RTX 3050 6GB Laptop GPU, P0, 50, 92, 5, 247, 5500, 13.78, [N/A], 45.00, 0x0000000000000001, Active, Not Active, Not Active, Not Active, Not Active
2026/09/23 14:52:40.242, NVIDIA GeForce RTX 3050 6GB Laptop GPU, P0, 50, 88, 4, 247, 5500, 13.90, [N/A], 45.00, 0x0000000000000001, Active, Not Active, Not Active, Not Active, Not Active
2026/09/23 14:52:40.496, NVIDIA GeForce RTX 3050 6GB Laptop GPU, P0, 50, 88, 4, 247, 5500, 13.75, [N/A], 45.00, 0x0000000000000001, Active, Not Active, Not Active, Not Active, Not Active
2026/09/23 14:52:40.750, NVIDIA GeForce RTX 3050 6GB Laptop GPU, P3, 50, 88, 4, 52, 5000, 13.74, [N/A], 45.00, 0x0000000000000001, Active, Not Active, Not Active, Not Active, Not Active
2026/09/23 14:52:41.004, NVIDIA GeForce RTX 3050 6GB Laptop GPU, P3, 50, 88, 4, 52, 5000, 13.57, [N/A], 45.00, 0x0000000000000001, Active, Not Active, Not Active, Not Active, Not Active
2026/09/23 14:52:41.257, NVIDIA GeForce RTX 3050 6GB Laptop GPU, P3, 50, 48, 7, 73, 5000, 13.57, [N/A], 45.00, 0x0000000000000001, Active, Not Active, Not Active, Not Active, Not Active
2026/09/23 14:52:41.522, NVIDIA GeForce RTX 3050 6GB Laptop GPU, P3, 50, 48, 7, 73, 5000, 13.70, [N/A], 45.00, 0x0000000000000001, Active, Not Active, Not Active, Not Active, Not Active
2026/09/23 14:52:41.781, NVIDIA GeForce RTX 3050 6GB Laptop GPU, P3, 49, 48, 7, 52, 5000, 13.83, [N/A], 45.00, 0x0000000000000001, Active, Not Active, Not Active, Not Active, Not Active
2026/09/23 14:52:42.045, NVIDIA GeForce RTX 3050 6GB Laptop GPU, P3, 49, 48, 7, 52, 5000, 14.06, [N/A], 45.00, 0x0000000000000001, Active, Not Active, Not Active, Not Active, Not Active
2026/09/23 14:52:42.299, NVIDIA GeForce RTX 3050 6GB Laptop GPU, P3, 50, 59, 10, 90, 5000, 13.87, [N/A], 45.00, 0x0000000000000001, Active, Not Active, Not Active, Not Active, Not Active
2026/09/23 14:52:42.556, NVIDIA GeForce RTX 3050 6GB Laptop GPU, P3, 50, 59, 10, 90, 5000, 13.26, [N/A], 45.00, 0x0000000000000001, Active, Not Active, Not Active, Not Active, Not Active
2026/09/23 14:52:42.818, NVIDIA GeForce RTX 3050 6GB Laptop GPU, P5, 49, 59, 10, 52, 810, 12.75, [N/A], 45.00, 0x0000000000000001, Active, Not Active, Not Active, Not Active, Not Active
2026/09/23 14:52:43.080, NVIDIA GeForce RTX 3050 6GB Laptop GPU, P5, 49, 59, 10, 52, 810, 12.25, [N/A], 45.00, 0x0000000000000001, Active, Not Active, Not Active, Not Active, Not Active
2026/09/23 14:52:43.334, NVIDIA GeForce RTX 3050 6GB Laptop GPU, P5, 49, 0, 0, 52, 810, 11.47, [N/A], 45.00, 0x0000000000000001, Active, Not Active, Not Active, Not Active, Not Active
2026/09/23 14:52:43.586, NVIDIA GeForce RTX 3050 6GB Laptop GPU, P5, 49, 0, 0, 52, 810, 11.34, [N/A], 45.00, 0x0000000000000001, Active, Not Active, Not Active, Not Active, Not Active
2026/09/23 14:52:43.842, NVIDIA GeForce RTX 3050 6GB Laptop GPU, P5, 49, 0, 0, 52, 810, 11.62, [N/A], 45.00, 0x0000000000000001, Active, Not Active, Not Active, Not Active, Not Active
2026/09/23 14:52:44.102, NVIDIA GeForce RTX 3050 6GB Laptop GPU, P5, 49, 0, 0, 52, 810, 12.39, [N/A], 45.00, 0x0000000000000001, Active, Not Active, Not Active, Not Active, Not Active
2026/09/23 14:52:44.358, NVIDIA GeForce RTX 3050 6GB Laptop GPU, P5, 49, 68, 11, 101, 810, 13.16, [N/A], 45.00, 0x0000000000000001, Active, Not Active, Not Active, Not Active, Not Active
2026/09/23 14:52:44.618, NVIDIA GeForce RTX 3050 6GB Laptop GPU, P5, 49, 68, 11, 101, 810, 14.03, [N/A], 45.00, 0x0000000000000001, Active, Not Active, Not Active, Not Active, Not Active
2026/09/23 14:52:44.875, NVIDIA GeForce RTX 3050 6GB Laptop GPU, P0, 50, 68, 11, 247, 5500, 14.56, [N/A], 45.00, 0x0000000000000001, Active, Not Active, Not Active, Not Active, Not Active
2026/09/23 14:52:45.136, NVIDIA GeForce RTX 3050 6GB Laptop GPU, P0, 50, 68, 11, 247, 5500, 14.57, [N/A], 45.00, 0x0000000000000001, Active, Not Active, Not Active, Not Active, Not Active
2026/09/23 14:52:45.387, NVIDIA GeForce RTX 3050 6GB Laptop GPU, P0, 50, 90, 7, 247, 5500, 14.82, [N/A], 45.00, 0x0000000000000001, Active, Not Active, Not Active, Not Active, Not Active
2026/09/23 14:52:45.643, NVIDIA GeForce RTX 3050 6GB Laptop GPU, P0, 50, 90, 7, 247, 5500, 14.84, [N/A], 45.00, 0x0000000000000001, Active, Not Active, Not Active, Not Active, Not Active
2026/09/23 14:52:45.902, NVIDIA GeForce RTX 3050 6GB Laptop GPU, P3, 50, 90, 7, 103, 5000, 14.62, [N/A], 45.00, 0x0000000000000001, Active, Not Active, Not Active, Not Active, Not Active
2026/09/23 14:52:46.168, NVIDIA GeForce RTX 3050 6GB Laptop GPU, P3, 50, 90, 7, 103, 5000, 14.65, [N/A], 45.00, 0x0000000000000001, Active, Not Active, Not Active, Not Active, Not Active
2026/09/23 14:52:46.425, NVIDIA GeForce RTX 3050 6GB Laptop GPU, P0, 50, 39, 5, 247, 5500, 14.20, [N/A], 45.00, 0x0000000000000001, Active, Not Active, Not Active, Not Active, Not Active
2026/09/23 14:52:46.682, NVIDIA GeForce RTX 3050 6GB Laptop GPU, P0, 50, 39, 5, 247, 5500, 13.89, [N/A], 45.00, 0x0000000000000001, Active, Not Active, Not Active, Not Active, Not Active
2026/09/23 14:52:46.934, NVIDIA GeForce RTX 3050 6GB Laptop GPU, P0, 50, 39, 5, 247, 5500, 13.84, [N/A], 45.00, 0x0000000000000001, Active, Not Active, Not Active, Not Active, Not Active
2026/09/23 14:52:47.189, NVIDIA GeForce RTX 3050 6GB Laptop GPU, P0, 50, 39, 5, 247, 5500, 13.78, [N/A], 45.00, 0x0000000000000001, Active, Not Active, Not Active, Not Active, Not Active
2026/09/23 14:52:47.444, NVIDIA GeForce RTX 3050 6GB Laptop GPU, P0, 50, 95, 5, 247, 5500, 13.64, [N/A], 45.00, 0x0000000000000001, Active, Not Active, Not Active, Not Active, Not Active
2026/09/23 14:52:47.705, NVIDIA GeForce RTX 3050 6GB Laptop GPU, P3, 50, 95, 5, 61, 5000, 13.87, [N/A], 45.00, 0x0000000000000001, Active, Not Active, Not Active, Not Active, Not Active
2026/09/23 14:52:47.960, NVIDIA GeForce RTX 3050 6GB Laptop GPU, P3, 50, 95, 5, 61, 5000, 13.88, [N/A], 45.00, 0x0000000000000001, Active, Not Active, Not Active, Not Active, Not Active
2026/09/23 14:52:48.213, NVIDIA GeForce RTX 3050 6GB Laptop GPU, P3, 50, 54, 9, 82, 5000, 13.89, [N/A], 45.00, 0x0000000000000001, Active, Not Active, Not Active, Not Active, Not Active
2026/09/23 14:52:48.474, NVIDIA GeForce RTX 3050 6GB Laptop GPU, P3, 50, 54, 9, 82, 5000, 13.62, [N/A], 45.00, 0x0000000000000001, Active, Not Active, Not Active, Not Active, Not Active
2026/09/23 14:52:48.727, NVIDIA GeForce RTX 3050 6GB Laptop GPU, P3, 50, 54, 9, 101, 5000, 13.89, [N/A], 45.00, 0x0000000000000001, Active, Not Active, Not Active, Not Active, Not Active
2026/09/23 14:52:48.983, NVIDIA GeForce RTX 3050 6GB Laptop GPU, P3, 50, 54, 9, 101, 5000, 13.95, [N/A], 45.00, 0x0000000000000001, Active, Not Active, Not Active, Not Active, Not Active
2026/09/23 14:52:49.235, NVIDIA GeForce RTX 3050 6GB Laptop GPU, P0, 50, 81, 4, 247, 5500, 13.91, [N/A], 45.00, 0x0000000000000001, Active, Not Active, Not Active, Not Active, Not Active
2026/09/23 14:52:49.488, NVIDIA GeForce RTX 3050 6GB Laptop GPU, P0, 50, 81, 4, 247, 5500, 13.82, [N/A], 45.00, 0x0000000000000001, Active, Not Active, Not Active, Not Active, Not Active
2026/09/23 14:52:49.741, NVIDIA GeForce RTX 3050 6GB Laptop GPU, P0, 50, 81, 4, 247, 5500, 13.28, [N/A], 45.00, 0x0000000000000001, Active, Not Active, Not Active, Not Active, Not Active
2026/09/23 14:52:49.995, NVIDIA GeForce RTX 3050 6GB Laptop GPU, P0, 50, 81, 4, 247, 5500, 13.04, [N/A], 45.00, 0x0000000000000001, Active, Not Active, Not Active, Not Active, Not Active
2026/09/23 14:52:50.250, NVIDIA GeForce RTX 3050 6GB Laptop GPU, P0, 49, 0, 0, 247, 5500, 12.71, [N/A], 45.00, 0x0000000000000001, Active, Not Active, Not Active, Not Active, Not Active
2026/09/23 14:52:50.508, NVIDIA GeForce RTX 3050 6GB Laptop GPU, P0, 49, 0, 0, 247, 5500, 12.39, [N/A], 45.00, 0x0000000000000001, Active, Not Active, Not Active, Not Active, Not Active
2026/09/23 14:52:50.766, NVIDIA GeForce RTX 3050 6GB Laptop GPU, P0, 50, 0, 0, 247, 5500, 12.78, [N/A], 45.00, 0x0000000000000001, Active, Not Active, Not Active, Not Active, Not Active
2026/09/23 14:52:51.019, NVIDIA GeForce RTX 3050 6GB Laptop GPU, P0, 50, 0, 0, 247, 5500, 13.32, [N/A], 45.00, 0x0000000000000001, Active, Not Active, Not Active, Not Active, Not Active
2026/09/23 14:52:51.275, NVIDIA GeForce RTX 3050 6GB Laptop GPU, P0, 50, 90, 36, 247, 5500, 13.95, [N/A], 45.00, 0x0000000000000001, Active, Not Active, Not Active, Not Active, Not Active
2026/09/23 14:52:51.533, NVIDIA GeForce RTX 3050 6GB Laptop GPU, P0, 50, 90, 36, 247, 5500, 14.56, [N/A], 45.00, 0x0000000000000001, Active, Not Active, Not Active, Not Active, Not Active
2026/09/23 14:52:51.786, NVIDIA GeForce RTX 3050 6GB Laptop GPU, P3, 50, 90, 36, 103, 5000, 14.86, [N/A], 45.00, 0x0000000000000001, Active, Not Active, Not Active, Not Active, Not Active
2026/09/23 14:52:52.037, NVIDIA GeForce RTX 3050 6GB Laptop GPU, P3, 50, 90, 36, 103, 5000, 14.86, [N/A], 45.00, 0x0000000000000001, Active, Not Active, Not Active, Not Active, Not Active
2026/09/23 14:52:52.290, NVIDIA GeForce RTX 3050 6GB Laptop GPU, P3, 50, 66, 10, 101, 5000, 14.73, [N/A], 45.00, 0x0000000000000001, Active, Not Active, Not Active, Not Active, Not Active
2026/09/23 14:52:52.544, NVIDIA GeForce RTX 3050 6GB Laptop GPU, P3, 50, 66, 10, 101, 5000, 14.88, [N/A], 45.00, 0x0000000000000001, Active, Not Active, Not Active, Not Active, Not Active
2026/09/23 14:52:52.795, NVIDIA GeForce RTX 3050 6GB Laptop GPU, P0, 50, 66, 10, 247, 5500, 14.61, [N/A], 45.00, 0x0000000000000001, Active, Not Active, Not Active, Not Active, Not Active
2026/09/23 14:52:53.054, NVIDIA GeForce RTX 3050 6GB Laptop GPU, P0, 50, 66, 10, 247, 5500, 14.39, [N/A], 45.00, 0x0000000000000001, Active, Not Active, Not Active, Not Active, Not Active
2026/09/23 14:52:53.308, NVIDIA GeForce RTX 3050 6GB Laptop GPU, P0, 50, 76, 3, 247, 5500, 14.53, [N/A], 45.00, 0x0000000000000001, Active, Not Active, Not Active, Not Active, Not Active
2026/09/23 14:52:53.563, NVIDIA GeForce RTX 3050 6GB Laptop GPU, P0, 50, 76, 3, 247, 5500, 13.98, [N/A], 45.00, 0x0000000000000001, Active, Not Active, Not Active, Not Active, Not Active
2026/09/23 14:52:53.816, NVIDIA GeForce RTX 3050 6GB Laptop GPU, P0, 50, 76, 3, 247, 5500, 14.05, [N/A], 45.00, 0x0000000000000001, Active, Not Active, Not Active, Not Active, Not Active
2026/09/23 14:52:54.071, NVIDIA GeForce RTX 3050 6GB Laptop GPU, P0, 50, 76, 3, 247, 5500, 13.93, [N/A], 45.00, 0x0000000000000001, Active, Not Active, Not Active, Not Active, Not Active
2026/09/23 14:52:54.332, NVIDIA GeForce RTX 3050 6GB Laptop GPU, P0, 50, 78, 5, 247, 5500, 13.83, [N/A], 45.00, 0x0000000000000001, Active, Not Active, Not Active, Not Active, Not Active
2026/09/23 14:52:54.585, NVIDIA GeForce RTX 3050 6GB Laptop GPU, P0, 50, 78, 5, 247, 5500, 13.84, [N/A], 45.00, 0x0000000000000001, Active, Not Active, Not Active, Not Active, Not Active
2026/09/23 14:52:54.839, NVIDIA GeForce RTX 3050 6GB Laptop GPU, P3, 50, 78, 5, 63, 5000, 13.96, [N/A], 45.00, 0x0000000000000001, Active, Not Active, Not Active, Not Active, Not Active
2026/09/23 14:52:55.099, NVIDIA GeForce RTX 3050 6GB Laptop GPU, P3, 50, 78, 5, 63, 5000, 13.98, [N/A], 45.00, 0x0000000000000001, Active, Not Active, Not Active, Not Active, Not Active
2026/09/23 14:52:55.355, NVIDIA GeForce RTX 3050 6GB Laptop GPU, P3, 50, 51, 8, 76, 5000, 13.98, [N/A], 45.00, 0x0000000000000001, Active, Not Active, Not Active, Not Active, Not Active
2026/09/23 14:52:55.607, NVIDIA GeForce RTX 3050 6GB Laptop GPU, P3, 50, 51, 8, 76, 5000, 14.18, [N/A], 45.00, 0x0000000000000001, Active, Not Active, Not Active, Not Active, Not Active
2026/09/23 14:52:55.862, NVIDIA GeForce RTX 3050 6GB Laptop GPU, P0, 50, 51, 8, 247, 5500, 14.23, [N/A], 45.00, 0x0000000000000001, Active, Not Active, Not Active, Not Active, Not Active
2026/09/23 14:52:56.121, NVIDIA GeForce RTX 3050 6GB Laptop GPU, P0, 50, 51, 8, 247, 5500, 13.73, [N/A], 45.00, 0x0000000000000001, Active, Not Active, Not Active, Not Active, Not Active
2026/09/23 14:52:56.377, NVIDIA GeForce RTX 3050 6GB Laptop GPU, P3, 49, 58, 2, 52, 5000, 13.44, [N/A], 45.00, 0x0000000000000001, Active, Not Active, Not Active, Not Active, Not Active
2026/09/23 14:52:56.635, NVIDIA GeForce RTX 3050 6GB Laptop GPU, P3, 49, 58, 2, 52, 5000, 12.53, [N/A], 45.00, 0x0000000000000001, Active, Not Active, Not Active, Not Active, Not Active
2026/09/23 14:52:56.891, NVIDIA GeForce RTX 3050 6GB Laptop GPU, P5, 49, 58, 2, 52, 810, 11.98, [N/A], 45.00, 0x0000000000000001, Active, Not Active, Not Active, Not Active, Not Active
2026/09/23 14:52:57.146, NVIDIA GeForce RTX 3050 6GB Laptop GPU, P5, 49, 58, 2, 52, 810, 11.47, [N/A], 45.00, 0x0000000000000001, Active, Not Active, Not Active, Not Active, Not Active
2026/09/23 14:52:57.398, NVIDIA GeForce RTX 3050 6GB Laptop GPU, P5, 49, 0, 0, 52, 810, 11.64, [N/A], 45.00, 0x0000000000000001, Active, Not Active, Not Active, Not Active, Not Active
2026/09/23 14:52:57.652, NVIDIA GeForce RTX 3050 6GB Laptop GPU, P5, 49, 0, 0, 52, 810, 12.49, [N/A], 45.00, 0x0000000000000001, Active, Not Active, Not Active, Not Active, Not Active
2026/09/23 14:52:57.912, NVIDIA GeForce RTX 3050 6GB Laptop GPU, P5, 49, 0, 0, 110, 810, 13.31, [N/A], 45.00, 0x0000000000000001, Active, Not Active, Not Active, Not Active, Not Active
2026/09/23 14:52:58.168, NVIDIA GeForce RTX 3050 6GB Laptop GPU, P5, 49, 0, 0, 110, 810, 14.07, [N/A], 45.00, 0x0000000000000001, Active, Not Active, Not Active, Not Active, Not Active
2026/09/23 14:52:58.419, NVIDIA GeForce RTX 3050 6GB Laptop GPU, P5, 50, 70, 11, 106, 810, 14.61, [N/A], 45.00, 0x0000000000000001, Active, Not Active, Not Active, Not Active, Not Active
2026/09/23 14:52:58.679, NVIDIA GeForce RTX 3050 6GB Laptop GPU, P5, 50, 70, 11, 106, 810, 14.64, [N/A], 45.00, 0x0000000000000001, Active, Not Active, Not Active, Not Active, Not Active
2026/09/23 14:52:58.931, NVIDIA GeForce RTX 3050 6GB Laptop GPU, P0, 50, 70, 11, 247, 5500, 14.83, [N/A], 45.00, 0x0000000000000001, Active, Not Active, Not Active, Not Active, Not Active
2026/09/23 14:52:59.183, NVIDIA GeForce RTX 3050 6GB Laptop GPU, P0, 50, 70, 11, 247, 5500, 14.60, [N/A], 45.00, 0x0000000000000001, Active, Not Active, Not Active, Not Active, Not Active
2026/09/23 14:52:59.437, NVIDIA GeForce RTX 3050 6GB Laptop GPU, P0, 50, 82, 7, 247, 5500, 14.66, [N/A], 45.00, 0x0000000000000001, Active, Not Active, Not Active, Not Active, Not Active
2026/09/23 14:52:59.689, NVIDIA GeForce RTX 3050 6GB Laptop GPU, P0, 50, 82, 7, 247, 5500, 14.63, [N/A], 45.00, 0x0000000000000001, Active, Not Active, Not Active, Not Active, Not Active
2026/09/23 14:52:59.948, NVIDIA GeForce RTX 3050 6GB Laptop GPU, P3, 50, 82, 7, 73, 5000, 14.26, [N/A], 45.00, 0x0000000000000001, Active, Not Active, Not Active, Not Active, Not Active
2026/09/23 14:53:00.201, NVIDIA GeForce RTX 3050 6GB Laptop GPU, P3, 50, 59, 7, 90, 5000, 14.36, [N/A], 45.00, 0x0000000000000001, Active, Not Active, Not Active, Not Active, Not Active
2026/09/23 14:53:00.453, NVIDIA GeForce RTX 3050 6GB Laptop GPU, P3, 50, 59, 7, 90, 5000, 13.90, [N/A], 45.00, 0x0000000000000001, Active, Not Active, Not Active, Not Active, Not Active
2026/09/23 14:53:00.706, NVIDIA GeForce RTX 3050 6GB Laptop GPU, P3, 50, 59, 7, 82, 5000, 13.91, [N/A], 45.00, 0x0000000000000001, Active, Not Active, Not Active, Not Active, Not Active
2026/09/23 14:53:00.959, NVIDIA GeForce RTX 3050 6GB Laptop GPU, P3, 50, 59, 7, 82, 5000, 13.82, [N/A], 45.00, 0x0000000000000001, Active, Not Active, Not Active, Not Active, Not Active
2026/09/23 14:53:01.213, NVIDIA GeForce RTX 3050 6GB Laptop GPU, P0, 50, 81, 4, 247, 5500, 13.72, [N/A], 45.00, 0x0000000000000001, Active, Not Active, Not Active, Not Active, Not Active
2026/09/23 14:53:01.465, NVIDIA GeForce RTX 3050 6GB Laptop GPU, P0, 50, 81, 4, 247, 5500, 13.75, [N/A], 45.00, 0x0000000000000001, Active, Not Active, Not Active, Not Active, Not Active
2026/09/23 14:53:01.717, NVIDIA GeForce RTX 3050 6GB Laptop GPU, P0, 50, 81, 4, 247, 5500, 13.47, [N/A], 45.00, 0x0000000000000001, Active, Not Active, Not Active, Not Active, Not Active
2026/09/23 14:53:01.970, NVIDIA GeForce RTX 3050 6GB Laptop GPU, P0, 50, 81, 4, 247, 5500, 13.60, [N/A], 45.00, 0x0000000000000001, Active, Not Active, Not Active, Not Active, Not Active
2026/09/23 14:53:02.224, NVIDIA GeForce RTX 3050 6GB Laptop GPU, P0, 50, 78, 20, 247, 5500, 13.82, [N/A], 45.00, 0x0000000000000001, Active, Not Active, Not Active, Not Active, Not Active
2026/09/23 14:53:02.477, NVIDIA GeForce RTX 3050 6GB Laptop GPU, P0, 50, 78, 20, 247, 5500, 13.69, [N/A], 45.00, 0x0000000000000001, Active, Not Active, Not Active, Not Active, Not Active
2026/09/23 14:53:02.732, NVIDIA GeForce RTX 3050 6GB Laptop GPU, P0, 50, 78, 20, 247, 5500, 13.81, [N/A], 45.00, 0x0000000000000001, Active, Not Active, Not Active, Not Active, Not Active
2026/09/23 14:53:02.990, NVIDIA GeForce RTX 3050 6GB Laptop GPU, P0, 50, 78, 20, 247, 5500, 13.83, [N/A], 45.00, 0x0000000000000001, Active, Not Active, Not Active, Not Active, Not Active
2026/09/23 14:53:03.247, NVIDIA GeForce RTX 3050 6GB Laptop GPU, P0, 49, 86, 6, 247, 5500, 13.59, [N/A], 45.00, 0x0000000000000001, Active, Not Active, Not Active, Not Active, Not Active
2026/09/23 14:53:03.503, NVIDIA GeForce RTX 3050 6GB Laptop GPU, P0, 49, 86, 6, 247, 5500, 13.29, [N/A], 45.00, 0x0000000000000001, Active, Not Active, Not Active, Not Active, Not Active
2026/09/23 14:53:03.760, NVIDIA GeForce RTX 3050 6GB Laptop GPU, P0, 50, 86, 6, 247, 5500, 13.05, [N/A], 45.00, 0x0000000000000001, Active, Not Active, Not Active, Not Active, Not Active
2026/09/23 14:53:04.012, NVIDIA GeForce RTX 3050 6GB Laptop GPU, P0, 50, 86, 6, 247, 5500, 12.42, [N/A], 45.00, 0x0000000000000001, Active, Not Active, Not Active, Not Active, Not Active
2026/09/23 14:53:04.269, NVIDIA GeForce RTX 3050 6GB Laptop GPU, P0, 50, 0, 0, 247, 5500, 12.56, [N/A], 45.00, 0x0000000000000001, Active, Not Active, Not Active, Not Active, Not Active
2026/09/23 14:53:04.526, NVIDIA GeForce RTX 3050 6GB Laptop GPU, P0, 50, 0, 0, 247, 5500, 13.30, [N/A], 45.00, 0x0000000000000001, Active, Not Active, Not Active, Not Active, Not Active
2026/09/23 14:53:04.783, NVIDIA GeForce RTX 3050 6GB Laptop GPU, P0, 50, 0, 0, 247, 5500, 13.59, [N/A], 45.00, 0x0000000000000001, Active, Not Active, Not Active, Not Active, Not Active
2026/09/23 14:53:05.039, NVIDIA GeForce RTX 3050 6GB Laptop GPU, P0, 50, 0, 0, 247, 5500, 14.25, [N/A], 45.00, 0x0000000000000001, Active, Not Active, Not Active, Not Active, Not Active
2026/09/23 14:53:05.294, NVIDIA GeForce RTX 3050 6GB Laptop GPU, P0, 50, 84, 7, 247, 5500, 15.04, [N/A], 45.00, 0x0000000000000001, Active, Not Active, Not Active, Not Active, Not Active
2026/09/23 14:53:05.551, NVIDIA GeForce RTX 3050 6GB Laptop GPU, P0, 50, 84, 7, 247, 5500, 14.91, [N/A], 45.00, 0x0000000000000001, Active, Not Active, Not Active, Not Active, Not Active
2026/09/23 14:53:05.804, NVIDIA GeForce RTX 3050 6GB Laptop GPU, P0, 50, 84, 7, 247, 5500, 15.24, [N/A], 45.00, 0x0000000000000001, Active, Not Active, Not Active, Not Active, Not Active
2026/09/23 14:53:06.064, NVIDIA GeForce RTX 3050 6GB Laptop GPU, P0, 50, 84, 7, 247, 5500, 14.98, [N/A], 45.00, 0x0000000000000001, Active, Not Active, Not Active, Not Active, Not Active
2026/09/23 14:53:06.321, NVIDIA GeForce RTX 3050 6GB Laptop GPU, P0, 50, 79, 6, 247, 5500, 14.75, [N/A], 45.00, 0x0000000000000001, Active, Not Active, Not Active, Not Active, Not Active
2026/09/23 14:53:06.575, NVIDIA GeForce RTX 3050 6GB Laptop GPU, P0, 50, 79, 6, 247, 5500, 14.50, [N/A], 45.00, 0x0000000000000001, Active, Not Active, Not Active, Not Active, Not Active
2026/09/23 14:53:06.832, NVIDIA GeForce RTX 3050 6GB Laptop GPU, P3, 50, 79, 6, 73, 5000, 14.24, [N/A], 45.00, 0x0000000000000001, Active, Not Active, Not Active, Not Active, Not Active
2026/09/23 14:53:07.084, NVIDIA GeForce RTX 3050 6GB Laptop GPU, P3, 50, 79, 6, 73, 5000, 14.30, [N/A], 45.00, 0x0000000000000001, Active, Not Active, Not Active, Not Active, Not Active
2026/09/23 14:53:07.341, NVIDIA GeForce RTX 3050 6GB Laptop GPU, P3, 50, 56, 9, 84, 5000, 13.94, [N/A], 45.00, 0x0000000000000001, Active, Not Active, Not Active, Not Active, Not Active
2026/09/23 14:53:07.597, NVIDIA GeForce RTX 3050 6GB Laptop GPU, P3, 50, 56, 9, 84, 5000, 13.85, [N/A], 45.00, 0x0000000000000001, Active, Not Active, Not Active, Not Active, Not Active
2026/09/23 14:53:07.852, NVIDIA GeForce RTX 3050 6GB Laptop GPU, P0, 50, 56, 9, 247, 5500, 13.71, [N/A], 45.00, 0x0000000000000001, Active, Not Active, Not Active, Not Active, Not Active
2026/09/23 14:53:08.111, NVIDIA GeForce RTX 3050 6GB Laptop GPU, P0, 50, 56, 9, 247, 5500, 13.52, [N/A], 45.00, 0x0000000000000001, Active, Not Active, Not Active, Not Active, Not Active
2026/09/23 14:53:08.368, NVIDIA GeForce RTX 3050 6GB Laptop GPU, P0, 50, 92, 5, 247, 5500, 13.62, [N/A], 45.00, 0x0000000000000001, Active, Not Active, Not Active, Not Active, Not Active
2026/09/23 14:53:08.625, NVIDIA GeForce RTX 3050 6GB Laptop GPU, P0, 50, 92, 5, 247, 5500, 13.97, [N/A], 45.00, 0x0000000000000001, Active, Not Active, Not Active, Not Active, Not Active
2026/09/23 14:53:08.881, NVIDIA GeForce RTX 3050 6GB Laptop GPU, P3, 50, 92, 5, 80, 5000, 13.90, [N/A], 45.00, 0x0000000000000001, Active, Not Active, Not Active, Not Active, Not Active
2026/09/23 14:53:09.142, NVIDIA GeForce RTX 3050 6GB Laptop GPU, P3, 50, 92, 5, 80, 5000, 14.22, [N/A], 45.00, 0x0000000000000001, Active, Not Active, Not Active, Not Active, Not Active
2026/09/23 14:53:09.398, NVIDIA GeForce RTX 3050 6GB Laptop GPU, P3, 50, 61, 8, 91, 5000, 14.23, [N/A], 45.00, 0x0000000000000001, Active, Not Active, Not Active, Not Active, Not Active
2026/09/23 14:53:09.655, NVIDIA GeForce RTX 3050 6GB Laptop GPU, P3, 50, 61, 8, 91, 5000, 14.04, [N/A], 45.00, 0x0000000000000001, Active, Not Active, Not Active, Not Active, Not Active
2026/09/23 14:53:09.914, NVIDIA GeForce RTX 3050 6GB Laptop GPU, P5, 50, 61, 8, 90, 810, 13.30, [N/A], 45.00, 0x0000000000000001, Active, Not Active, Not Active, Not Active, Not Active
2026/09/23 14:53:10.170, NVIDIA GeForce RTX 3050 6GB Laptop GPU, P5, 50, 61, 8, 90, 810, 12.58, [N/A], 45.00, 0x0000000000000001, Active, Not Active, Not Active, Not Active, Not Active
2026/09/23 14:53:10.430, NVIDIA GeForce RTX 3050 6GB Laptop GPU, P5, 49, 0, 0, 90, 810, 11.75, [N/A], 45.00, 0x0000000000000001, Active, Not Active, Not Active, Not Active, Not Active
2026/09/23 14:53:10.688, NVIDIA GeForce RTX 3050 6GB Laptop GPU, P5, 49, 0, 0, 90, 810, 11.35, [N/A], 45.00, 0x0000000000000001, Active, Not Active, Not Active, Not Active, Not Active
2026/09/23 14:53:10.943, NVIDIA GeForce RTX 3050 6GB Laptop GPU, P5, 49, 0, 0, 90, 810, 12.01, [N/A], 45.00, 0x0000000000000001, Active, Not Active, Not Active, Not Active, Not Active
2026/09/23 14:53:11.197, NVIDIA GeForce RTX 3050 6GB Laptop GPU, P5, 49, 0, 0, 90, 810, 12.68, [N/A], 45.00, 0x0000000000000001, Active, Not Active, Not Active, Not Active, Not Active
2026/09/23 14:53:11.451, NVIDIA GeForce RTX 3050 6GB Laptop GPU, P5, 50, 73, 12, 110, 810, 13.69, [N/A], 45.00, 0x0000000000000001, Active, Not Active, Not Active, Not Active, Not Active
2026/09/23 14:53:11.705, NVIDIA GeForce RTX 3050 6GB Laptop GPU, P0, 50, 73, 12, 247, 5500, 14.55, [N/A], 45.00, 0x0000000000000001, Active, Not Active, Not Active, Not Active, Not Active
2026/09/23 14:53:11.959, NVIDIA GeForce RTX 3050 6GB Laptop GPU, P0, 50, 73, 12, 247, 5500, 14.91, [N/A], 45.00, 0x0000000000000001, Active, Not Active, Not Active, Not Active, Not Active
2026/09/23 14:53:12.224, NVIDIA GeForce RTX 3050 6GB Laptop GPU, P0, 50, 82, 7, 247, 5500, 14.88, [N/A], 45.00, 0x0000000000000001, Active, Not Active, Not Active, Not Active, Not Active
2026/09/23 14:53:12.483, NVIDIA GeForce RTX 3050 6GB Laptop GPU, P0, 50, 82, 7, 247, 5500, 14.82, [N/A], 45.00, 0x0000000000000001, Active, Not Active, Not Active, Not Active, Not Active
2026/09/23 14:53:12.736, NVIDIA GeForce RTX 3050 6GB Laptop GPU, P3, 50, 82, 7, 86, 5000, 14.83, [N/A], 45.00, 0x0000000000000001, Active, Not Active, Not Active, Not Active, Not Active
2026/09/23 14:53:12.988, NVIDIA GeForce RTX 3050 6GB Laptop GPU, P3, 50, 82, 7, 86, 5000, 14.36, [N/A], 45.00, 0x0000000000000001, Active, Not Active, Not Active, Not Active, Not Active
2026/09/23 14:53:13.241, NVIDIA GeForce RTX 3050 6GB Laptop GPU, P0, 50, 96, 5, 247, 5500, 14.20, [N/A], 45.00, 0x0000000000000001, Active, Not Active, Not Active, Not Active, Not Active
2026/09/23 14:53:13.493, NVIDIA GeForce RTX 3050 6GB Laptop GPU, P0, 50, 96, 5, 247, 5500, 13.96, [N/A], 45.00, 0x0000000000000001, Active, Not Active, Not Active, Not Active, Not Active
2026/09/23 14:53:13.746, NVIDIA GeForce RTX 3050 6GB Laptop GPU, P3, 50, 96, 5, 75, 5000, 13.84, [N/A], 45.00, 0x0000000000000001, Active, Not Active, Not Active, Not Active, Not Active
2026/09/23 14:53:14.006, NVIDIA GeForce RTX 3050 6GB Laptop GPU, P3, 50, 96, 5, 75, 5000, 13.73, [N/A], 45.00, 0x0000000000000001, Active, Not Active, Not Active, Not Active, Not Active
2026/09/23 14:53:14.259, NVIDIA GeForce RTX 3050 6GB Laptop GPU, P0, 50, 97, 4, 247, 5500, 13.91, [N/A], 45.00, 0x0000000000000001, Active, Not Active, Not Active, Not Active, Not Active
2026/09/23 14:53:14.511, NVIDIA GeForce RTX 3050 6GB Laptop GPU, P0, 50, 97, 4, 247, 5500, 13.91, [N/A], 45.00, 0x0000000000000001, Active, Not Active, Not Active, Not Active, Not Active
2026/09/23 14:53:14.762, NVIDIA GeForce RTX 3050 6GB Laptop GPU, P0, 50, 97, 4, 247, 5500, 13.82, [N/A], 45.00, 0x0000000000000001, Active, Not Active, Not Active, Not Active, Not Active
2026/09/23 14:53:15.017, NVIDIA GeForce RTX 3050 6GB Laptop GPU, P0, 50, 97, 4, 247, 5500, 14.08, [N/A], 45.00, 0x0000000000000001, Active, Not Active, Not Active, Not Active, Not Active
2026/09/23 14:53:15.272, NVIDIA GeForce RTX 3050 6GB Laptop GPU, P0, 50, 77, 5, 247, 5500, 14.30, [N/A], 45.00, 0x0000000000000001, Active, Not Active, Not Active, Not Active, Not Active
2026/09/23 14:53:15.525, NVIDIA GeForce RTX 3050 6GB Laptop GPU, P0, 50, 77, 5, 247, 5500, 14.30, [N/A], 45.00, 0x0000000000000001, Active, Not Active, Not Active, Not Active, Not Active
2026/09/23 14:53:15.787, NVIDIA GeForce RTX 3050 6GB Laptop GPU, P3, 50, 77, 5, 90, 5000, 14.38, [N/A], 45.00, 0x0000000000000001, Active, Not Active, Not Active, Not Active, Not Active
2026/09/23 14:53:16.039, NVIDIA GeForce RTX 3050 6GB Laptop GPU, P3, 50, 77, 5, 90, 5000, 14.21, [N/A], 45.00, 0x0000000000000001, Active, Not Active, Not Active, Not Active, Not Active
2026/09/23 14:53:16.293, NVIDIA GeForce RTX 3050 6GB Laptop GPU, P3, 50, 45, 8, 69, 5000, 14.04, [N/A], 45.00, 0x0000000000000001, Active, Not Active, Not Active, Not Active, Not Active
2026/09/23 14:53:16.549, NVIDIA GeForce RTX 3050 6GB Laptop GPU, P3, 50, 45, 8, 69, 5000, 13.61, [N/A], 45.00, 0x0000000000000001, Active, Not Active, Not Active, Not Active, Not Active
2026/09/23 14:53:16.806, NVIDIA GeForce RTX 3050 6GB Laptop GPU, P0, 50, 45, 8, 247, 5500, 12.99, [N/A], 45.00, 0x0000000000000001, Active, Not Active, Not Active, Not Active, Not Active
2026/09/23 14:53:17.060, NVIDIA GeForce RTX 3050 6GB Laptop GPU, P0, 50, 45, 8, 247, 5500, 12.69, [N/A], 45.00, 0x0000000000000001, Active, Not Active, Not Active, Not Active, Not Active
2026/09/23 14:53:17.313, NVIDIA GeForce RTX 3050 6GB Laptop GPU, P0, 50, 0, 0, 247, 5500, 12.36, [N/A], 45.00, 0x0000000000000001, Active, Not Active, Not Active, Not Active, Not Active
2026/09/23 14:53:17.572, NVIDIA GeForce RTX 3050 6GB Laptop GPU, P0, 50, 0, 0, 247, 5500, 12.97, [N/A], 45.00, 0x0000000000000001, Active, Not Active, Not Active, Not Active, Not Active
2026/09/23 14:53:17.827, NVIDIA GeForce RTX 3050 6GB Laptop GPU, P5, 50, 0, 0, 99, 810, 13.46, [N/A], 45.00, 0x0000000000000001, Active, Not Active, Not Active, Not Active, Not Active
2026/09/23 14:53:18.086, NVIDIA GeForce RTX 3050 6GB Laptop GPU, P5, 50, 0, 0, 99, 810, 14.12, [N/A], 45.00, 0x0000000000000001, Active, Not Active, Not Active, Not Active, Not Active
2026/09/23 14:53:18.341, NVIDIA GeForce RTX 3050 6GB Laptop GPU, P0, 50, 76, 15, 247, 5500, 14.88, [N/A], 45.00, 0x0000000000000001, Active, Not Active, Not Active, Not Active, Not Active
2026/09/23 14:53:18.602, NVIDIA GeForce RTX 3050 6GB Laptop GPU, P0, 50, 76, 15, 247, 5500, 15.15, [N/A], 45.00, 0x0000000000000001, Active, Not Active, Not Active, Not Active, Not Active
2026/09/23 14:53:18.861, NVIDIA GeForce RTX 3050 6GB Laptop GPU, P0, 50, 76, 15, 247, 5500, 15.40, [N/A], 45.00, 0x0000000000000001, Active, Not Active, Not Active, Not Active, Not Active
2026/09/23 14:53:19.115, NVIDIA GeForce RTX 3050 6GB Laptop GPU, P0, 50, 76, 15, 247, 5500, 15.22, [N/A], 45.00, 0x0000000000000001, Active, Not Active, Not Active, Not Active, Not Active
2026/09/23 14:53:19.369, NVIDIA GeForce RTX 3050 6GB Laptop GPU, P0, 50, 90, 7, 247, 5500, 14.86, [N/A], 45.00, 0x0000000000000001, Active, Not Active, Not Active, Not Active, Not Active
2026/09/23 14:53:19.623, NVIDIA GeForce RTX 3050 6GB Laptop GPU, P0, 50, 90, 7, 247, 5500, 14.61, [N/A], 45.00, 0x0000000000000001, Active, Not Active, Not Active, Not Active, Not Active
2026/09/23 14:53:19.877, NVIDIA GeForce RTX 3050 6GB Laptop GPU, P3, 50, 90, 7, 90, 5000, 14.37, [N/A], 45.00, 0x0000000000000001, Active, Not Active, Not Active, Not Active, Not Active
2026/09/23 14:53:20.136, NVIDIA GeForce RTX 3050 6GB Laptop GPU, P3, 50, 90, 7, 90, 5000, 14.26, [N/A], 45.00, 0x0000000000000001, Active, Not Active, Not Active, Not Active, Not Active
2026/09/23 14:53:20.387, NVIDIA GeForce RTX 3050 6GB Laptop GPU, P3, 50, 43, 6, 65, 5000, 14.08, [N/A], 45.00, 0x0000000000000001, Active, Not Active, Not Active, Not Active, Not Active
2026/09/23 14:53:20.639, NVIDIA GeForce RTX 3050 6GB Laptop GPU, P3, 50, 43, 6, 65, 5000, 14.31, [N/A], 45.00, 0x0000000000000001, Active, Not Active, Not Active, Not Active, Not Active
2026/09/23 14:53:20.891, NVIDIA GeForce RTX 3050 6GB Laptop GPU, P3, 50, 43, 6, 97, 5000, 14.14, [N/A], 45.00, 0x0000000000000001, Active, Not Active, Not Active, Not Active, Not Active
2026/09/23 14:53:21.152, NVIDIA GeForce RTX 3050 6GB Laptop GPU, P3, 50, 43, 6, 97, 5000, 13.84, [N/A], 45.00, 0x0000000000000001, Active, Not Active, Not Active, Not Active, Not Active
2026/09/23 14:53:21.407, NVIDIA GeForce RTX 3050 6GB Laptop GPU, P3, 50, 97, 3, 52, 5000, 13.95, [N/A], 45.00, 0x0000000000000004, Not Active, Active, Not Active, Not Active, Not Active
2026/09/23 14:53:21.662, NVIDIA GeForce RTX 3050 6GB Laptop GPU, P3, 50, 97, 3, 52, 5000, 13.69, [N/A], 45.00, 0x0000000000000004, Not Active, Active, Not Active, Not Active, Not Active
2026/09/23 14:53:21.916, NVIDIA GeForce RTX 3050 6GB Laptop GPU, P0, 50, 97, 3, 247, 5500, 13.88, [N/A], 45.00, 0x0000000000000001, Active, Not Active, Not Active, Not Active, Not Active
2026/09/23 14:53:22.177, NVIDIA GeForce RTX 3050 6GB Laptop GPU, P0, 50, 97, 3, 247, 5500, 14.08, [N/A], 45.00, 0x0000000000000001, Active, Not Active, Not Active, Not Active, Not Active
2026/09/23 14:53:22.430, NVIDIA GeForce RTX 3050 6GB Laptop GPU, P0, 50, 47, 9, 247, 5500, 14.16, [N/A], 45.00, 0x0000000000000001, Active, Not Active, Not Active, Not Active, Not Active
2026/09/23 14:53:22.685, NVIDIA GeForce RTX 3050 6GB Laptop GPU, P0, 50, 47, 9, 247, 5500, 14.02, [N/A], 45.00, 0x0000000000000001, Active, Not Active, Not Active, Not Active, Not Active
2026/09/23 14:53:22.940, NVIDIA GeForce RTX 3050 6GB Laptop GPU, P0, 50, 47, 9, 247, 5500, 13.42, [N/A], 45.00, 0x0000000000000001, Active, Not Active, Not Active, Not Active, Not Active
2026/09/23 14:53:23.199, NVIDIA GeForce RTX 3050 6GB Laptop GPU, P0, 50, 47, 9, 247, 5500, 13.18, [N/A], 45.00, 0x0000000000000001, Active, Not Active, Not Active, Not Active, Not Active
2026/09/23 14:53:23.459, NVIDIA GeForce RTX 3050 6GB Laptop GPU, P0, 50, 0, 0, 247, 5500, 12.64, [N/A], 45.00, 0x0000000000000001, Active, Not Active, Not Active, Not Active, Not Active
2026/09/23 14:53:23.716, NVIDIA GeForce RTX 3050 6GB Laptop GPU, P0, 50, 0, 0, 247, 5500, 12.63, [N/A], 45.00, 0x0000000000000001, Active, Not Active, Not Active, Not Active, Not Active
2026/09/23 14:53:23.974, NVIDIA GeForce RTX 3050 6GB Laptop GPU, P0, 50, 0, 0, 247, 5500, 13.03, [N/A], 45.00, 0x0000000000000001, Active, Not Active, Not Active, Not Active, Not Active
2026/09/23 14:53:24.231, NVIDIA GeForce RTX 3050 6GB Laptop GPU, P3, 50, 72, 14, 108, 5000, 13.73, [N/A], 45.00, 0x0000000000000001, Active, Not Active, Not Active, Not Active, Not Active
2026/09/23 14:53:24.486, NVIDIA GeForce RTX 3050 6GB Laptop GPU, P3, 50, 72, 14, 108, 5000, 14.09, [N/A], 45.00, 0x0000000000000001, Active, Not Active, Not Active, Not Active, Not Active
2026/09/23 14:53:24.743, NVIDIA GeForce RTX 3050 6GB Laptop GPU, P3, 50, 72, 14, 106, 5000, 14.87, [N/A], 45.00, 0x0000000000000001, Active, Not Active, Not Active, Not Active, Not Active
2026/09/23 14:53:24.999, NVIDIA GeForce RTX 3050 6GB Laptop GPU, P3, 50, 72, 14, 106, 5000, 14.94, [N/A], 45.00, 0x0000000000000001, Active, Not Active, Not Active, Not Active, Not Active
2026/09/23 14:53:25.256, NVIDIA GeForce RTX 3050 6GB Laptop GPU, P0, 50, 85, 7, 247, 5500, 14.89, [N/A], 45.00, 0x0000000000000001, Active, Not Active, Not Active, Not Active, Not Active
2026/09/23 14:53:25.511, NVIDIA GeForce RTX 3050 6GB Laptop GPU, P0, 50, 85, 7, 247, 5500, 15.14, [N/A], 45.00, 0x0000000000000001, Active, Not Active, Not Active, Not Active, Not Active
2026/09/23 14:53:25.768, NVIDIA GeForce RTX 3050 6GB Laptop GPU, P3, 50, 85, 7, 78, 5000, 14.89, [N/A], 45.00, 0x0000000000000001, Active, Not Active, Not Active, Not Active, Not Active
2026/09/23 14:53:26.024, NVIDIA GeForce RTX 3050 6GB Laptop GPU, P3, 50, 85, 7, 78, 5000, 14.82, [N/A], 45.00, 0x0000000000000001, Active, Not Active, Not Active, Not Active, Not Active
2026/09/23 14:53:26.281, NVIDIA GeForce RTX 3050 6GB Laptop GPU, P3, 50, 74, 3, 52, 5000, 14.46, [N/A], 45.00, 0x0000000000000001, Active, Not Active, Not Active, Not Active, Not Active
2026/09/23 14:53:26.536, NVIDIA GeForce RTX 3050 6GB Laptop GPU, P3, 50, 74, 3, 52, 5000, 13.97, [N/A], 45.00, 0x0000000000000001, Active, Not Active, Not Active, Not Active, Not Active
2026/09/23 14:53:26.793, NVIDIA GeForce RTX 3050 6GB Laptop GPU, P3, 50, 74, 3, 78, 5000, 13.89, [N/A], 45.00, 0x0000000000000001, Active, Not Active, Not Active, Not Active, Not Active
2026/09/23 14:53:27.044, NVIDIA GeForce RTX 3050 6GB Laptop GPU, P3, 50, 74, 3, 78, 5000, 13.62, [N/A], 45.00, 0x0000000000000001, Active, Not Active, Not Active, Not Active, Not Active
2026/09/23 14:53:27.300, NVIDIA GeForce RTX 3050 6GB Laptop GPU, P3, 50, 54, 9, 80, 5000, 13.83, [N/A], 45.00, 0x0000000000000001, Active, Not Active, Not Active, Not Active, Not Active
2026/09/23 14:53:27.557, NVIDIA GeForce RTX 3050 6GB Laptop GPU, P3, 50, 54, 9, 80, 5000, 13.80, [N/A], 45.00, 0x0000000000000001, Active, Not Active, Not Active, Not Active, Not Active
2026/09/23 14:53:27.813, NVIDIA GeForce RTX 3050 6GB Laptop GPU, P0, 50, 54, 9, 247, 5500, 13.59, [N/A], 45.00, 0x0000000000000001, Active, Not Active, Not Active, Not Active, Not Active
2026/09/23 14:53:28.066, NVIDIA GeForce RTX 3050 6GB Laptop GPU, P0, 50, 54, 9, 247, 5500, 13.79, [N/A], 45.00, 0x0000000000000001, Active, Not Active, Not Active, Not Active, Not Active
2026/09/23 14:53:28.321, NVIDIA GeForce RTX 3050 6GB Laptop GPU, P3, 50, 59, 10, 91, 5000, 13.94, [N/A], 45.00, 0x0000000000000001, Active, Not Active, Not Active, Not Active, Not Active
2026/09/23 14:53:28.577, NVIDIA GeForce RTX 3050 6GB Laptop GPU, P3, 50, 59, 10, 91, 5000, 14.12, [N/A], 45.00, 0x0000000000000001, Active, Not Active, Not Active, Not Active, Not Active
2026/09/23 14:53:28.832, NVIDIA GeForce RTX 3050 6GB Laptop GPU, P3, 50, 59, 10, 75, 5000, 14.33, [N/A], 45.00, 0x0000000000000001, Active, Not Active, Not Active, Not Active, Not Active
2026/09/23 14:53:29.092, NVIDIA GeForce RTX 3050 6GB Laptop GPU, P3, 50, 59, 10, 75, 5000, 14.43, [N/A], 45.00, 0x0000000000000001, Active, Not Active, Not Active, Not Active, Not Active
2026/09/23 14:53:29.347, NVIDIA GeForce RTX 3050 6GB Laptop GPU, P3, 50, 0, 0, 97, 5000, 13.60, [N/A], 45.00, 0x0000000000000001, Active, Not Active, Not Active, Not Active, Not Active
2026/09/23 14:53:29.604, NVIDIA GeForce RTX 3050 6GB Laptop GPU, P3, 50, 0, 0, 97, 5000, 12.91, [N/A], 45.00, 0x0000000000000001, Active, Not Active, Not Active, Not Active, Not Active
2026/09/23 14:53:29.860, NVIDIA GeForce RTX 3050 6GB Laptop GPU, P5, 50, 0, 0, 97, 810, 12.36, [N/A], 45.00, 0x0000000000000001, Active, Not Active, Not Active, Not Active, Not Active
2026/09/23 14:53:30.115, NVIDIA GeForce RTX 3050 6GB Laptop GPU, P5, 50, 0, 0, 97, 810, 12.20, [N/A], 45.00, 0x0000000000000001, Active, Not Active, Not Active, Not Active, Not Active
2026/09/23 14:53:30.371, NVIDIA GeForce RTX 3050 6GB Laptop GPU, P5, 50, 37, 21, 97, 810, 11.67, [N/A], 45.00, 0x0000000000000001, Active, Not Active, Not Active, Not Active, Not Active
2026/09/23 14:53:30.626, NVIDIA GeForce RTX 3050 6GB Laptop GPU, P5, 50, 37, 21, 97, 810, 12.55, [N/A], 45.00, 0x0000000000000001, Active, Not Active, Not Active, Not Active, Not Active
2026/09/23 14:53:30.878, NVIDIA GeForce RTX 3050 6GB Laptop GPU, P3, 50, 37, 21, 105, 5000, 13.04, [N/A], 45.00, 0x0000000000000001, Active, Not Active, Not Active, Not Active, Not Active
2026/09/23 14:53:31.137, NVIDIA GeForce RTX 3050 6GB Laptop GPU, P3, 50, 37, 21, 105, 5000, 13.82, [N/A], 45.00, 0x0000000000000001, Active, Not Active, Not Active, Not Active, Not Active
2026/09/23 14:53:31.388, NVIDIA GeForce RTX 3050 6GB Laptop GPU, P0, 50, 89, 6, 247, 5500, 14.54, [N/A], 45.00, 0x0000000000000001, Active, Not Active, Not Active, Not Active, Not Active
2026/09/23 14:53:31.640, NVIDIA GeForce RTX 3050 6GB Laptop GPU, P0, 50, 89, 6, 247, 5500, 14.69, [N/A], 45.00, 0x0000000000000001, Active, Not Active, Not Active, Not Active, Not Active
2026/09/23 14:53:31.895, NVIDIA GeForce RTX 3050 6GB Laptop GPU, P0, 50, 89, 6, 247, 5500, 14.84, [N/A], 45.00, 0x0000000000000001, Active, Not Active, Not Active, Not Active, Not Active
2026/09/23 14:53:32.147, NVIDIA GeForce RTX 3050 6GB Laptop GPU, P0, 50, 89, 6, 247, 5500, 14.63, [N/A], 45.00, 0x0000000000000001, Active, Not Active, Not Active, Not Active, Not Active
2026/09/23 14:53:32.409, NVIDIA GeForce RTX 3050 6GB Laptop GPU, P3, 50, 66, 10, 101, 5000, 14.59, [N/A], 45.00, 0x0000000000000001, Active, Not Active, Not Active, Not Active, Not Active
2026/09/23 14:53:32.670, NVIDIA GeForce RTX 3050 6GB Laptop GPU, P3, 50, 66, 10, 101, 5000, 14.58, [N/A], 45.00, 0x0000000000000001, Active, Not Active, Not Active, Not Active, Not Active
2026/09/23 14:53:32.930, NVIDIA GeForce RTX 3050 6GB Laptop GPU, P3, 50, 66, 10, 73, 5000, 14.13, [N/A], 45.00, 0x0000000000000001, Active, Not Active, Not Active, Not Active, Not Active
2026/09/23 14:53:33.186, NVIDIA GeForce RTX 3050 6GB Laptop GPU, P3, 50, 66, 10, 73, 5000, 14.11, [N/A], 45.00, 0x0000000000000001, Active, Not Active, Not Active, Not Active, Not Active
2026/09/23 14:53:33.438, NVIDIA GeForce RTX 3050 6GB Laptop GPU, P3, 50, 44, 7, 65, 5000, 13.70, [N/A], 45.00, 0x0000000000000001, Active, Not Active, Not Active, Not Active, Not Active
2026/09/23 14:53:33.697, NVIDIA GeForce RTX 3050 6GB Laptop GPU, P3, 50, 44, 7, 65, 5000, 13.69, [N/A], 45.00, 0x0000000000000001, Active, Not Active, Not Active, Not Active, Not Active
2026/09/23 14:53:33.948, NVIDIA GeForce RTX 3050 6GB Laptop GPU, P3, 50, 44, 7, 73, 5000, 13.67, [N/A], 45.00, 0x0000000000000001, Active, Not Active, Not Active, Not Active, Not Active
2026/09/23 14:53:34.206, NVIDIA GeForce RTX 3050 6GB Laptop GPU, P3, 50, 44, 7, 73, 5000, 13.73, [N/A], 45.00, 0x0000000000000001, Active, Not Active, Not Active, Not Active, Not Active
2026/09/23 14:53:34.458, NVIDIA GeForce RTX 3050 6GB Laptop GPU, P0, 50, 39, 5, 247, 5500, 13.93, [N/A], 45.00, 0x0000000000000001, Active, Not Active, Not Active, Not Active, Not Active
2026/09/23 14:53:34.713, NVIDIA GeForce RTX 3050 6GB Laptop GPU, P5, 50, 39, 5, 52, 810, 13.56, [N/A], 45.00, 0x0000000000000001, Active, Not Active, Not Active, Not Active, Not Active
2026/09/23 14:53:34.973, NVIDIA GeForce RTX 3050 6GB Laptop GPU, P5, 50, 39, 5, 52, 810, 13.66, [N/A], 45.00, 0x0000000000000001, Active, Not Active, Not Active, Not Active, Not Active
2026/09/23 14:53:35.226, NVIDIA GeForce RTX 3050 6GB Laptop GPU, P0, 50, 81, 31, 247, 5500, 13.72, [N/A], 45.00, 0x0000000000000001, Active, Not Active, Not Active, Not Active, Not Active
2026/09/23 14:53:35.481, NVIDIA GeForce RTX 3050 6GB Laptop GPU, P0, 50, 81, 31, 247, 5500, 13.66, [N/A], 45.00, 0x0000000000000001, Active, Not Active, Not Active, Not Active, Not Active
2026/09/23 14:53:35.732, NVIDIA GeForce RTX 3050 6GB Laptop GPU, P0, 50, 81, 31, 247, 5500, 13.82, [N/A], 45.00, 0x0000000000000001, Active, Not Active, Not Active, Not Active, Not Active
2026/09/23 14:53:35.986, NVIDIA GeForce RTX 3050 6GB Laptop GPU, P0, 50, 81, 31, 247, 5500, 14.16, [N/A], 45.00, 0x0000000000000001, Active, Not Active, Not Active, Not Active, Not Active
2026/09/23 14:53:36.244, NVIDIA GeForce RTX 3050 6GB Laptop GPU, P3, 50, 0, 0, 52, 5000, 13.41, [N/A], 45.00, 0x0000000000000001, Active, Not Active, Not Active, Not Active, Not Active
2026/09/23 14:53:36.499, NVIDIA GeForce RTX 3050 6GB Laptop GPU, P3, 50, 0, 0, 52, 5000, 12.81, [N/A], 45.00, 0x0000000000000001, Active, Not Active, Not Active, Not Active, Not Active
2026/09/23 14:53:36.756, NVIDIA GeForce RTX 3050 6GB Laptop GPU, P3, 50, 0, 0, 52, 5000, 12.45, [N/A], 45.00, 0x0000000000000001, Active, Not Active, Not Active, Not Active, Not Active
2026/09/23 14:53:37.012, NVIDIA GeForce RTX 3050 6GB Laptop GPU, P3, 50, 0, 0, 52, 5000, 11.90, [N/A], 45.00, 0x0000000000000001, Active, Not Active, Not Active, Not Active, Not Active
2026/09/23 14:53:37.265, NVIDIA GeForce RTX 3050 6GB Laptop GPU, P0, 50, 81, 4, 204, 5500, 12.00, [N/A], 45.00, 0x0000000000000004, Not Active, Active, Not Active, Not Active, Not Active
2026/09/23 14:53:37.517, NVIDIA GeForce RTX 3050 6GB Laptop GPU, P0, 50, 81, 4, 204, 5500, 12.90, [N/A], 45.00, 0x0000000000000004, Not Active, Active, Not Active, Not Active, Not Active
2026/09/23 14:53:37.769, NVIDIA GeForce RTX 3050 6GB Laptop GPU, P0, 50, 81, 4, 247, 5500, 13.34, [N/A], 45.00, 0x0000000000000001, Active, Not Active, Not Active, Not Active, Not Active
2026/09/23 14:53:38.021, NVIDIA GeForce RTX 3050 6GB Laptop GPU, P0, 50, 81, 4, 247, 5500, 14.12, [N/A], 45.00, 0x0000000000000001, Active, Not Active, Not Active, Not Active, Not Active
2026/09/23 14:53:38.280, NVIDIA GeForce RTX 3050 6GB Laptop GPU, P3, 51, 70, 11, 108, 5000, 14.73, [N/A], 45.00, 0x0000000000000001, Active, Not Active, Not Active, Not Active, Not Active
2026/09/23 14:53:38.541, NVIDIA GeForce RTX 3050 6GB Laptop GPU, P3, 51, 70, 11, 108, 5000, 14.66, [N/A], 45.00, 0x0000000000000001, Active, Not Active, Not Active, Not Active, Not Active
2026/09/23 14:53:38.793, NVIDIA GeForce RTX 3050 6GB Laptop GPU, P3, 50, 70, 11, 99, 5000, 14.92, [N/A], 45.00, 0x0000000000000001, Active, Not Active, Not Active, Not Active, Not Active
2026/09/23 14:53:39.055, NVIDIA GeForce RTX 3050 6GB Laptop GPU, P3, 50, 70, 11, 99, 5000, 14.93, [N/A], 45.00, 0x0000000000000001, Active, Not Active, Not Active, Not Active, Not Active
2026/09/23 14:53:39.306, NVIDIA GeForce RTX 3050 6GB Laptop GPU, P0, 50, 78, 6, 247, 5500, 14.71, [N/A], 45.00, 0x0000000000000001, Active, Not Active, Not Active, Not Active, Not Active
2026/09/23 14:53:39.559, NVIDIA GeForce RTX 3050 6GB Laptop GPU, P0, 50, 78, 6, 247, 5500, 14.65, [N/A], 45.00, 0x0000000000000001, Active, Not Active, Not Active, Not Active, Not Active
2026/09/23 14:53:39.813, NVIDIA GeForce RTX 3050 6GB Laptop GPU, P0, 51, 78, 6, 247, 5500, 14.48, [N/A], 45.00, 0x0000000000000001, Active, Not Active, Not Active, Not Active, Not Active
2026/09/23 14:53:40.065, NVIDIA GeForce RTX 3050 6GB Laptop GPU, P0, 51, 78, 6, 247, 5500, 14.23, [N/A], 45.00, 0x0000000000000001, Active, Not Active, Not Active, Not Active, Not Active
2026/09/23 14:53:40.316, NVIDIA GeForce RTX 3050 6GB Laptop GPU, P3, 50, 55, 7, 84, 5000, 14.20, [N/A], 45.00, 0x0000000000000001, Active, Not Active, Not Active, Not Active, Not Active
2026/09/23 14:53:40.569, NVIDIA GeForce RTX 3050 6GB Laptop GPU, P3, 50, 55, 7, 84, 5000, 13.93, [N/A], 45.00, 0x0000000000000001, Active, Not Active, Not Active, Not Active, Not Active
2026/09/23 14:53:40.822, NVIDIA GeForce RTX 3050 6GB Laptop GPU, P0, 50, 55, 7, 247, 5500, 14.05, [N/A], 45.00, 0x0000000000000001, Active, Not Active, Not Active, Not Active, Not Active
2026/09/23 14:53:41.075, NVIDIA GeForce RTX 3050 6GB Laptop GPU, P0, 50, 55, 7, 247, 5500, 13.93, [N/A], 45.00, 0x0000000000000001, Active, Not Active, Not Active, Not Active, Not Active
2026/09/23 14:53:41.330, NVIDIA GeForce RTX 3050 6GB Laptop GPU, P0, 50, 78, 4, 196, 5500, 13.66, [N/A], 45.00, 0x0000000000000004, Not Active, Active, Not Active, Not Active, Not Active
2026/09/23 14:53:41.583, NVIDIA GeForce RTX 3050 6GB Laptop GPU, P0, 50, 78, 4, 196, 5500, 13.91, [N/A], 45.00, 0x0000000000000004, Not Active, Active, Not Active, Not Active, Not Active
2026/09/23 14:53:41.836, NVIDIA GeForce RTX 3050 6GB Laptop GPU, P0, 50, 78, 4, 247, 5500, 14.12, [N/A], 45.00, 0x0000000000000001, Active, Not Active, Not Active, Not Active, Not Active
2026/09/23 14:53:42.091, NVIDIA GeForce RTX 3050 6GB Laptop GPU, P0, 50, 78, 4, 247, 5500, 13.94, [N/A], 45.00, 0x0000000000000001, Active, Not Active, Not Active, Not Active, Not Active
2026/09/23 14:53:42.349, NVIDIA GeForce RTX 3050 6GB Laptop GPU, P0, 50, 99, 4, 204, 5500, 14.04, [N/A], 45.00, 0x0000000000000004, Not Active, Active, Not Active, Not Active, Not Active
2026/09/23 14:53:42.610, NVIDIA GeForce RTX 3050 6GB Laptop GPU, P0, 50, 99, 4, 204, 5500, 13.77, [N/A], 45.00, 0x0000000000000004, Not Active, Active, Not Active, Not Active, Not Active
2026/09/23 14:53:42.864, NVIDIA GeForce RTX 3050 6GB Laptop GPU, P0, 50, 99, 4, 247, 5500, 13.77, [N/A], 45.00, 0x0000000000000001, Active, Not Active, Not Active, Not Active, Not Active
2026/09/23 14:53:43.117, NVIDIA GeForce RTX 3050 6GB Laptop GPU, P0, 50, 99, 4, 247, 5500, 13.40, [N/A], 45.00, 0x0000000000000001, Active, Not Active, Not Active, Not Active, Not Active
2026/09/23 14:53:43.372, NVIDIA GeForce RTX 3050 6GB Laptop GPU, P0, 50, 0, 0, 247, 5500, 13.24, [N/A], 45.00, 0x0000000000000001, Active, Not Active, Not Active, Not Active, Not Active
2026/09/23 14:53:43.628, NVIDIA GeForce RTX 3050 6GB Laptop GPU, P0, 50, 0, 0, 247, 5500, 12.67, [N/A], 45.00, 0x0000000000000001, Active, Not Active, Not Active, Not Active, Not Active
2026/09/23 14:53:43.883, NVIDIA GeForce RTX 3050 6GB Laptop GPU, P0, 50, 0, 0, 247, 5500, 12.32, [N/A], 45.00, 0x0000000000000001, Active, Not Active, Not Active, Not Active, Not Active
2026/09/23 14:53:44.142, NVIDIA GeForce RTX 3050 6GB Laptop GPU, P0, 50, 0, 0, 247, 5500, 12.96, [N/A], 45.00, 0x0000000000000001, Active, Not Active, Not Active, Not Active, Not Active
2026/09/23 14:53:44.393, NVIDIA GeForce RTX 3050 6GB Laptop GPU, P0, 50, 89, 33, 247, 5500, 13.67, [N/A], 45.00, 0x0000000000000001, Active, Not Active, Not Active, Not Active, Not Active
2026/09/23 14:53:44.653, NVIDIA GeForce RTX 3050 6GB Laptop GPU, P0, 50, 89, 33, 247, 5500, 14.00, [N/A], 45.00, 0x0000000000000001, Active, Not Active, Not Active, Not Active, Not Active
2026/09/23 14:53:44.917, NVIDIA GeForce RTX 3050 6GB Laptop GPU, P0, 50, 89, 33, 247, 5500, 14.81, [N/A], 45.00, 0x0000000000000001, Active, Not Active, Not Active, Not Active, Not Active
2026/09/23 14:53:45.171, NVIDIA GeForce RTX 3050 6GB Laptop GPU, P0, 50, 89, 33, 247, 5500, 14.66, [N/A], 45.00, 0x0000000000000001, Active, Not Active, Not Active, Not Active, Not Active
2026/09/23 14:53:45.430, NVIDIA GeForce RTX 3050 6GB Laptop GPU, P3, 50, 68, 10, 103, 5000, 14.78, [N/A], 45.00, 0x0000000000000001, Active, Not Active, Not Active, Not Active, Not Active
2026/09/23 14:53:45.686, NVIDIA GeForce RTX 3050 6GB Laptop GPU, P3, 50, 68, 10, 103, 5000, 14.81, [N/A], 45.00, 0x0000000000000001, Active, Not Active, Not Active, Not Active, Not Active
2026/09/23 14:53:45.938, NVIDIA GeForce RTX 3050 6GB Laptop GPU, P3, 50, 68, 10, 93, 5000, 14.55, [N/A], 45.00, 0x0000000000000001, Active, Not Active, Not Active, Not Active, Not Active
2026/09/23 14:53:46.196, NVIDIA GeForce RTX 3050 6GB Laptop GPU, P3, 50, 68, 10, 93, 5000, 14.41, [N/A], 45.00, 0x0000000000000001, Active, Not Active, Not Active, Not Active, Not Active
2026/09/23 14:53:46.457, NVIDIA GeForce RTX 3050 6GB Laptop GPU, P0, 50, 88, 5, 245, 5500, 14.32, [N/A], 45.00, 0x0000000000000004, Not Active, Active, Not Active, Not Active, Not Active
2026/09/23 14:53:46.711, NVIDIA GeForce RTX 3050 6GB Laptop GPU, P3, 50, 88, 5, 91, 5000, 14.22, [N/A], 45.00, 0x0000000000000001, Active, Not Active, Not Active, Not Active, Not Active
2026/09/23 14:53:46.966, NVIDIA GeForce RTX 3050 6GB Laptop GPU, P3, 50, 88, 5, 91, 5000, 14.13, [N/A], 45.00, 0x0000000000000001, Active, Not Active, Not Active, Not Active, Not Active
2026/09/23 14:53:47.226, NVIDIA GeForce RTX 3050 6GB Laptop GPU, P3, 51, 61, 8, 90, 5000, 14.15, [N/A], 45.00, 0x0000000000000001, Active, Not Active, Not Active, Not Active, Not Active
2026/09/23 14:53:47.488, NVIDIA GeForce RTX 3050 6GB Laptop GPU, P3, 51, 61, 8, 90, 5000, 14.10, [N/A], 45.00, 0x0000000000000001, Active, Not Active, Not Active, Not Active, Not Active
2026/09/23 14:53:47.744, NVIDIA GeForce RTX 3050 6GB Laptop GPU, P0, 50, 61, 8, 247, 5500, 14.03, [N/A], 45.00, 0x0000000000000001, Active, Not Active, Not Active, Not Active, Not Active
2026/09/23 14:53:48.002, NVIDIA GeForce RTX 3050 6GB Laptop GPU, P0, 50, 61, 8, 247, 5500, 14.13, [N/A], 45.00, 0x0000000000000001, Active, Not Active, Not Active, Not Active, Not Active
2026/09/23 14:53:48.255, NVIDIA GeForce RTX 3050 6GB Laptop GPU, P0, 50, 98, 2, 202, 5500, 13.94, [N/A], 45.00, 0x0000000000000004, Not Active, Active, Not Active, Not Active, Not Active
2026/09/23 14:53:48.516, NVIDIA GeForce RTX 3050 6GB Laptop GPU, P0, 50, 98, 2, 202, 5500, 13.95, [N/A], 45.00, 0x0000000000000004, Not Active, Active, Not Active, Not Active, Not Active
2026/09/23 14:53:48.770, NVIDIA GeForce RTX 3050 6GB Laptop GPU, P3, 50, 98, 2, 52, 5000, 13.77, [N/A], 45.00, 0x0000000000000001, Active, Not Active, Not Active, Not Active, Not Active
2026/09/23 14:53:49.024, NVIDIA GeForce RTX 3050 6GB Laptop GPU, P3, 50, 98, 2, 52, 5000, 13.72, [N/A], 45.00, 0x0000000000000001, Active, Not Active, Not Active, Not Active, Not Active
2026/09/23 14:53:49.277, NVIDIA GeForce RTX 3050 6GB Laptop GPU, P0, 50, 79, 4, 247, 5500, 13.74, [N/A], 45.00, 0x0000000000000004, Not Active, Active, Not Active, Not Active, Not Active
2026/09/23 14:53:49.529, NVIDIA GeForce RTX 3050 6GB Laptop GPU, P0, 50, 79, 4, 247, 5500, 13.70, [N/A], 45.00, 0x0000000000000004, Not Active, Active, Not Active, Not Active, Not Active
2026/09/23 14:53:49.784, NVIDIA GeForce RTX 3050 6GB Laptop GPU, P5, 50, 79, 4, 93, 810, 13.39, [N/A], 45.00, 0x0000000000000001, Active, Not Active, Not Active, Not Active, Not Active
2026/09/23 14:53:50.042, NVIDIA GeForce RTX 3050 6GB Laptop GPU, P5, 50, 79, 4, 93, 810, 12.75, [N/A], 45.00, 0x0000000000000001, Active, Not Active, Not Active, Not Active, Not Active
2026/09/23 14:53:50.297, NVIDIA GeForce RTX 3050 6GB Laptop GPU, P5, 50, 0, 0, 93, 810, 12.01, [N/A], 45.00, 0x0000000000000001, Active, Not Active, Not Active, Not Active, Not Active
2026/09/23 14:53:50.552, NVIDIA GeForce RTX 3050 6GB Laptop GPU, P5, 50, 0, 0, 93, 810, 11.27, [N/A], 45.00, 0x0000000000000001, Active, Not Active, Not Active, Not Active, Not Active
2026/09/23 14:53:50.805, NVIDIA GeForce RTX 3050 6GB Laptop GPU, P5, 50, 0, 0, 93, 810, 11.77, [N/A], 45.00, 0x0000000000000001, Active, Not Active, Not Active, Not Active, Not Active
2026/09/23 14:53:51.066, NVIDIA GeForce RTX 3050 6GB Laptop GPU, P5, 50, 0, 0, 93, 810, 12.59, [N/A], 45.00, 0x0000000000000001, Active, Not Active, Not Active, Not Active, Not Active
2026/09/23 14:53:51.327, NVIDIA GeForce RTX 3050 6GB Laptop GPU, P0, 50, 76, 6, 247, 5500, 13.46, [N/A], 45.00, 0x0000000000000001, Active, Not Active, Not Active, Not Active, Not Active
2026/09/23 14:53:51.581, NVIDIA GeForce RTX 3050 6GB Laptop GPU, P0, 50, 76, 6, 247, 5500, 13.93, [N/A], 45.00, 0x0000000000000001, Active, Not Active, Not Active, Not Active, Not Active
2026/09/23 14:53:51.835, NVIDIA GeForce RTX 3050 6GB Laptop GPU, P0, 50, 76, 6, 247, 5500, 14.94, [N/A], 45.00, 0x0000000000000001, Active, Not Active, Not Active, Not Active, Not Active
2026/09/23 14:53:52.089, NVIDIA GeForce RTX 3050 6GB Laptop GPU, P0, 50, 76, 6, 247, 5500, 14.88, [N/A], 45.00, 0x0000000000000001, Active, Not Active, Not Active, Not Active, Not Active
2026/09/23 14:53:52.346, NVIDIA GeForce RTX 3050 6GB Laptop GPU, P3, 50, 69, 10, 105, 5000, 15.08, [N/A], 45.00, 0x0000000000000001, Active, Not Active, Not Active, Not Active, Not Active
2026/09/23 14:53:52.602, NVIDIA GeForce RTX 3050 6GB Laptop GPU, P3, 50, 69, 10, 105, 5000, 14.86, [N/A], 45.00, 0x0000000000000001, Active, Not Active, Not Active, Not Active, Not Active
2026/09/23 14:53:52.859, NVIDIA GeForce RTX 3050 6GB Laptop GPU, P3, 51, 69, 10, 80, 5000, 14.63, [N/A], 45.00, 0x0000000000000001, Active, Not Active, Not Active, Not Active, Not Active
2026/09/23 14:53:53.114, NVIDIA GeForce RTX 3050 6GB Laptop GPU, P3, 51, 69, 10, 80, 5000, 14.57, [N/A], 45.00, 0x0000000000000001, Active, Not Active, Not Active, Not Active, Not Active
2026/09/23 14:53:53.369, NVIDIA GeForce RTX 3050 6GB Laptop GPU, P0, 50, 89, 6, 247, 5500, 14.27, [N/A], 45.00, 0x0000000000000001, Active, Not Active, Not Active, Not Active, Not Active
2026/09/23 14:53:53.624, NVIDIA GeForce RTX 3050 6GB Laptop GPU, P0, 50, 89, 6, 247, 5500, 14.04, [N/A], 45.00, 0x0000000000000001, Active, Not Active, Not Active, Not Active, Not Active
2026/09/23 14:53:53.878, NVIDIA GeForce RTX 3050 6GB Laptop GPU, P0, 50, 89, 6, 247, 5500, 14.25, [N/A], 45.00, 0x0000000000000001, Active, Not Active, Not Active, Not Active, Not Active
2026/09/23 14:53:54.142, NVIDIA GeForce RTX 3050 6GB Laptop GPU, P0, 50, 89, 6, 247, 5500, 13.97, [N/A], 45.00, 0x0000000000000001, Active, Not Active, Not Active, Not Active, Not Active
2026/09/23 14:53:54.400, NVIDIA GeForce RTX 3050 6GB Laptop GPU, P0, 50, 83, 4, 208, 5500, 14.05, [N/A], 45.00, 0x0000000000000004, Not Active, Active, Not Active, Not Active, Not Active
2026/09/23 14:53:54.655, NVIDIA GeForce RTX 3050 6GB Laptop GPU, P0, 50, 83, 4, 208, 5500, 13.98, [N/A], 45.00, 0x0000000000000004, Not Active, Active, Not Active, Not Active, Not Active
2026/09/23 14:53:54.910, NVIDIA GeForce RTX 3050 6GB Laptop GPU, P0, 50, 83, 4, 247, 5500, 13.96, [N/A], 45.00, 0x0000000000000001, Active, Not Active, Not Active, Not Active, Not Active
2026/09/23 14:53:55.169, NVIDIA GeForce RTX 3050 6GB Laptop GPU, P0, 50, 83, 4, 247, 5500, 13.87, [N/A], 45.00, 0x0000000000000001, Active, Not Active, Not Active, Not Active, Not Active
2026/09/23 14:53:55.428, NVIDIA GeForce RTX 3050 6GB Laptop GPU, P0, 50, 98, 4, 202, 5500, 13.98, [N/A], 45.00, 0x0000000000000004, Not Active, Active, Not Active, Not Active, Not Active
2026/09/23 14:53:55.682, NVIDIA GeForce RTX 3050 6GB Laptop GPU, P0, 50, 98, 4, 202, 5500, 13.68, [N/A], 45.00, 0x0000000000000004, Not Active, Active, Not Active, Not Active, Not Active
2026/09/23 14:53:55.935, NVIDIA GeForce RTX 3050 6GB Laptop GPU, P0, 51, 98, 4, 247, 5500, 13.72, [N/A], 45.00, 0x0000000000000001, Active, Not Active, Not Active, Not Active, Not Active
2026/09/23 14:53:56.190, NVIDIA GeForce RTX 3050 6GB Laptop GPU, P0, 51, 98, 4, 247, 5500, 13.77, [N/A], 45.00, 0x0000000000000001, Active, Not Active, Not Active, Not Active, Not Active
2026/09/23 14:53:56.446, NVIDIA GeForce RTX 3050 6GB Laptop GPU, P0, 50, 18, 1, 247, 5500, 13.52, [N/A], 45.00, 0x0000000000000001, Active, Not Active, Not Active, Not Active, Not Active
2026/09/23 14:53:56.701, NVIDIA GeForce RTX 3050 6GB Laptop GPU, P0, 50, 18, 1, 247, 5500, 13.23, [N/A], 45.00, 0x0000000000000001, Active, Not Active, Not Active, Not Active, Not Active
2026/09/23 14:53:56.958, NVIDIA GeForce RTX 3050 6GB Laptop GPU, P0, 50, 18, 1, 247, 5500, 12.72, [N/A], 45.00, 0x0000000000000001, Active, Not Active, Not Active, Not Active, Not Active
2026/09/23 14:53:57.219, NVIDIA GeForce RTX 3050 6GB Laptop GPU, P0, 51, 9, 3, 247, 5500, 12.43, [N/A], 45.00, 0x0000000000000001, Active, Not Active, Not Active, Not Active, Not Active
2026/09/23 14:53:57.470, NVIDIA GeForce RTX 3050 6GB Laptop GPU, P0, 51, 9, 3, 247, 5500, 13.08, [N/A], 45.00, 0x0000000000000001, Active, Not Active, Not Active, Not Active, Not Active
2026/09/23 14:53:57.722, NVIDIA GeForce RTX 3050 6GB Laptop GPU, P0, 50, 9, 3, 247, 5500, 13.53, [N/A], 45.00, 0x0000000000000001, Active, Not Active, Not Active, Not Active, Not Active
2026/09/23 14:53:57.973, NVIDIA GeForce RTX 3050 6GB Laptop GPU, P0, 50, 9, 3, 247, 5500, 13.94, [N/A], 45.00, 0x0000000000000001, Active, Not Active, Not Active, Not Active, Not Active
2026/09/23 14:53:58.227, NVIDIA GeForce RTX 3050 6GB Laptop GPU, P3, 50, 71, 11, 108, 5000, 14.91, [N/A], 45.00, 0x0000000000000001, Active, Not Active, Not Active, Not Active, Not Active
2026/09/23 14:53:58.489, NVIDIA GeForce RTX 3050 6GB Laptop GPU, P3, 50, 71, 11, 108, 5000, 14.58, [N/A], 45.00, 0x0000000000000001, Active, Not Active, Not Active, Not Active, Not Active
2026/09/23 14:53:58.741, NVIDIA GeForce RTX 3050 6GB Laptop GPU, P3, 51, 71, 11, 97, 5000, 14.86, [N/A], 45.00, 0x0000000000000001, Active, Not Active, Not Active, Not Active, Not Active
2026/09/23 14:53:58.993, NVIDIA GeForce RTX 3050 6GB Laptop GPU, P3, 51, 71, 11, 97, 5000, 15.02, [N/A], 45.00, 0x0000000000000001, Active, Not Active, Not Active, Not Active, Not Active
2026/09/23 14:53:59.251, NVIDIA GeForce RTX 3050 6GB Laptop GPU, P3, 50, 51, 7, 80, 5000, 15.00, [N/A], 45.00, 0x0000000000000001, Active, Not Active, Not Active, Not Active, Not Active
2026/09/23 14:53:59.502, NVIDIA GeForce RTX 3050 6GB Laptop GPU, P3, 50, 51, 7, 80, 5000, 14.93, [N/A], 45.00, 0x0000000000000001, Active, Not Active, Not Active, Not Active, Not Active
2026/09/23 14:53:59.757, NVIDIA GeForce RTX 3050 6GB Laptop GPU, P3, 50, 51, 7, 93, 5000, 14.77, [N/A], 45.00, 0x0000000000000001, Active, Not Active, Not Active, Not Active, Not Active
2026/09/23 14:54:00.011, NVIDIA GeForce RTX 3050 6GB Laptop GPU, P3, 50, 51, 7, 93, 5000, 14.68, [N/A], 45.00, 0x0000000000000001, Active, Not Active, Not Active, Not Active, Not Active
2026/09/23 14:54:00.270, NVIDIA GeForce RTX 3050 6GB Laptop GPU, P3, 51, 74, 4, 52, 5000, 14.18, [N/A], 45.00, 0x0000000000000001, Active, Not Active, Not Active, Not Active, Not Active
2026/09/23 14:54:00.524, NVIDIA GeForce RTX 3050 6GB Laptop GPU, P3, 51, 74, 4, 52, 5000, 14.11, [N/A], 45.00, 0x0000000000000001, Active, Not Active, Not Active, Not Active, Not Active
2026/09/23 14:54:00.777, NVIDIA GeForce RTX 3050 6GB Laptop GPU, P3, 51, 74, 4, 80, 5000, 13.92, [N/A], 45.00, 0x0000000000000001, Active, Not Active, Not Active, Not Active, Not Active
2026/09/23 14:54:01.039, NVIDIA GeForce RTX 3050 6GB Laptop GPU, P3, 51, 74, 4, 80, 5000, 12.90, [N/A], 45.00, 0x0000000000000001, Active, Not Active, Not Active, Not Active, Not Active
2026/09/23 14:54:01.297, NVIDIA GeForce RTX 3050 6GB Laptop GPU, P3, 51, 45, 7, 69, 5000, 13.91, [N/A], 44.79, 0x0000000000000001, Active, Not Active, Not Active, Not Active, Not Active
2026/09/23 14:54:01.550, NVIDIA GeForce RTX 3050 6GB Laptop GPU, P3, 51, 45, 7, 69, 5000, 14.03, [N/A], 44.79, 0x0000000000000001, Active, Not Active, Not Active, Not Active, Not Active
2026/09/23 14:54:01.802, NVIDIA GeForce RTX 3050 6GB Laptop GPU, P3, 51, 45, 7, 90, 5000, 14.06, [N/A], 44.79, 0x0000000000000001, Active, Not Active, Not Active, Not Active, Not Active
2026/09/23 14:54:02.055, NVIDIA GeForce RTX 3050 6GB Laptop GPU, P3, 51, 45, 7, 90, 5000, 14.26, [N/A], 44.79, 0x0000000000000001, Active, Not Active, Not Active, Not Active, Not Active
2026/09/23 14:54:02.311, NVIDIA GeForce RTX 3050 6GB Laptop GPU, P0, 51, 81, 5, 247, 5500, 14.28, [N/A], 44.79, 0x0000000000000001, Active, Not Active, Not Active, Not Active, Not Active
2026/09/23 14:54:02.562, NVIDIA GeForce RTX 3050 6GB Laptop GPU, P0, 51, 81, 5, 247, 5500, 14.28, [N/A], 44.79, 0x0000000000000001, Active, Not Active, Not Active, Not Active, Not Active
2026/09/23 14:54:02.820, NVIDIA GeForce RTX 3050 6GB Laptop GPU, P3, 51, 81, 5, 86, 5000, 13.48, [N/A], 44.79, 0x0000000000000001, Active, Not Active, Not Active, Not Active, Not Active
2026/09/23 14:54:03.077, NVIDIA GeForce RTX 3050 6GB Laptop GPU, P3, 51, 81, 5, 86, 5000, 13.01, [N/A], 44.79, 0x0000000000000001, Active, Not Active, Not Active, Not Active, Not Active
2026/09/23 14:54:03.335, NVIDIA GeForce RTX 3050 6GB Laptop GPU, P5, 50, 0, 0, 86, 810, 12.22, [N/A], 44.79, 0x0000000000000001, Active, Not Active, Not Active, Not Active, Not Active
2026/09/23 14:54:03.589, NVIDIA GeForce RTX 3050 6GB Laptop GPU, P5, 50, 0, 0, 86, 810, 13.38, [N/A], 44.79, 0x0000000000000001, Active, Not Active, Not Active, Not Active, Not Active
2026/09/23 14:54:03.846, NVIDIA GeForce RTX 3050 6GB Laptop GPU, P5, 50, 0, 0, 52, 810, 12.76, [N/A], 45.00, 0x0000000000000001, Active, Not Active, Not Active, Not Active, Not Active
2026/09/23 14:54:04.100, NVIDIA GeForce RTX 3050 6GB Laptop GPU, P5, 50, 0, 0, 52, 810, 14.01, [N/A], 45.00, 0x0000000000000001, Active, Not Active, Not Active, Not Active, Not Active
2026/09/23 14:54:04.352, NVIDIA GeForce RTX 3050 6GB Laptop GPU, P0, 51, 91, 37, 247, 5500, 14.19, [N/A], 45.00, 0x0000000000000001, Active, Not Active, Not Active, Not Active, Not Active
2026/09/23 14:54:04.605, NVIDIA GeForce RTX 3050 6GB Laptop GPU, P0, 51, 91, 37, 247, 5500, 14.29, [N/A], 45.00, 0x0000000000000001, Active, Not Active, Not Active, Not Active, Not Active
2026/09/23 14:54:04.861, NVIDIA GeForce RTX 3050 6GB Laptop GPU, P0, 51, 91, 37, 247, 5500, 14.85, [N/A], 45.00, 0x0000000000000001, Active, Not Active, Not Active, Not Active, Not Active
2026/09/23 14:54:05.115, NVIDIA GeForce RTX 3050 6GB Laptop GPU, P0, 51, 91, 37, 247, 5500, 16.11, [N/A], 45.00, 0x0000000000000001, Active, Not Active, Not Active, Not Active, Not Active
2026/09/23 14:54:05.368, NVIDIA GeForce RTX 3050 6GB Laptop GPU, P3, 51, 74, 11, 114, 5000, 15.49, [N/A], 44.63, 0x0000000000000001, Active, Not Active, Not Active, Not Active, Not Active
2026/09/23 14:54:05.621, NVIDIA GeForce RTX 3050 6GB Laptop GPU, P3, 51, 74, 11, 114, 5000, 15.86, [N/A], 44.63, 0x0000000000000001, Active, Not Active, Not Active, Not Active, Not Active
2026/09/23 14:54:05.877, NVIDIA GeForce RTX 3050 6GB Laptop GPU, P3, 51, 74, 11, 99, 5000, 13.58, [N/A], 44.12, 0x0000000000000001, Active, Not Active, Not Active, Not Active, Not Active
2026/09/23 14:54:06.130, NVIDIA GeForce RTX 3050 6GB Laptop GPU, P3, 51, 74, 11, 99, 5000, 13.92, [N/A], 44.12, 0x0000000000000001, Active, Not Active, Not Active, Not Active, Not Active
2026/09/23 14:54:06.390, NVIDIA GeForce RTX 3050 6GB Laptop GPU, P0, 51, 84, 3, 247, 5500, 16.77, [N/A], 44.12, 0x0000000000000001, Active, Not Active, Not Active, Not Active, Not Active
2026/09/23 14:54:06.649, NVIDIA GeForce RTX 3050 6GB Laptop GPU, P0, 51, 84, 3, 247, 5500, 13.10, [N/A], 44.12, 0x0000000000000001, Active, Not Active, Not Active, Not Active, Not Active
2026/09/23 14:54:06.902, NVIDIA GeForce RTX 3050 6GB Laptop GPU, P0, 51, 84, 3, 247, 5500, 14.11, [N/A], 43.57, 0x0000000000000001, Active, Not Active, Not Active, Not Active, Not Active
2026/09/23 14:54:07.162, NVIDIA GeForce RTX 3050 6GB Laptop GPU, P0, 51, 84, 3, 247, 5500, 14.17, [N/A], 43.57, 0x0000000000000001, Active, Not Active, Not Active, Not Active, Not Active
2026/09/23 14:54:07.419, NVIDIA GeForce RTX 3050 6GB Laptop GPU, P3, 51, 45, 8, 69, 5000, 13.94, [N/A], 43.57, 0x0000000000000001, Active, Not Active, Not Active, Not Active, Not Active
2026/09/23 14:54:07.679, NVIDIA GeForce RTX 3050 6GB Laptop GPU, P3, 51, 45, 8, 69, 5000, 13.88, [N/A], 43.57, 0x0000000000000001, Active, Not Active, Not Active, Not Active, Not Active
2026/09/23 14:54:07.933, NVIDIA GeForce RTX 3050 6GB Laptop GPU, P0, 51, 45, 8, 247, 5500, 13.73, [N/A], 43.57, 0x0000000000000001, Active, Not Active, Not Active, Not Active, Not Active
2026/09/23 14:54:08.187, NVIDIA GeForce RTX 3050 6GB Laptop GPU, P0, 51, 45, 8, 247, 5500, 13.93, [N/A], 43.57, 0x0000000000000001, Active, Not Active, Not Active, Not Active, Not Active
2026/09/23 14:54:08.440, NVIDIA GeForce RTX 3050 6GB Laptop GPU, P3, 51, 55, 9, 84, 5000, 13.96, [N/A], 44.13, 0x0000000000000001, Active, Not Active, Not Active, Not Active, Not Active
2026/09/23 14:54:08.693, NVIDIA GeForce RTX 3050 6GB Laptop GPU, P3, 51, 55, 9, 84, 5000, 15.06, [N/A], 44.13, 0x0000000000000001, Active, Not Active, Not Active, Not Active, Not Active
2026/09/23 14:54:08.947, NVIDIA GeForce RTX 3050 6GB Laptop GPU, P0, 51, 55, 9, 247, 5500, 14.32, [N/A], 44.34, 0x0000000000000001, Active, Not Active, Not Active, Not Active, Not Active
2026/09/23 14:54:09.203, NVIDIA GeForce RTX 3050 6GB Laptop GPU, P0, 51, 55, 9, 247, 5500, 12.38, [N/A], 44.34, 0x0000000000000001, Active, Not Active, Not Active, Not Active, Not Active
2026/09/23 14:54:09.458, NVIDIA GeForce RTX 3050 6GB Laptop GPU, P0, 51, 25, 3, 247, 5500, 12.38, [N/A], 44.55, 0x0000000000000001, Active, Not Active, Not Active, Not Active, Not Active
2026/09/23 14:54:09.713, NVIDIA GeForce RTX 3050 6GB Laptop GPU, P0, 51, 25, 3, 247, 5500, 12.35, [N/A], 45.00, 0x0000000000000001, Active, Not Active, Not Active, Not Active, Not Active
2026/09/23 14:54:09.971, NVIDIA GeForce RTX 3050 6GB Laptop GPU, P0, 51, 25, 3, 247, 5500, 12.36, [N/A], 45.00, 0x0000000000000001, Active, Not Active, Not Active, Not Active, Not Active
2026/09/23 14:54:10.223, NVIDIA GeForce RTX 3050 6GB Laptop GPU, P0, 51, 2, 1, 247, 5500, 12.37, [N/A], 45.00, 0x0000000000000001, Active, Not Active, Not Active, Not Active, Not Active
2026/09/23 14:54:10.476, NVIDIA GeForce RTX 3050 6GB Laptop GPU, P0, 51, 2, 1, 247, 5500, 13.27, [N/A], 45.00, 0x0000000000000001, Active, Not Active, Not Active, Not Active, Not Active
2026/09/23 14:54:10.729, NVIDIA GeForce RTX 3050 6GB Laptop GPU, P0, 51, 2, 1, 247, 5500, 14.17, [N/A], 45.00, 0x0000000000000001, Active, Not Active, Not Active, Not Active, Not Active
2026/09/23 14:54:10.982, NVIDIA GeForce RTX 3050 6GB Laptop GPU, P0, 51, 2, 1, 247, 5500, 14.69, [N/A], 45.00, 0x0000000000000001, Active, Not Active, Not Active, Not Active, Not Active
2026/09/23 14:54:11.234, NVIDIA GeForce RTX 3050 6GB Laptop GPU, P0, 51, 81, 12, 247, 5500, 15.31, [N/A], 45.00, 0x0000000000000001, Active, Not Active, Not Active, Not Active, Not Active
2026/09/23 14:54:11.485, NVIDIA GeForce RTX 3050 6GB Laptop GPU, P0, 51, 81, 12, 247, 5500, 15.87, [N/A], 45.00, 0x0000000000000001, Active, Not Active, Not Active, Not Active, Not Active
2026/09/23 14:54:11.737, NVIDIA GeForce RTX 3050 6GB Laptop GPU, P0, 51, 81, 12, 247, 5500, 15.51, [N/A], 45.00, 0x0000000000000001, Active, Not Active, Not Active, Not Active, Not Active
2026/09/23 14:54:11.989, NVIDIA GeForce RTX 3050 6GB Laptop GPU, P0, 51, 81, 12, 247, 5500, 14.26, [N/A], 45.00, 0x0000000000000001, Active, Not Active, Not Active, Not Active, Not Active
2026/09/23 14:54:12.244, NVIDIA GeForce RTX 3050 6GB Laptop GPU, P3, 51, 50, 7, 76, 5000, 14.67, [N/A], 44.59, 0x0000000000000001, Active, Not Active, Not Active, Not Active, Not Active
2026/09/23 14:54:12.498, NVIDIA GeForce RTX 3050 6GB Laptop GPU, P3, 51, 50, 7, 76, 5000, 14.35, [N/A], 44.59, 0x0000000000000001, Active, Not Active, Not Active, Not Active, Not Active
2026/09/23 14:54:12.750, NVIDIA GeForce RTX 3050 6GB Laptop GPU, P3, 51, 50, 7, 99, 5000, 14.49, [N/A], 44.05, 0x0000000000000001, Active, Not Active, Not Active, Not Active, Not Active
2026/09/23 14:54:13.005, NVIDIA GeForce RTX 3050 6GB Laptop GPU, P3, 51, 50, 7, 99, 5000, 14.49, [N/A], 44.05, 0x0000000000000001, Active, Not Active, Not Active, Not Active, Not Active
2026/09/23 14:54:13.265, NVIDIA GeForce RTX 3050 6GB Laptop GPU, P0, 51, 79, 4, 247, 5500, 14.25, [N/A], 44.05, 0x0000000000000001, Active, Not Active, Not Active, Not Active, Not Active
2026/09/23 14:54:13.525, NVIDIA GeForce RTX 3050 6GB Laptop GPU, P0, 51, 79, 4, 247, 5500, 14.47, [N/A], 44.05, 0x0000000000000001, Active, Not Active, Not Active, Not Active, Not Active
2026/09/23 14:54:13.780, NVIDIA GeForce RTX 3050 6GB Laptop GPU, P3, 51, 79, 4, 52, 5000, 12.77, [N/A], 44.00, 0x0000000000000001, Active, Not Active, Not Active, Not Active, Not Active
2026/09/23 14:54:14.032, NVIDIA GeForce RTX 3050 6GB Laptop GPU, P3, 51, 79, 4, 52, 5000, 14.07, [N/A], 44.00, 0x0000000000000001, Active, Not Active, Not Active, Not Active, Not Active
2026/09/23 14:54:14.283, NVIDIA GeForce RTX 3050 6GB Laptop GPU, P0, 51, 92, 6, 247, 5500, 13.96, [N/A], 44.00, 0x0000000000000001, Active, Not Active, Not Active, Not Active, Not Active
2026/09/23 14:54:14.535, NVIDIA GeForce RTX 3050 6GB Laptop GPU, P0, 51, 92, 6, 247, 5500, 14.19, [N/A], 44.00, 0x0000000000000001, Active, Not Active, Not Active, Not Active, Not Active
2026/09/23 14:54:14.787, NVIDIA GeForce RTX 3050 6GB Laptop GPU, P0, 51, 92, 6, 247, 5500, 14.59, [N/A], 44.22, 0x0000000000000001, Active, Not Active, Not Active, Not Active, Not Active
2026/09/23 14:54:15.040, NVIDIA GeForce RTX 3050 6GB Laptop GPU, P0, 51, 92, 6, 247, 5500, 14.06, [N/A], 44.22, 0x0000000000000001, Active, Not Active, Not Active, Not Active, Not Active
2026/09/23 14:54:15.296, NVIDIA GeForce RTX 3050 6GB Laptop GPU, P3, 51, 0, 0, 52, 5000, 11.79, [N/A], 44.22, 0x0000000000000001, Active, Not Active, Not Active, Not Active, Not Active
2026/09/23 14:54:15.551, NVIDIA GeForce RTX 3050 6GB Laptop GPU, P3, 51, 0, 0, 52, 5000, 11.79, [N/A], 44.22, 0x0000000000000001, Active, Not Active, Not Active, Not Active, Not Active
2026/09/23 14:54:15.807, NVIDIA GeForce RTX 3050 6GB Laptop GPU, P5, 51, 0, 0, 52, 810, 11.62, [N/A], 45.00, 0x0000000000000001, Active, Not Active, Not Active, Not Active, Not Active
2026/09/23 14:54:16.061, NVIDIA GeForce RTX 3050 6GB Laptop GPU, P5, 51, 0, 0, 52, 810, 11.52, [N/A], 45.00, 0x0000000000000001, Active, Not Active, Not Active, Not Active, Not Active
2026/09/23 14:54:16.315, NVIDIA GeForce RTX 3050 6GB Laptop GPU, P0, 51, 84, 26, 247, 5500, 12.17, [N/A], 45.00, 0x0000000000000001, Active, Not Active, Not Active, Not Active, Not Active
2026/09/23 14:54:16.569, NVIDIA GeForce RTX 3050 6GB Laptop GPU, P0, 51, 84, 26, 247, 5500, 12.96, [N/A], 45.00, 0x0000000000000001, Active, Not Active, Not Active, Not Active, Not Active
2026/09/23 14:54:16.823, NVIDIA GeForce RTX 3050 6GB Laptop GPU, P5, 51, 84, 26, 110, 810, 13.68, [N/A], 45.00, 0x0000000000000001, Active, Not Active, Not Active, Not Active, Not Active
2026/09/23 14:54:17.078, NVIDIA GeForce RTX 3050 6GB Laptop GPU, P5, 51, 84, 26, 110, 810, 14.29, [N/A], 45.00, 0x0000000000000001, Active, Not Active, Not Active, Not Active, Not Active
2026/09/23 14:54:17.336, NVIDIA GeForce RTX 3050 6GB Laptop GPU, P0, 52, 75, 11, 247, 5500, 15.65, [N/A], 45.00, 0x0000000000000001, Active, Not Active, Not Active, Not Active, Not Active
2026/09/23 14:54:17.589, NVIDIA GeForce RTX 3050 6GB Laptop GPU, P0, 52, 75, 11, 247, 5500, 15.31, [N/A], 45.00, 0x0000000000000001, Active, Not Active, Not Active, Not Active, Not Active
2026/09/23 14:54:17.864, NVIDIA GeForce RTX 3050 6GB Laptop GPU, P0, 51, 75, 11, 247, 5500, 14.81, [N/A], 44.28, 0x0000000000000001, Active, Not Active, Not Active, Not Active, Not Active
2026/09/23 14:54:18.116, NVIDIA GeForce RTX 3050 6GB Laptop GPU, P0, 51, 75, 11, 247, 5500, 13.57, [N/A], 44.28, 0x0000000000000001, Active, Not Active, Not Active, Not Active, Not Active
2026/09/23 14:54:18.368, NVIDIA GeForce RTX 3050 6GB Laptop GPU, P0, 51, 98, 4, 238, 5500, 13.57, [N/A], 43.89, 0x0000000000000004, Not Active, Active, Not Active, Not Active, Not Active
2026/09/23 14:54:18.621, NVIDIA GeForce RTX 3050 6GB Laptop GPU, P0, 51, 98, 4, 238, 5500, 13.80, [N/A], 43.89, 0x0000000000000004, Not Active, Active, Not Active, Not Active, Not Active
2026/09/23 14:54:18.876, NVIDIA GeForce RTX 3050 6GB Laptop GPU, P0, 52, 98, 4, 247, 5500, 14.07, [N/A], 43.89, 0x0000000000000001, Active, Not Active, Not Active, Not Active, Not Active
2026/09/23 14:54:19.129, NVIDIA GeForce RTX 3050 6GB Laptop GPU, P0, 52, 98, 4, 247, 5500, 14.98, [N/A], 43.89, 0x0000000000000001, Active, Not Active, Not Active, Not Active, Not Active
2026/09/23 14:54:19.385, NVIDIA GeForce RTX 3050 6GB Laptop GPU, P3, 51, 60, 8, 91, 5000, 14.48, [N/A], 44.13, 0x0000000000000001, Active, Not Active, Not Active, Not Active, Not Active
2026/09/23 14:54:19.638, NVIDIA GeForce RTX 3050 6GB Laptop GPU, P3, 51, 60, 8, 91, 5000, 14.51, [N/A], 44.13, 0x0000000000000001, Active, Not Active, Not Active, Not Active, Not Active
2026/09/23 14:54:19.894, NVIDIA GeForce RTX 3050 6GB Laptop GPU, P3, 51, 60, 8, 65, 5000, 14.36, [N/A], 44.13, 0x0000000000000001, Active, Not Active, Not Active, Not Active, Not Active
2026/09/23 14:54:20.147, NVIDIA GeForce RTX 3050 6GB Laptop GPU, P3, 51, 60, 8, 65, 5000, 14.39, [N/A], 44.13, 0x0000000000000001, Active, Not Active, Not Active, Not Active, Not Active
2026/09/23 14:54:20.406, NVIDIA GeForce RTX 3050 6GB Laptop GPU, P0, 52, 77, 6, 247, 5500, 14.39, [N/A], 44.13, 0x0000000000000001, Active, Not Active, Not Active, Not Active, Not Active
2026/09/23 14:54:20.657, NVIDIA GeForce RTX 3050 6GB Laptop GPU, P0, 52, 77, 6, 247, 5500, 14.25, [N/A], 44.13, 0x0000000000000001, Active, Not Active, Not Active, Not Active, Not Active
2026/09/23 14:54:20.909, NVIDIA GeForce RTX 3050 6GB Laptop GPU, P3, 51, 77, 6, 52, 5000, 14.32, [N/A], 44.13, 0x0000000000000001, Active, Not Active, Not Active, Not Active, Not Active
2026/09/23 14:54:21.167, NVIDIA GeForce RTX 3050 6GB Laptop GPU, P3, 51, 77, 6, 52, 5000, 14.19, [N/A], 44.13, 0x0000000000000001, Active, Not Active, Not Active, Not Active, Not Active
2026/09/23 14:54:21.419, NVIDIA GeForce RTX 3050 6GB Laptop GPU, P0, 51, 77, 6, 247, 5500, 12.49, [N/A], 44.13, 0x0000000000000001, Active, Not Active, Not Active, Not Active, Not Active
2026/09/23 14:54:21.674, NVIDIA GeForce RTX 3050 6GB Laptop GPU, P0, 51, 77, 6, 247, 5500, 12.42, [N/A], 44.13, 0x0000000000000001, Active, Not Active, Not Active, Not Active, Not Active
2026/09/23 14:54:21.930, NVIDIA GeForce RTX 3050 6GB Laptop GPU, P0, 51, 77, 6, 247, 5500, 12.42, [N/A], 44.74, 0x0000000000000001, Active, Not Active, Not Active, Not Active, Not Active
2026/09/23 14:54:22.182, NVIDIA GeForce RTX 3050 6GB Laptop GPU, P0, 51, 77, 6, 247, 5500, 12.41, [N/A], 44.74, 0x0000000000000001, Active, Not Active, Not Active, Not Active, Not Active
2026/09/23 14:54:22.442, NVIDIA GeForce RTX 3050 6GB Laptop GPU, P0, 51, 0, 0, 247, 5500, 12.95, [N/A], 45.00, 0x0000000000000001, Active, Not Active, Not Active, Not Active, Not Active
2026/09/23 14:54:22.703, NVIDIA GeForce RTX 3050 6GB Laptop GPU, P0, 51, 0, 0, 247, 5500, 14.07, [N/A], 45.00, 0x0000000000000001, Active, Not Active, Not Active, Not Active, Not Active
2026/09/23 14:54:22.967, NVIDIA GeForce RTX 3050 6GB Laptop GPU, P0, 52, 0, 0, 247, 5500, 14.30, [N/A], 45.00, 0x0000000000000001, Active, Not Active, Not Active, Not Active, Not Active
2026/09/23 14:54:23.222, NVIDIA GeForce RTX 3050 6GB Laptop GPU, P0, 52, 79, 14, 247, 5500, 15.18, [N/A], 45.00, 0x0000000000000001, Active, Not Active, Not Active, Not Active, Not Active
2026/09/23 14:54:23.476, NVIDIA GeForce RTX 3050 6GB Laptop GPU, P0, 52, 79, 14, 247, 5500, 15.95, [N/A], 45.00, 0x0000000000000001, Active, Not Active, Not Active, Not Active, Not Active
2026/09/23 14:54:23.730, NVIDIA GeForce RTX 3050 6GB Laptop GPU, P3, 52, 79, 14, 112, 5000, 15.72, [N/A], 45.00, 0x0000000000000001, Active, Not Active, Not Active, Not Active, Not Active
2026/09/23 14:54:23.984, NVIDIA GeForce RTX 3050 6GB Laptop GPU, P3, 52, 79, 14, 112, 5000, 15.51, [N/A], 45.00, 0x0000000000000001, Active, Not Active, Not Active, Not Active, Not Active
2026/09/23 14:54:24.241, NVIDIA GeForce RTX 3050 6GB Laptop GPU, P0, 51, 76, 5, 247, 5500, 15.26, [N/A], 45.00, 0x0000000000000001, Active, Not Active, Not Active, Not Active, Not Active
2026/09/23 14:54:24.497, NVIDIA GeForce RTX 3050 6GB Laptop GPU, P0, 51, 76, 5, 247, 5500, 13.94, [N/A], 45.00, 0x0000000000000001, Active, Not Active, Not Active, Not Active, Not Active
2026/09/23 14:54:24.751, NVIDIA GeForce RTX 3050 6GB Laptop GPU, P0, 52, 76, 5, 247, 5500, 14.21, [N/A], 44.61, 0x0000000000000001, Active, Not Active, Not Active, Not Active, Not Active
2026/09/23 14:54:25.011, NVIDIA GeForce RTX 3050 6GB Laptop GPU, P0, 52, 76, 5, 247, 5500, 14.12, [N/A], 44.61, 0x0000000000000001, Active, Not Active, Not Active, Not Active, Not Active
2026/09/23 14:54:25.265, NVIDIA GeForce RTX 3050 6GB Laptop GPU, P3, 52, 52, 7, 80, 5000, 14.32, [N/A], 44.37, 0x0000000000000001, Active, Not Active, Not Active, Not Active, Not Active
2026/09/23 14:54:25.525, NVIDIA GeForce RTX 3050 6GB Laptop GPU, P3, 52, 52, 7, 80, 5000, 13.74, [N/A], 44.37, 0x0000000000000001, Active, Not Active, Not Active, Not Active, Not Active
2026/09/23 14:54:25.778, NVIDIA GeForce RTX 3050 6GB Laptop GPU, P0, 52, 52, 7, 247, 5500, 14.31, [N/A], 44.37, 0x0000000000000001, Active, Not Active, Not Active, Not Active, Not Active
2026/09/23 14:54:26.030, NVIDIA GeForce RTX 3050 6GB Laptop GPU, P0, 52, 52, 7, 247, 5500, 14.33, [N/A], 44.37, 0x0000000000000001, Active, Not Active, Not Active, Not Active, Not Active
2026/09/23 14:54:26.282, NVIDIA GeForce RTX 3050 6GB Laptop GPU, P3, 52, 59, 10, 91, 5000, 14.43, [N/A], 44.37, 0x0000000000000001, Active, Not Active, Not Active, Not Active, Not Active
2026/09/23 14:54:26.537, NVIDIA GeForce RTX 3050 6GB Laptop GPU, P3, 52, 59, 10, 91, 5000, 14.35, [N/A], 44.37, 0x0000000000000001, Active, Not Active, Not Active, Not Active, Not Active
2026/09/23 14:54:26.790, NVIDIA GeForce RTX 3050 6GB Laptop GPU, P0, 52, 59, 10, 247, 5500, 14.35, [N/A], 44.37, 0x0000000000000001, Active, Not Active, Not Active, Not Active, Not Active
2026/09/23 14:54:27.045, NVIDIA GeForce RTX 3050 6GB Laptop GPU, P0, 52, 59, 10, 247, 5500, 14.16, [N/A], 44.37, 0x0000000000000001, Active, Not Active, Not Active, Not Active, Not Active
2026/09/23 14:54:27.310, NVIDIA GeForce RTX 3050 6GB Laptop GPU, P0, 51, 0, 0, 247, 5500, 12.43, [N/A], 44.37, 0x0000000000000001, Active, Not Active, Not Active, Not Active, Not Active
2026/09/23 14:54:27.570, NVIDIA GeForce RTX 3050 6GB Laptop GPU, P0, 51, 0, 0, 247, 5500, 12.41, [N/A], 44.37, 0x0000000000000001, Active, Not Active, Not Active, Not Active, Not Active
2026/09/23 14:54:27.824, NVIDIA GeForce RTX 3050 6GB Laptop GPU, P0, 52, 0, 0, 247, 5500, 12.42, [N/A], 45.00, 0x0000000000000001, Active, Not Active, Not Active, Not Active, Not Active
2026/09/23 14:54:28.079, NVIDIA GeForce RTX 3050 6GB Laptop GPU, P0, 52, 0, 0, 247, 5500, 12.42, [N/A], 45.00, 0x0000000000000001, Active, Not Active, Not Active, Not Active, Not Active
2026/09/23 14:54:28.333, NVIDIA GeForce RTX 3050 6GB Laptop GPU, P0, 52, 32, 5, 247, 5500, 13.11, [N/A], 45.00, 0x0000000000000001, Active, Not Active, Not Active, Not Active, Not Active
2026/09/23 14:54:28.586, NVIDIA GeForce RTX 3050 6GB Laptop GPU, P0, 52, 32, 5, 247, 5500, 13.76, [N/A], 45.00, 0x0000000000000001, Active, Not Active, Not Active, Not Active, Not Active
2026/09/23 14:54:28.837, NVIDIA GeForce RTX 3050 6GB Laptop GPU, P0, 52, 32, 5, 247, 5500, 14.37, [N/A], 45.00, 0x0000000000000001, Active, Not Active, Not Active, Not Active, Not Active
2026/09/23 14:54:29.098, NVIDIA GeForce RTX 3050 6GB Laptop GPU, P0, 52, 32, 5, 247, 5500, 15.01, [N/A], 45.00, 0x0000000000000001, Active, Not Active, Not Active, Not Active, Not Active
2026/09/23 14:54:29.358, NVIDIA GeForce RTX 3050 6GB Laptop GPU, P0, 52, 91, 8, 247, 5500, 15.48, [N/A], 45.00, 0x0000000000000001, Active, Not Active, Not Active, Not Active, Not Active
2026/09/23 14:54:29.611, NVIDIA GeForce RTX 3050 6GB Laptop GPU, P0, 52, 91, 8, 247, 5500, 15.26, [N/A], 45.00, 0x0000000000000001, Active, Not Active, Not Active, Not Active, Not Active
2026/09/23 14:54:29.862, NVIDIA GeForce RTX 3050 6GB Laptop GPU, P0, 52, 91, 8, 247, 5500, 14.95, [N/A], 44.62, 0x0000000000000001, Active, Not Active, Not Active, Not Active, Not Active
2026/09/23 14:54:30.115, NVIDIA GeForce RTX 3050 6GB Laptop GPU, P0, 52, 91, 8, 247, 5500, 14.41, [N/A], 44.62, 0x0000000000000001, Active, Not Active, Not Active, Not Active, Not Active
2026/09/23 14:54:30.369, NVIDIA GeForce RTX 3050 6GB Laptop GPU, P3, 52, 65, 10, 99, 5000, 14.56, [N/A], 44.62, 0x0000000000000001, Active, Not Active, Not Active, Not Active, Not Active
2026/09/23 14:54:30.623, NVIDIA GeForce RTX 3050 6GB Laptop GPU, P3, 52, 65, 10, 99, 5000, 14.60, [N/A], 44.62, 0x0000000000000001, Active, Not Active, Not Active, Not Active, Not Active
2026/09/23 14:54:30.878, NVIDIA GeForce RTX 3050 6GB Laptop GPU, P3, 52, 65, 10, 80, 5000, 13.62, [N/A], 44.62, 0x0000000000000001, Active, Not Active, Not Active, Not Active, Not Active
2026/09/23 14:54:31.140, NVIDIA GeForce RTX 3050 6GB Laptop GPU, P3, 52, 65, 10, 80, 5000, 14.61, [N/A], 44.62, 0x0000000000000001, Active, Not Active, Not Active, Not Active, Not Active
2026/09/23 14:54:31.395, NVIDIA GeForce RTX 3050 6GB Laptop GPU, P0, 52, 92, 6, 247, 5500, 14.52, [N/A], 44.42, 0x0000000000000001, Active, Not Active, Not Active, Not Active, Not Active
2026/09/23 14:54:31.655, NVIDIA GeForce RTX 3050 6GB Laptop GPU, P0, 52, 92, 6, 247, 5500, 14.20, [N/A], 44.42, 0x0000000000000001, Active, Not Active, Not Active, Not Active, Not Active
2026/09/23 14:54:31.907, NVIDIA GeForce RTX 3050 6GB Laptop GPU, P3, 52, 92, 6, 52, 5000, 14.09, [N/A], 44.42, 0x0000000000000001, Active, Not Active, Not Active, Not Active, Not Active
2026/09/23 14:54:32.161, NVIDIA GeForce RTX 3050 6GB Laptop GPU, P3, 52, 92, 6, 52, 5000, 14.02, [N/A], 44.42, 0x0000000000000001, Active, Not Active, Not Active, Not Active, Not Active
2026/09/23 14:54:32.425, NVIDIA GeForce RTX 3050 6GB Laptop GPU, P0, 52, 79, 5, 247, 5500, 15.13, [N/A], 44.56, 0x0000000000000001, Active, Not Active, Not Active, Not Active, Not Active
2026/09/23 14:54:32.676, NVIDIA GeForce RTX 3050 6GB Laptop GPU, P0, 52, 79, 5, 247, 5500, 14.45, [N/A], 44.56, 0x0000000000000001, Active, Not Active, Not Active, Not Active, Not Active
2026/09/23 14:54:32.929, NVIDIA GeForce RTX 3050 6GB Laptop GPU, P0, 52, 79, 5, 247, 5500, 14.54, [N/A], 44.56, 0x0000000000000001, Active, Not Active, Not Active, Not Active, Not Active
2026/09/23 14:54:33.183, NVIDIA GeForce RTX 3050 6GB Laptop GPU, P0, 52, 79, 5, 247, 5500, 14.19, [N/A], 44.56, 0x0000000000000001, Active, Not Active, Not Active, Not Active, Not Active
2026/09/23 14:54:33.438, NVIDIA GeForce RTX 3050 6GB Laptop GPU, P0, 52, 14, 1, 247, 5500, 13.84, [N/A], 44.56, 0x0000000000000001, Active, Not Active, Not Active, Not Active, Not Active
2026/09/23 14:54:33.693, NVIDIA GeForce RTX 3050 6GB Laptop GPU, P0, 52, 14, 1, 247, 5500, 13.29, [N/A], 44.56, 0x0000000000000001, Active, Not Active, Not Active, Not Active, Not Active
2026/09/23 14:54:33.951, NVIDIA GeForce RTX 3050 6GB Laptop GPU, P0, 52, 14, 1, 247, 5500, 12.43, [N/A], 44.56, 0x0000000000000001, Active, Not Active, Not Active, Not Active, Not Active
2026/09/23 14:54:34.212, NVIDIA GeForce RTX 3050 6GB Laptop GPU, P0, 52, 14, 1, 247, 5500, 12.97, [N/A], 44.56, 0x0000000000000001, Active, Not Active, Not Active, Not Active, Not Active
2026/09/23 14:54:34.465, NVIDIA GeForce RTX 3050 6GB Laptop GPU, P0, 52, 14, 3, 247, 5500, 14.33, [N/A], 45.00, 0x0000000000000001, Active, Not Active, Not Active, Not Active, Not Active
2026/09/23 14:54:34.722, NVIDIA GeForce RTX 3050 6GB Laptop GPU, P5, 52, 14, 3, 106, 810, 14.65, [N/A], 45.00, 0x0000000000000001, Active, Not Active, Not Active, Not Active, Not Active
2026/09/23 14:54:34.975, NVIDIA GeForce RTX 3050 6GB Laptop GPU, P5, 52, 14, 3, 106, 810, 14.66, [N/A], 45.00, 0x0000000000000001, Active, Not Active, Not Active, Not Active, Not Active
2026/09/23 14:54:35.234, NVIDIA GeForce RTX 3050 6GB Laptop GPU, P0, 52, 77, 11, 247, 5500, 16.31, [N/A], 44.51, 0x0000000000000001, Active, Not Active, Not Active, Not Active, Not Active
2026/09/23 14:54:35.491, NVIDIA GeForce RTX 3050 6GB Laptop GPU, P0, 52, 77, 11, 247, 5500, 15.84, [N/A], 44.51, 0x0000000000000001, Active, Not Active, Not Active, Not Active, Not Active
2026/09/23 14:54:35.744, NVIDIA GeForce RTX 3050 6GB Laptop GPU, P0, 52, 77, 11, 247, 5500, 17.33, [N/A], 44.25, 0x0000000000000001, Active, Not Active, Not Active, Not Active, Not Active
2026/09/23 14:54:35.996, NVIDIA GeForce RTX 3050 6GB Laptop GPU, P0, 52, 77, 11, 247, 5500, 14.34, [N/A], 44.25, 0x0000000000000001, Active, Not Active, Not Active, Not Active, Not Active
2026/09/23 14:54:36.251, NVIDIA GeForce RTX 3050 6GB Laptop GPU, P0, 52, 87, 2, 247, 5500, 13.76, [N/A], 44.25, 0x0000000000000001, Active, Not Active, Not Active, Not Active, Not Active
2026/09/23 14:54:36.506, NVIDIA GeForce RTX 3050 6GB Laptop GPU, P0, 52, 87, 2, 247, 5500, 14.22, [N/A], 44.25, 0x0000000000000001, Active, Not Active, Not Active, Not Active, Not Active
2026/09/23 14:54:36.760, NVIDIA GeForce RTX 3050 6GB Laptop GPU, P0, 52, 87, 2, 247, 5500, 14.21, [N/A], 44.25, 0x0000000000000001, Active, Not Active, Not Active, Not Active, Not Active
2026/09/23 14:54:37.013, NVIDIA GeForce RTX 3050 6GB Laptop GPU, P0, 52, 87, 2, 247, 5500, 14.04, [N/A], 44.25, 0x0000000000000001, Active, Not Active, Not Active, Not Active, Not Active
2026/09/23 14:54:37.271, NVIDIA GeForce RTX 3050 6GB Laptop GPU, P0, 52, 99, 4, 247, 5500, 14.03, [N/A], 44.25, 0x0000000000000001, Active, Not Active, Not Active, Not Active, Not Active
2026/09/23 14:54:37.523, NVIDIA GeForce RTX 3050 6GB Laptop GPU, P0, 52, 99, 4, 247, 5500, 14.02, [N/A], 44.25, 0x0000000000000001, Active, Not Active, Not Active, Not Active, Not Active
2026/09/23 14:54:37.778, NVIDIA GeForce RTX 3050 6GB Laptop GPU, P3, 52, 99, 4, 52, 5000, 13.74, [N/A], 44.25, 0x0000000000000001, Active, Not Active, Not Active, Not Active, Not Active
2026/09/23 14:54:38.030, NVIDIA GeForce RTX 3050 6GB Laptop GPU, P3, 52, 99, 4, 52, 5000, 13.77, [N/A], 44.25, 0x0000000000000001, Active, Not Active, Not Active, Not Active, Not Active
2026/09/23 14:54:38.284, NVIDIA GeForce RTX 3050 6GB Laptop GPU, P0, 52, 98, 5, 247, 5500, 14.05, [N/A], 44.25, 0x0000000000000001, Active, Not Active, Not Active, Not Active, Not Active
2026/09/23 14:54:38.541, NVIDIA GeForce RTX 3050 6GB Laptop GPU, P0, 52, 98, 5, 247, 5500, 13.90, [N/A], 44.25, 0x0000000000000001, Active, Not Active, Not Active, Not Active, Not Active
2026/09/23 14:54:38.801, NVIDIA GeForce RTX 3050 6GB Laptop GPU, P0, 52, 98, 5, 247, 5500, 15.39, [N/A], 44.77, 0x0000000000000001, Active, Not Active, Not Active, Not Active, Not Active
2026/09/23 14:54:39.057, NVIDIA GeForce RTX 3050 6GB Laptop GPU, P0, 52, 98, 5, 247, 5500, 14.28, [N/A], 44.77, 0x0000000000000001, Active, Not Active, Not Active, Not Active, Not Active
2026/09/23 14:54:39.312, NVIDIA GeForce RTX 3050 6GB Laptop GPU, P3, 52, 55, 9, 82, 5000, 13.04, [N/A], 45.00, 0x0000000000000001, Active, Not Active, Not Active, Not Active, Not Active
2026/09/23 14:54:39.568, NVIDIA GeForce RTX 3050 6GB Laptop GPU, P3, 52, 55, 9, 82, 5000, 12.26, [N/A], 45.00, 0x0000000000000001, Active, Not Active, Not Active, Not Active, Not Active
2026/09/23 14:54:39.829, NVIDIA GeForce RTX 3050 6GB Laptop GPU, P5, 52, 55, 9, 82, 810, 11.91, [N/A], 45.00, 0x0000000000000001, Active, Not Active, Not Active, Not Active, Not Active
2026/09/23 14:54:40.091, NVIDIA GeForce RTX 3050 6GB Laptop GPU, P5, 52, 55, 9, 82, 810, 11.73, [N/A], 45.00, 0x0000000000000001, Active, Not Active, Not Active, Not Active, Not Active
2026/09/23 14:54:40.345, NVIDIA GeForce RTX 3050 6GB Laptop GPU, P5, 52, 0, 0, 82, 810, 11.70, [N/A], 45.00, 0x0000000000000001, Active, Not Active, Not Active, Not Active, Not Active
2026/09/23 14:54:40.605, NVIDIA GeForce RTX 3050 6GB Laptop GPU, P5, 52, 0, 0, 82, 810, 11.75, [N/A], 45.00, 0x0000000000000001, Active, Not Active, Not Active, Not Active, Not Active
2026/09/23 14:54:40.863, NVIDIA GeForce RTX 3050 6GB Laptop GPU, P0, 52, 0, 0, 247, 5500, 12.47, [N/A], 45.00, 0x0000000000000001, Active, Not Active, Not Active, Not Active, Not Active
2026/09/23 14:54:41.115, NVIDIA GeForce RTX 3050 6GB Laptop GPU, P0, 52, 0, 0, 247, 5500, 13.24, [N/A], 45.00, 0x0000000000000001, Active, Not Active, Not Active, Not Active, Not Active
2026/09/23 14:54:41.373, NVIDIA GeForce RTX 3050 6GB Laptop GPU, P5, 52, 70, 11, 108, 810, 13.85, [N/A], 45.00, 0x0000000000000001, Active, Not Active, Not Active, Not Active, Not Active
2026/09/23 14:54:41.625, NVIDIA GeForce RTX 3050 6GB Laptop GPU, P5, 52, 70, 11, 108, 810, 14.62, [N/A], 45.00, 0x0000000000000001, Active, Not Active, Not Active, Not Active, Not Active
2026/09/23 14:54:41.877, NVIDIA GeForce RTX 3050 6GB Laptop GPU, P3, 52, 70, 11, 101, 5000, 14.53, [N/A], 45.00, 0x0000000000000001, Active, Not Active, Not Active, Not Active, Not Active
2026/09/23 14:54:42.129, NVIDIA GeForce RTX 3050 6GB Laptop GPU, P3, 52, 70, 11, 101, 5000, 14.84, [N/A], 45.00, 0x0000000000000001, Active, Not Active, Not Active, Not Active, Not Active
2026/09/23 14:54:42.382, NVIDIA GeForce RTX 3050 6GB Laptop GPU, P0, 52, 83, 6, 247, 5500, 14.79, [N/A], 45.00, 0x0000000000000001, Active, Not Active, Not Active, Not Active, Not Active
2026/09/23 14:54:42.636, NVIDIA GeForce RTX 3050 6GB Laptop GPU, P0, 52, 83, 6, 247, 5500, 14.68, [N/A], 45.00, 0x0000000000000001, Active, Not Active, Not Active, Not Active, Not Active
2026/09/23 14:54:42.889, NVIDIA GeForce RTX 3050 6GB Laptop GPU, P0, 52, 83, 6, 247, 5500, 14.67, [N/A], 45.00, 0x0000000000000001, Active, Not Active, Not Active, Not Active, Not Active
2026/09/23 14:54:43.141, NVIDIA GeForce RTX 3050 6GB Laptop GPU, P0, 52, 83, 6, 247, 5500, 14.48, [N/A], 45.00, 0x0000000000000001, Active, Not Active, Not Active, Not Active, Not Active
2026/09/23 14:54:43.393, NVIDIA GeForce RTX 3050 6GB Laptop GPU, P3, 52, 44, 6, 67, 5000, 14.32, [N/A], 45.00, 0x0000000000000001, Active, Not Active, Not Active, Not Active, Not Active
2026/09/23 14:54:43.647, NVIDIA GeForce RTX 3050 6GB Laptop GPU, P3, 52, 44, 6, 67, 5000, 14.27, [N/A], 45.00, 0x0000000000000001, Active, Not Active, Not Active, Not Active, Not Active
2026/09/23 14:54:43.902, NVIDIA GeForce RTX 3050 6GB Laptop GPU, P3, 52, 44, 6, 73, 5000, 14.11, [N/A], 45.00, 0x0000000000000001, Active, Not Active, Not Active, Not Active, Not Active
2026/09/23 14:54:44.156, NVIDIA GeForce RTX 3050 6GB Laptop GPU, P3, 52, 44, 6, 73, 5000, 14.34, [N/A], 45.00, 0x0000000000000001, Active, Not Active, Not Active, Not Active, Not Active
2026/09/23 14:54:44.416, NVIDIA GeForce RTX 3050 6GB Laptop GPU, P0, 52, 76, 6, 247, 5500, 14.30, [N/A], 45.00, 0x0000000000000001, Active, Not Active, Not Active, Not Active, Not Active
2026/09/23 14:54:44.669, NVIDIA GeForce RTX 3050 6GB Laptop GPU, P0, 52, 76, 6, 247, 5500, 14.16, [N/A], 45.00, 0x0000000000000001, Active, Not Active, Not Active, Not Active, Not Active
2026/09/23 14:54:44.930, NVIDIA GeForce RTX 3050 6GB Laptop GPU, P0, 52, 76, 6, 247, 5500, 14.36, [N/A], 45.00, 0x0000000000000001, Active, Not Active, Not Active, Not Active, Not Active
2026/09/23 14:54:45.183, NVIDIA GeForce RTX 3050 6GB Laptop GPU, P0, 52, 76, 6, 247, 5500, 14.24, [N/A], 45.00, 0x0000000000000001, Active, Not Active, Not Active, Not Active, Not Active
2026/09/23 14:54:45.439, NVIDIA GeForce RTX 3050 6GB Laptop GPU, P3, 52, 50, 7, 76, 5000, 14.15, [N/A], 45.00, 0x0000000000000001, Active, Not Active, Not Active, Not Active, Not Active
2026/09/23 14:54:45.695, NVIDIA GeForce RTX 3050 6GB Laptop GPU, P3, 52, 50, 7, 76, 5000, 14.41, [N/A], 45.00, 0x0000000000000001, Active, Not Active, Not Active, Not Active, Not Active
2026/09/23 14:54:45.954, NVIDIA GeForce RTX 3050 6GB Laptop GPU, P3, 52, 50, 7, 82, 5000, 14.07, [N/A], 45.00, 0x0000000000000001, Active, Not Active, Not Active, Not Active, Not Active
2026/09/23 14:54:46.209, NVIDIA GeForce RTX 3050 6GB Laptop GPU, P3, 52, 50, 7, 82, 5000, 13.71, [N/A], 45.00, 0x0000000000000001, Active, Not Active, Not Active, Not Active, Not Active
2026/09/23 14:54:46.462, NVIDIA GeForce RTX 3050 6GB Laptop GPU, P0, 52, 0, 0, 247, 5500, 13.32, [N/A], 45.00, 0x0000000000000001, Active, Not Active, Not Active, Not Active, Not Active
2026/09/23 14:54:46.720, NVIDIA GeForce RTX 3050 6GB Laptop GPU, P0, 52, 0, 0, 247, 5500, 12.74, [N/A], 45.00, 0x0000000000000001, Active, Not Active, Not Active, Not Active, Not Active
2026/09/23 14:54:46.975, NVIDIA GeForce RTX 3050 6GB Laptop GPU, P0, 52, 0, 0, 247, 5500, 12.48, [N/A], 45.00, 0x0000000000000001, Active, Not Active, Not Active, Not Active, Not Active
2026/09/23 14:54:47.230, NVIDIA GeForce RTX 3050 6GB Laptop GPU, P0, 52, 25, 4, 247, 5500, 12.67, [N/A], 45.00, 0x0000000000000001, Active, Not Active, Not Active, Not Active, Not Active
2026/09/23 14:54:47.488, NVIDIA GeForce RTX 3050 6GB Laptop GPU, P0, 52, 25, 4, 247, 5500, 13.54, [N/A], 45.00, 0x0000000000000001, Active, Not Active, Not Active, Not Active, Not Active
2026/09/23 14:54:47.741, NVIDIA GeForce RTX 3050 6GB Laptop GPU, P0, 52, 25, 4, 247, 5500, 13.80, [N/A], 45.00, 0x0000000000000001, Active, Not Active, Not Active, Not Active, Not Active
2026/09/23 14:54:47.995, NVIDIA GeForce RTX 3050 6GB Laptop GPU, P0, 52, 25, 4, 247, 5500, 14.26, [N/A], 45.00, 0x0000000000000001, Active, Not Active, Not Active, Not Active, Not Active
2026/09/23 14:54:48.253, NVIDIA GeForce RTX 3050 6GB Laptop GPU, P3, 52, 59, 10, 91, 5000, 14.90, [N/A], 45.00, 0x0000000000000001, Active, Not Active, Not Active, Not Active, Not Active
2026/09/23 14:54:48.509, NVIDIA GeForce RTX 3050 6GB Laptop GPU, P3, 52, 59, 10, 91, 5000, 14.44, [N/A], 45.00, 0x0000000000000001, Active, Not Active, Not Active, Not Active, Not Active
2026/09/23 14:54:48.771, NVIDIA GeForce RTX 3050 6GB Laptop GPU, P3, 52, 59, 10, 99, 5000, 14.77, [N/A], 45.00, 0x0000000000000001, Active, Not Active, Not Active, Not Active, Not Active
2026/09/23 14:54:49.030, NVIDIA GeForce RTX 3050 6GB Laptop GPU, P3, 52, 59, 10, 99, 5000, 14.78, [N/A], 45.00, 0x0000000000000001, Active, Not Active, Not Active, Not Active, Not Active
2026/09/23 14:54:49.284, NVIDIA GeForce RTX 3050 6GB Laptop GPU, P0, 52, 83, 6, 247, 5500, 14.72, [N/A], 45.00, 0x0000000000000001, Active, Not Active, Not Active, Not Active, Not Active
2026/09/23 14:54:49.536, NVIDIA GeForce RTX 3050 6GB Laptop GPU, P0, 52, 83, 6, 247, 5500, 14.81, [N/A], 45.00, 0x0000000000000001, Active, Not Active, Not Active, Not Active, Not Active
2026/09/23 14:54:49.789, NVIDIA GeForce RTX 3050 6GB Laptop GPU, P0, 52, 83, 6, 247, 5500, 14.56, [N/A], 45.00, 0x0000000000000001, Active, Not Active, Not Active, Not Active, Not Active
2026/09/23 14:54:50.045, NVIDIA GeForce RTX 3050 6GB Laptop GPU, P0, 52, 83, 6, 247, 5500, 14.35, [N/A], 45.00, 0x0000000000000001, Active, Not Active, Not Active, Not Active, Not Active
2026/09/23 14:54:50.304, NVIDIA GeForce RTX 3050 6GB Laptop GPU, P3, 52, 45, 7, 69, 5000, 14.32, [N/A], 45.00, 0x0000000000000001, Active, Not Active, Not Active, Not Active, Not Active
2026/09/23 14:54:50.555, NVIDIA GeForce RTX 3050 6GB Laptop GPU, P3, 52, 45, 7, 69, 5000, 14.04, [N/A], 45.00, 0x0000000000000001, Active, Not Active, Not Active, Not Active, Not Active
2026/09/23 14:54:50.808, NVIDIA GeForce RTX 3050 6GB Laptop GPU, P3, 52, 45, 7, 71, 5000, 13.96, [N/A], 45.00, 0x0000000000000001, Active, Not Active, Not Active, Not Active, Not Active
2026/09/23 14:54:51.063, NVIDIA GeForce RTX 3050 6GB Laptop GPU, P3, 52, 45, 7, 71, 5000, 14.19, [N/A], 45.00, 0x0000000000000001, Active, Not Active, Not Active, Not Active, Not Active
2026/09/23 14:54:51.315, NVIDIA GeForce RTX 3050 6GB Laptop GPU, P3, 52, 72, 5, 52, 5000, 13.93, [N/A], 45.00, 0x0000000000000001, Active, Not Active, Not Active, Not Active, Not Active
2026/09/23 14:54:51.568, NVIDIA GeForce RTX 3050 6GB Laptop GPU, P3, 52, 72, 5, 52, 5000, 13.94, [N/A], 45.00, 0x0000000000000001, Active, Not Active, Not Active, Not Active, Not Active
2026/09/23 14:54:51.821, NVIDIA GeForce RTX 3050 6GB Laptop GPU, P0, 52, 72, 5, 247, 5500, 13.91, [N/A], 45.00, 0x0000000000000001, Active, Not Active, Not Active, Not Active, Not Active
2026/09/23 14:54:52.076, NVIDIA GeForce RTX 3050 6GB Laptop GPU, P0, 52, 72, 5, 247, 5500, 13.62, [N/A], 45.00, 0x0000000000000001, Active, Not Active, Not Active, Not Active, Not Active
2026/09/23 14:54:52.331, NVIDIA GeForce RTX 3050 6GB Laptop GPU, P3, 52, 59, 9, 91, 5000, 13.83, [N/A], 45.00, 0x0000000000000001, Active, Not Active, Not Active, Not Active, Not Active
2026/09/23 14:54:52.586, NVIDIA GeForce RTX 3050 6GB Laptop GPU, P3, 52, 59, 9, 91, 5000, 14.26, [N/A], 45.00, 0x0000000000000001, Active, Not Active, Not Active, Not Active, Not Active
2026/09/23 14:54:52.840, NVIDIA GeForce RTX 3050 6GB Laptop GPU, P3, 52, 59, 9, 82, 5000, 14.01, [N/A], 45.00, 0x0000000000000001, Active, Not Active, Not Active, Not Active, Not Active
2026/09/23 14:54:53.096, NVIDIA GeForce RTX 3050 6GB Laptop GPU, P3, 52, 59, 9, 82, 5000, 13.54, [N/A], 45.00, 0x0000000000000001, Active, Not Active, Not Active, Not Active, Not Active
2026/09/23 14:54:53.353, NVIDIA GeForce RTX 3050 6GB Laptop GPU, P3, 52, 0, 0, 82, 5000, 12.92, [N/A], 45.00, 0x0000000000000001, Active, Not Active, Not Active, Not Active, Not Active
2026/09/23 14:54:53.611, NVIDIA GeForce RTX 3050 6GB Laptop GPU, P3, 52, 0, 0, 82, 5000, 12.22, [N/A], 45.00, 0x0000000000000001, Active, Not Active, Not Active, Not Active, Not Active
2026/09/23 14:54:53.864, NVIDIA GeForce RTX 3050 6GB Laptop GPU, P5, 51, 0, 0, 82, 810, 11.67, [N/A], 45.00, 0x0000000000000001, Active, Not Active, Not Active, Not Active, Not Active
2026/09/23 14:54:54.118, NVIDIA GeForce RTX 3050 6GB Laptop GPU, P5, 51, 0, 0, 82, 810, 12.26, [N/A], 45.00, 0x0000000000000001, Active, Not Active, Not Active, Not Active, Not Active
2026/09/23 14:54:54.373, NVIDIA GeForce RTX 3050 6GB Laptop GPU, P5, 51, 71, 11, 108, 810, 12.91, [N/A], 45.00, 0x0000000000000001, Active, Not Active, Not Active, Not Active, Not Active
2026/09/23 14:54:54.624, NVIDIA GeForce RTX 3050 6GB Laptop GPU, P5, 51, 71, 11, 108, 810, 13.66, [N/A], 45.00, 0x0000000000000001, Active, Not Active, Not Active, Not Active, Not Active
2026/09/23 14:54:54.892, NVIDIA GeForce RTX 3050 6GB Laptop GPU, P3, 52, 71, 11, 101, 5000, 14.38, [N/A], 45.00, 0x0000000000000001, Active, Not Active, Not Active, Not Active, Not Active
2026/09/23 14:54:55.148, NVIDIA GeForce RTX 3050 6GB Laptop GPU, P3, 52, 71, 11, 101, 5000, 14.55, [N/A], 45.00, 0x0000000000000001, Active, Not Active, Not Active, Not Active, Not Active
2026/09/23 14:54:55.405, NVIDIA GeForce RTX 3050 6GB Laptop GPU, P3, 52, 67, 10, 101, 5000, 14.39, [N/A], 45.00, 0x0000000000000001, Active, Not Active, Not Active, Not Active, Not Active
2026/09/23 14:54:55.656, NVIDIA GeForce RTX 3050 6GB Laptop GPU, P3, 52, 67, 10, 101, 5000, 14.66, [N/A], 45.00, 0x0000000000000001, Active, Not Active, Not Active, Not Active, Not Active
2026/09/23 14:54:55.908, NVIDIA GeForce RTX 3050 6GB Laptop GPU, P3, 52, 67, 10, 108, 5000, 14.77, [N/A], 45.00, 0x0000000000000001, Active, Not Active, Not Active, Not Active, Not Active
2026/09/23 14:54:56.162, NVIDIA GeForce RTX 3050 6GB Laptop GPU, P3, 52, 67, 10, 108, 5000, 14.98, [N/A], 45.00, 0x0000000000000001, Active, Not Active, Not Active, Not Active, Not Active
2026/09/23 14:54:56.413, NVIDIA GeForce RTX 3050 6GB Laptop GPU, P0, 52, 82, 6, 247, 5500, 14.84, [N/A], 45.00, 0x0000000000000001, Active, Not Active, Not Active, Not Active, Not Active
2026/09/23 14:54:56.665, NVIDIA GeForce RTX 3050 6GB Laptop GPU, P0, 52, 82, 6, 247, 5500, 14.59, [N/A], 45.00, 0x0000000000000001, Active, Not Active, Not Active, Not Active, Not Active
2026/09/23 14:54:56.919, NVIDIA GeForce RTX 3050 6GB Laptop GPU, P3, 51, 82, 6, 52, 5000, 14.32, [N/A], 45.00, 0x0000000000000001, Active, Not Active, Not Active, Not Active, Not Active
2026/09/23 14:54:57.170, NVIDIA GeForce RTX 3050 6GB Laptop GPU, P3, 51, 82, 6, 52, 5000, 13.98, [N/A], 45.00, 0x0000000000000001, Active, Not Active, Not Active, Not Active, Not Active
2026/09/23 14:54:57.423, NVIDIA GeForce RTX 3050 6GB Laptop GPU, P0, 52, 76, 3, 247, 5500, 14.02, [N/A], 45.00, 0x0000000000000001, Active, Not Active, Not Active, Not Active, Not Active
2026/09/23 14:54:57.675, NVIDIA GeForce RTX 3050 6GB Laptop GPU, P0, 52, 76, 3, 247, 5500, 13.85, [N/A], 45.00, 0x0000000000000001, Active, Not Active, Not Active, Not Active, Not Active
2026/09/23 14:54:57.927, NVIDIA GeForce RTX 3050 6GB Laptop GPU, P3, 52, 76, 3, 52, 5000, 14.03, [N/A], 45.00, 0x0000000000000001, Active, Not Active, Not Active, Not Active, Not Active
2026/09/23 14:54:58.179, NVIDIA GeForce RTX 3050 6GB Laptop GPU, P3, 52, 76, 3, 52, 5000, 13.95, [N/A], 45.00, 0x0000000000000001, Active, Not Active, Not Active, Not Active, Not Active
2026/09/23 14:54:58.431, NVIDIA GeForce RTX 3050 6GB Laptop GPU, P3, 51, 75, 5, 52, 5000, 13.71, [N/A], 45.00, 0x0000000000000001, Active, Not Active, Not Active, Not Active, Not Active
2026/09/23 14:54:58.683, NVIDIA GeForce RTX 3050 6GB Laptop GPU, P3, 51, 75, 5, 52, 5000, 13.83, [N/A], 45.00, 0x0000000000000001, Active, Not Active, Not Active, Not Active, Not Active
2026/09/23 14:54:58.936, NVIDIA GeForce RTX 3050 6GB Laptop GPU, P3, 51, 75, 5, 90, 5000, 13.84, [N/A], 45.00, 0x0000000000000001, Active, Not Active, Not Active, Not Active, Not Active
2026/09/23 14:54:59.192, NVIDIA GeForce RTX 3050 6GB Laptop GPU, P3, 51, 75, 5, 90, 5000, 13.95, [N/A], 45.00, 0x0000000000000001, Active, Not Active, Not Active, Not Active, Not Active
2026/09/23 14:54:59.453, NVIDIA GeForce RTX 3050 6GB Laptop GPU, P5, 52, 60, 9, 91, 810, 13.89, [N/A], 45.00, 0x0000000000000001, Active, Not Active, Not Active, Not Active, Not Active
2026/09/23 14:54:59.707, NVIDIA GeForce RTX 3050 6GB Laptop GPU, P5, 52, 60, 9, 91, 810, 13.88, [N/A], 45.00, 0x0000000000000001, Active, Not Active, Not Active, Not Active, Not Active
2026/09/23 14:54:59.967, NVIDIA GeForce RTX 3050 6GB Laptop GPU, P3, 52, 60, 9, 75, 5000, 13.60, [N/A], 45.00, 0x0000000000000001, Active, Not Active, Not Active, Not Active, Not Active
2026/09/23 14:55:00.225, NVIDIA GeForce RTX 3050 6GB Laptop GPU, P5, 51, 0, 0, 52, 810, 13.10, [N/A], 45.00, 0x0000000000000001, Active, Not Active, Not Active, Not Active, Not Active
2026/09/23 14:55:00.482, NVIDIA GeForce RTX 3050 6GB Laptop GPU, P5, 51, 0, 0, 52, 810, 12.37, [N/A], 45.00, 0x0000000000000001, Active, Not Active, Not Active, Not Active, Not Active
2026/09/23 14:55:00.739, NVIDIA GeForce RTX 3050 6GB Laptop GPU, P5, 51, 0, 0, 52, 810, 11.72, [N/A], 45.00, 0x0000000000000001, Active, Not Active, Not Active, Not Active, Not Active
2026/09/23 14:55:00.995, NVIDIA GeForce RTX 3050 6GB Laptop GPU, P5, 51, 0, 0, 52, 810, 11.59, [N/A], 45.00, 0x0000000000000001, Active, Not Active, Not Active, Not Active, Not Active
2026/09/23 14:55:01.247, NVIDIA GeForce RTX 3050 6GB Laptop GPU, P0, 51, 92, 17, 247, 5500, 11.80, [N/A], 45.00, 0x0000000000000001, Active, Not Active, Not Active, Not Active, Not Active
2026/09/23 14:55:01.507, NVIDIA GeForce RTX 3050 6GB Laptop GPU, P0, 51, 92, 17, 247, 5500, 12.78, [N/A], 45.00, 0x0000000000000001, Active, Not Active, Not Active, Not Active, Not Active
2026/09/23 14:55:01.759, NVIDIA GeForce RTX 3050 6GB Laptop GPU, P0, 51, 92, 17, 247, 5500, 13.32, [N/A], 45.00, 0x0000000000000001, Active, Not Active, Not Active, Not Active, Not Active
2026/09/23 14:55:02.012, NVIDIA GeForce RTX 3050 6GB Laptop GPU, P0, 51, 92, 17, 247, 5500, 14.22, [N/A], 45.00, 0x0000000000000001, Active, Not Active, Not Active, Not Active, Not Active
2026/09/23 14:55:02.264, NVIDIA GeForce RTX 3050 6GB Laptop GPU, P3, 52, 69, 11, 106, 5000, 14.80, [N/A], 45.00, 0x0000000000000001, Active, Not Active, Not Active, Not Active, Not Active
2026/09/23 14:55:02.519, NVIDIA GeForce RTX 3050 6GB Laptop GPU, P3, 52, 69, 11, 106, 5000, 14.79, [N/A], 45.00, 0x0000000000000001, Active, Not Active, Not Active, Not Active, Not Active
2026/09/23 14:55:02.772, NVIDIA GeForce RTX 3050 6GB Laptop GPU, P3, 51, 69, 11, 108, 5000, 14.91, [N/A], 45.00, 0x0000000000000001, Active, Not Active, Not Active, Not Active, Not Active
2026/09/23 14:55:03.026, NVIDIA GeForce RTX 3050 6GB Laptop GPU, P3, 51, 69, 11, 108, 5000, 15.05, [N/A], 45.00, 0x0000000000000001, Active, Not Active, Not Active, Not Active, Not Active
2026/09/23 14:55:03.281, NVIDIA GeForce RTX 3050 6GB Laptop GPU, P3, 51, 74, 6, 52, 5000, 14.60, [N/A], 45.00, 0x0000000000000001, Active, Not Active, Not Active, Not Active, Not Active
2026/09/23 14:55:03.533, NVIDIA GeForce RTX 3050 6GB Laptop GPU, P3, 51, 74, 6, 52, 5000, 14.58, [N/A], 45.00, 0x0000000000000001, Active, Not Active, Not Active, Not Active, Not Active
2026/09/23 14:55:03.788, NVIDIA GeForce RTX 3050 6GB Laptop GPU, P3, 52, 74, 6, 67, 5000, 14.14, [N/A], 45.00, 0x0000000000000001, Active, Not Active, Not Active, Not Active, Not Active
2026/09/23 14:55:04.042, NVIDIA GeForce RTX 3050 6GB Laptop GPU, P3, 52, 74, 6, 67, 5000, 14.01, [N/A], 45.00, 0x0000000000000001, Active, Not Active, Not Active, Not Active, Not Active
2026/09/23 14:55:04.295, NVIDIA GeForce RTX 3050 6GB Laptop GPU, P0, 51, 96, 4, 247, 5500, 13.97, [N/A], 45.00, 0x0000000000000001, Active, Not Active, Not Active, Not Active, Not Active
2026/09/23 14:55:04.556, NVIDIA GeForce RTX 3050 6GB Laptop GPU, P0, 51, 96, 4, 247, 5500, 14.09, [N/A], 45.00, 0x0000000000000001, Active, Not Active, Not Active, Not Active, Not Active
2026/09/23 14:55:04.809, NVIDIA GeForce RTX 3050 6GB Laptop GPU, P3, 51, 96, 4, 52, 5000, 13.75, [N/A], 45.00, 0x0000000000000001, Active, Not Active, Not Active, Not Active, Not Active
2026/09/23 14:55:05.068, NVIDIA GeForce RTX 3050 6GB Laptop GPU, P3, 51, 96, 4, 52, 5000, 13.85, [N/A], 45.00, 0x0000000000000001, Active, Not Active, Not Active, Not Active, Not Active
2026/09/23 14:55:05.332, NVIDIA GeForce RTX 3050 6GB Laptop GPU, P3, 52, 69, 5, 52, 5000, 13.73, [N/A], 45.00, 0x0000000000000001, Active, Not Active, Not Active, Not Active, Not Active
2026/09/23 14:55:05.590, NVIDIA GeForce RTX 3050 6GB Laptop GPU, P3, 52, 69, 5, 52, 5000, 13.38, [N/A], 45.00, 0x0000000000000001, Active, Not Active, Not Active, Not Active, Not Active
2026/09/23 14:55:05.843, NVIDIA GeForce RTX 3050 6GB Laptop GPU, P0, 52, 69, 5, 247, 5500, 13.68, [N/A], 45.00, 0x0000000000000001, Active, Not Active, Not Active, Not Active, Not Active
2026/09/23 14:55:06.097, NVIDIA GeForce RTX 3050 6GB Laptop GPU, P0, 52, 69, 5, 247, 5500, 13.68, [N/A], 45.00, 0x0000000000000001, Active, Not Active, Not Active, Not Active, Not Active
2026/09/23 14:55:06.356, NVIDIA GeForce RTX 3050 6GB Laptop GPU, P5, 51, 64, 9, 97, 810, 13.93, [N/A], 45.00, 0x0000000000000001, Active, Not Active, Not Active, Not Active, Not Active
2026/09/23 14:55:06.609, NVIDIA GeForce RTX 3050 6GB Laptop GPU, P5, 51, 64, 9, 97, 810, 13.78, [N/A], 45.00, 0x0000000000000001, Active, Not Active, Not Active, Not Active, Not Active
2026/09/23 14:55:06.879, NVIDIA GeForce RTX 3050 6GB Laptop GPU, P0, 52, 64, 9, 247, 5500, 13.91, [N/A], 45.00, 0x0000000000000001, Active, Not Active, Not Active, Not Active, Not Active
2026/09/23 14:55:07.135, NVIDIA GeForce RTX 3050 6GB Laptop GPU, P0, 52, 64, 9, 247, 5500, 13.80, [N/A], 45.00, 0x0000000000000001, Active, Not Active, Not Active, Not Active, Not Active
2026/09/23 14:55:07.387, NVIDIA GeForce RTX 3050 6GB Laptop GPU, P5, 51, 26, 1, 52, 810, 12.96, [N/A], 45.00, 0x0000000000000001, Active, Not Active, Not Active, Not Active, Not Active
2026/09/23 14:55:07.646, NVIDIA GeForce RTX 3050 6GB Laptop GPU, P5, 51, 26, 1, 52, 810, 12.72, [N/A], 45.00, 0x0000000000000001, Active, Not Active, Not Active, Not Active, Not Active
2026/09/23 14:55:07.904, NVIDIA GeForce RTX 3050 6GB Laptop GPU, P5, 51, 26, 1, 52, 810, 11.89, [N/A], 45.00, 0x0000000000000001, Active, Not Active, Not Active, Not Active, Not Active
2026/09/23 14:55:08.159, NVIDIA GeForce RTX 3050 6GB Laptop GPU, P5, 51, 26, 1, 52, 810, 11.65, [N/A], 45.00, 0x0000000000000001, Active, Not Active, Not Active, Not Active, Not Active
2026/09/23 14:55:08.417, NVIDIA GeForce RTX 3050 6GB Laptop GPU, P5, 51, 0, 0, 52, 810, 11.60, [N/A], 45.00, 0x0000000000000001, Active, Not Active, Not Active, Not Active, Not Active
2026/09/23 14:55:08.672, NVIDIA GeForce RTX 3050 6GB Laptop GPU, P5, 51, 0, 0, 52, 810, 12.84, [N/A], 45.00, 0x0000000000000001, Active, Not Active, Not Active, Not Active, Not Active
2026/09/23 14:55:08.932, NVIDIA GeForce RTX 3050 6GB Laptop GPU, P0, 51, 0, 0, 247, 5500, 13.60, [N/A], 45.00, 0x0000000000000001, Active, Not Active, Not Active, Not Active, Not Active
2026/09/23 14:55:09.188, NVIDIA GeForce RTX 3050 6GB Laptop GPU, P0, 51, 0, 0, 247, 5500, 14.13, [N/A], 45.00, 0x0000000000000001, Active, Not Active, Not Active, Not Active, Not Active
2026/09/23 14:55:09.444, NVIDIA GeForce RTX 3050 6GB Laptop GPU, P3, 52, 69, 11, 106, 5000, 14.71, [N/A], 45.00, 0x0000000000000001, Active, Not Active, Not Active, Not Active, Not Active
2026/09/23 14:55:09.698, NVIDIA GeForce RTX 3050 6GB Laptop GPU, P3, 52, 69, 11, 106, 5000, 15.10, [N/A], 45.00, 0x0000000000000001, Active, Not Active, Not Active, Not Active, Not Active
2026/09/23 14:55:09.961, NVIDIA GeForce RTX 3050 6GB Laptop GPU, P0, 52, 69, 11, 247, 5500, 14.94, [N/A], 45.00, 0x0000000000000001, Active, Not Active, Not Active, Not Active, Not Active
2026/09/23 14:55:10.222, NVIDIA GeForce RTX 3050 6GB Laptop GPU, P0, 52, 69, 11, 247, 5500, 15.20, [N/A], 45.00, 0x0000000000000001, Active, Not Active, Not Active, Not Active, Not Active
2026/09/23 14:55:10.479, NVIDIA GeForce RTX 3050 6GB Laptop GPU, P3, 51, 62, 10, 95, 5000, 14.99, [N/A], 45.00, 0x0000000000000001, Active, Not Active, Not Active, Not Active, Not Active
2026/09/23 14:55:10.734, NVIDIA GeForce RTX 3050 6GB Laptop GPU, P3, 52, 62, 10, 82, 5000, 14.69, [N/A], 45.00, 0x0000000000000001, Active, Not Active, Not Active, Not Active, Not Active
2026/09/23 14:55:10.986, NVIDIA GeForce RTX 3050 6GB Laptop GPU, P3, 52, 62, 10, 82, 5000, 14.37, [N/A], 45.00, 0x0000000000000001, Active, Not Active, Not Active, Not Active, Not Active
2026/09/23 14:55:11.246, NVIDIA GeForce RTX 3050 6GB Laptop GPU, P3, 51, 59, 10, 91, 5000, 14.45, [N/A], 45.00, 0x0000000000000001, Active, Not Active, Not Active, Not Active, Not Active
2026/09/23 14:55:11.500, NVIDIA GeForce RTX 3050 6GB Laptop GPU, P3, 51, 59, 10, 91, 5000, 14.22, [N/A], 45.00, 0x0000000000000001, Active, Not Active, Not Active, Not Active, Not Active
2026/09/23 14:55:11.752, NVIDIA GeForce RTX 3050 6GB Laptop GPU, P0, 51, 59, 10, 247, 5500, 14.03, [N/A], 45.00, 0x0000000000000001, Active, Not Active, Not Active, Not Active, Not Active
2026/09/23 14:55:12.013, NVIDIA GeForce RTX 3050 6GB Laptop GPU, P0, 51, 59, 10, 247, 5500, 14.15, [N/A], 45.00, 0x0000000000000001, Active, Not Active, Not Active, Not Active, Not Active
2026/09/23 14:55:12.267, NVIDIA GeForce RTX 3050 6GB Laptop GPU, P0, 52, 36, 5, 247, 5500, 14.03, [N/A], 45.00, 0x0000000000000001, Active, Not Active, Not Active, Not Active, Not Active
2026/09/23 14:55:12.527, NVIDIA GeForce RTX 3050 6GB Laptop GPU, P0, 52, 36, 5, 247, 5500, 14.20, [N/A], 45.00, 0x0000000000000001, Active, Not Active, Not Active, Not Active, Not Active
2026/09/23 14:55:12.781, NVIDIA GeForce RTX 3050 6GB Laptop GPU, P3, 51, 36, 5, 52, 5000, 14.16, [N/A], 45.00, 0x0000000000000001, Active, Not Active, Not Active, Not Active, Not Active
2026/09/23 14:55:13.033, NVIDIA GeForce RTX 3050 6GB Laptop GPU, P3, 51, 36, 5, 52, 5000, 14.20, [N/A], 45.00, 0x0000000000000001, Active, Not Active, Not Active, Not Active, Not Active
2026/09/23 14:55:13.285, NVIDIA GeForce RTX 3050 6GB Laptop GPU, P0, 51, 78, 5, 247, 5500, 14.22, [N/A], 45.00, 0x0000000000000001, Active, Not Active, Not Active, Not Active, Not Active
2026/09/23 14:55:13.546, NVIDIA GeForce RTX 3050 6GB Laptop GPU, P0, 51, 78, 5, 247, 5500, 13.97, [N/A], 45.00, 0x0000000000000001, Active, Not Active, Not Active, Not Active, Not Active
2026/09/23 14:55:13.803, NVIDIA GeForce RTX 3050 6GB Laptop GPU, P0, 52, 78, 5, 247, 5500, 13.83, [N/A], 45.00, 0x0000000000000001, Active, Not Active, Not Active, Not Active, Not Active
2026/09/23 14:55:14.060, NVIDIA GeForce RTX 3050 6GB Laptop GPU, P0, 52, 78, 5, 247, 5500, 13.53, [N/A], 45.00, 0x0000000000000001, Active, Not Active, Not Active, Not Active, Not Active
2026/09/23 14:55:14.318, NVIDIA GeForce RTX 3050 6GB Laptop GPU, P0, 51, 0, 0, 247, 5500, 13.05, [N/A], 45.00, 0x0000000000000001, Active, Not Active, Not Active, Not Active, Not Active
2026/09/23 14:55:14.570, NVIDIA GeForce RTX 3050 6GB Laptop GPU, P0, 51, 0, 0, 247, 5500, 12.53, [N/A], 45.00, 0x0000000000000001, Active, Not Active, Not Active, Not Active, Not Active
2026/09/23 14:55:14.824, NVIDIA GeForce RTX 3050 6GB Laptop GPU, P0, 51, 0, 0, 247, 5500, 12.61, [N/A], 45.00, 0x0000000000000001, Active, Not Active, Not Active, Not Active, Not Active
2026/09/23 14:55:15.077, NVIDIA GeForce RTX 3050 6GB Laptop GPU, P0, 51, 0, 0, 247, 5500, 13.44, [N/A], 45.00, 0x0000000000000001, Active, Not Active, Not Active, Not Active, Not Active
2026/09/23 14:55:15.337, NVIDIA GeForce RTX 3050 6GB Laptop GPU, P0, 52, 88, 35, 247, 5500, 13.74, [N/A], 45.00, 0x0000000000000001, Active, Not Active, Not Active, Not Active, Not Active
2026/09/23 14:55:15.593, NVIDIA GeForce RTX 3050 6GB Laptop GPU, P0, 52, 88, 35, 247, 5500, 14.23, [N/A], 45.00, 0x0000000000000001, Active, Not Active, Not Active, Not Active, Not Active
2026/09/23 14:55:15.844, NVIDIA GeForce RTX 3050 6GB Laptop GPU, P0, 52, 88, 35, 247, 5500, 15.02, [N/A], 45.00, 0x0000000000000001, Active, Not Active, Not Active, Not Active, Not Active
2026/09/23 14:55:16.097, NVIDIA GeForce RTX 3050 6GB Laptop GPU, P0, 52, 88, 35, 247, 5500, 14.74, [N/A], 45.00, 0x0000000000000001, Active, Not Active, Not Active, Not Active, Not Active
2026/09/23 14:55:16.352, NVIDIA GeForce RTX 3050 6GB Laptop GPU, P3, 52, 72, 11, 110, 5000, 15.06, [N/A], 45.00, 0x0000000000000001, Active, Not Active, Not Active, Not Active, Not Active
2026/09/23 14:55:16.611, NVIDIA GeForce RTX 3050 6GB Laptop GPU, P3, 52, 72, 11, 110, 5000, 15.04, [N/A], 45.00, 0x0000000000000001, Active, Not Active, Not Active, Not Active, Not Active
2026/09/23 14:55:16.884, NVIDIA GeForce RTX 3050 6GB Laptop GPU, P3, 52, 72, 11, 99, 5000, 14.55, [N/A], 45.00, 0x0000000000000001, Active, Not Active, Not Active, Not Active, Not Active
2026/09/23 14:55:17.145, NVIDIA GeForce RTX 3050 6GB Laptop GPU, P3, 52, 72, 11, 99, 5000, 14.33, [N/A], 45.00, 0x0000000000000001, Active, Not Active, Not Active, Not Active, Not Active
2026/09/23 14:55:17.404, NVIDIA GeForce RTX 3050 6GB Laptop GPU, P0, 51, 83, 2, 247, 5500, 13.99, [N/A], 45.00, 0x0000000000000001, Active, Not Active, Not Active, Not Active, Not Active
2026/09/23 14:55:17.658, NVIDIA GeForce RTX 3050 6GB Laptop GPU, P0, 51, 83, 2, 247, 5500, 13.78, [N/A], 45.00, 0x0000000000000001, Active, Not Active, Not Active, Not Active, Not Active
2026/09/23 14:55:17.915, NVIDIA GeForce RTX 3050 6GB Laptop GPU, P0, 52, 83, 2, 247, 5500, 13.86, [N/A], 45.00, 0x0000000000000001, Active, Not Active, Not Active, Not Active, Not Active
2026/09/23 14:55:18.168, NVIDIA GeForce RTX 3050 6GB Laptop GPU, P0, 52, 83, 2, 247, 5500, 14.20, [N/A], 45.00, 0x0000000000000001, Active, Not Active, Not Active, Not Active, Not Active
2026/09/23 14:55:18.423, NVIDIA GeForce RTX 3050 6GB Laptop GPU, P3, 52, 43, 7, 65, 5000, 14.11, [N/A], 45.00, 0x0000000000000001, Active, Not Active, Not Active, Not Active, Not Active
2026/09/23 14:55:18.677, NVIDIA GeForce RTX 3050 6GB Laptop GPU, P3, 52, 43, 7, 65, 5000, 14.19, [N/A], 45.00, 0x0000000000000001, Active, Not Active, Not Active, Not Active, Not Active
2026/09/23 14:55:18.930, NVIDIA GeForce RTX 3050 6GB Laptop GPU, P3, 51, 43, 7, 61, 5000, 13.97, [N/A], 45.00, 0x0000000000000001, Active, Not Active, Not Active, Not Active, Not Active
2026/09/23 14:55:19.183, NVIDIA GeForce RTX 3050 6GB Laptop GPU, P3, 51, 43, 7, 61, 5000, 13.83, [N/A], 45.00, 0x0000000000000001, Active, Not Active, Not Active, Not Active, Not Active
2026/09/23 14:55:19.444, NVIDIA GeForce RTX 3050 6GB Laptop GPU, P5, 52, 67, 2, 52, 810, 13.60, [N/A], 45.00, 0x0000000000000001, Active, Not Active, Not Active, Not Active, Not Active
2026/09/23 14:55:19.705, NVIDIA GeForce RTX 3050 6GB Laptop GPU, P5, 52, 67, 2, 52, 810, 13.66, [N/A], 45.00, 0x0000000000000001, Active, Not Active, Not Active, Not Active, Not Active
2026/09/23 14:55:19.959, NVIDIA GeForce RTX 3050 6GB Laptop GPU, P5, 51, 67, 2, 71, 810, 13.74, [N/A], 45.00, 0x0000000000000001, Active, Not Active, Not Active, Not Active, Not Active
2026/09/23 14:55:20.215, NVIDIA GeForce RTX 3050 6GB Laptop GPU, P5, 51, 67, 2, 71, 810, 13.64, [N/A], 45.00, 0x0000000000000001, Active, Not Active, Not Active, Not Active, Not Active
2026/09/23 14:55:20.475, NVIDIA GeForce RTX 3050 6GB Laptop GPU, P0, 51, 77, 4, 247, 5500, 14.07, [N/A], 45.00, 0x0000000000000001, Active, Not Active, Not Active, Not Active, Not Active
2026/09/23 14:55:20.732, NVIDIA GeForce RTX 3050 6GB Laptop GPU, P3, 51, 77, 4, 97, 5000, 13.58, [N/A], 45.00, 0x0000000000000001, Active, Not Active, Not Active, Not Active, Not Active
2026/09/23 14:55:20.990, NVIDIA GeForce RTX 3050 6GB Laptop GPU, P3, 51, 77, 4, 97, 5000, 13.09, [N/A], 45.00, 0x0000000000000001, Active, Not Active, Not Active, Not Active, Not Active
2026/09/23 14:55:21.247, NVIDIA GeForce RTX 3050 6GB Laptop GPU, P5, 51, 0, 0, 97, 810, 12.55, [N/A], 45.00, 0x0000000000000001, Active, Not Active, Not Active, Not Active, Not Active
2026/09/23 14:55:21.507, NVIDIA GeForce RTX 3050 6GB Laptop GPU, P5, 51, 0, 0, 97, 810, 11.60, [N/A], 45.00, 0x0000000000000001, Active, Not Active, Not Active, Not Active, Not Active
2026/09/23 14:55:21.761, NVIDIA GeForce RTX 3050 6GB Laptop GPU, P5, 51, 0, 0, 97, 810, 11.83, [N/A], 45.00, 0x0000000000000001, Active, Not Active, Not Active, Not Active, Not Active
2026/09/23 14:55:22.013, NVIDIA GeForce RTX 3050 6GB Laptop GPU, P5, 51, 0, 0, 97, 810, 12.72, [N/A], 45.00, 0x0000000000000001, Active, Not Active, Not Active, Not Active, Not Active
2026/09/23 14:55:22.267, NVIDIA GeForce RTX 3050 6GB Laptop GPU, P0, 52, 89, 35, 247, 5500, 13.44, [N/A], 45.00, 0x0000000000000001, Active, Not Active, Not Active, Not Active, Not Active
2026/09/23 14:55:22.524, NVIDIA GeForce RTX 3050 6GB Laptop GPU, P0, 52, 89, 35, 247, 5500, 14.07, [N/A], 45.00, 0x0000000000000001, Active, Not Active, Not Active, Not Active, Not Active
2026/09/23 14:55:22.775, NVIDIA GeForce RTX 3050 6GB Laptop GPU, P0, 52, 89, 35, 247, 5500, 14.85, [N/A], 45.00, 0x0000000000000001, Active, Not Active, Not Active, Not Active, Not Active
2026/09/23 14:55:23.028, NVIDIA GeForce RTX 3050 6GB Laptop GPU, P0, 52, 89, 35, 247, 5500, 14.71, [N/A], 45.00, 0x0000000000000001, Active, Not Active, Not Active, Not Active, Not Active
2026/09/23 14:55:23.281, NVIDIA GeForce RTX 3050 6GB Laptop GPU, P3, 51, 60, 10, 91, 5000, 14.89, [N/A], 45.00, 0x0000000000000001, Active, Not Active, Not Active, Not Active, Not Active
2026/09/23 14:55:23.532, NVIDIA GeForce RTX 3050 6GB Laptop GPU, P3, 51, 60, 10, 91, 5000, 14.71, [N/A], 45.00, 0x0000000000000001, Active, Not Active, Not Active, Not Active, Not Active
2026/09/23 14:55:23.786, NVIDIA GeForce RTX 3050 6GB Laptop GPU, P3, 52, 60, 10, 106, 5000, 14.68, [N/A], 45.00, 0x0000000000000001, Active, Not Active, Not Active, Not Active, Not Active
2026/09/23 14:55:24.038, NVIDIA GeForce RTX 3050 6GB Laptop GPU, P3, 52, 60, 10, 106, 5000, 14.60, [N/A], 45.00, 0x0000000000000001, Active, Not Active, Not Active, Not Active, Not Active
2026/09/23 14:55:24.290, NVIDIA GeForce RTX 3050 6GB Laptop GPU, P0, 51, 82, 3, 247, 5500, 14.38, [N/A], 45.00, 0x0000000000000001, Active, Not Active, Not Active, Not Active, Not Active
2026/09/23 14:55:24.542, NVIDIA GeForce RTX 3050 6GB Laptop GPU, P0, 51, 82, 3, 247, 5500, 14.40, [N/A], 45.00, 0x0000000000000001, Active, Not Active, Not Active, Not Active, Not Active
2026/09/23 14:55:24.795, NVIDIA GeForce RTX 3050 6GB Laptop GPU, P3, 51, 82, 3, 52, 5000, 13.88, [N/A], 45.00, 0x0000000000000001, Active, Not Active, Not Active, Not Active, Not Active
2026/09/23 14:55:25.056, NVIDIA GeForce RTX 3050 6GB Laptop GPU, P3, 51, 82, 3, 52, 5000, 14.08, [N/A], 45.00, 0x0000000000000001, Active, Not Active, Not Active, Not Active, Not Active
2026/09/23 14:55:25.310, NVIDIA GeForce RTX 3050 6GB Laptop GPU, P0, 51, 75, 5, 247, 5500, 14.23, [N/A], 45.00, 0x0000000000000001, Active, Not Active, Not Active, Not Active, Not Active
2026/09/23 14:55:25.561, NVIDIA GeForce RTX 3050 6GB Laptop GPU, P0, 51, 75, 5, 247, 5500, 13.95, [N/A], 45.00, 0x0000000000000001, Active, Not Active, Not Active, Not Active, Not Active
2026/09/23 14:55:25.815, NVIDIA GeForce RTX 3050 6GB Laptop GPU, P0, 52, 75, 5, 247, 5500, 14.16, [N/A], 45.00, 0x0000000000000001, Active, Not Active, Not Active, Not Active, Not Active
2026/09/23 14:55:26.067, NVIDIA GeForce RTX 3050 6GB Laptop GPU, P0, 52, 75, 5, 247, 5500, 13.97, [N/A], 45.00, 0x0000000000000001, Active, Not Active, Not Active, Not Active, Not Active
2026/09/23 14:55:26.325, NVIDIA GeForce RTX 3050 6GB Laptop GPU, P3, 51, 40, 8, 61, 5000, 14.07, [N/A], 45.00, 0x0000000000000001, Active, Not Active, Not Active, Not Active, Not Active
2026/09/23 14:55:26.583, NVIDIA GeForce RTX 3050 6GB Laptop GPU, P3, 51, 40, 8, 61, 5000, 14.09, [N/A], 45.00, 0x0000000000000001, Active, Not Active, Not Active, Not Active, Not Active
2026/09/23 14:55:26.845, NVIDIA GeForce RTX 3050 6GB Laptop GPU, P5, 51, 40, 8, 78, 810, 13.86, [N/A], 45.00, 0x0000000000000001, Active, Not Active, Not Active, Not Active, Not Active
2026/09/23 14:55:27.098, NVIDIA GeForce RTX 3050 6GB Laptop GPU, P5, 51, 40, 8, 78, 810, 14.15, [N/A], 45.00, 0x0000000000000001, Active, Not Active, Not Active, Not Active, Not Active
2026/09/23 14:55:27.364, NVIDIA GeForce RTX 3050 6GB Laptop GPU, P0, 51, 89, 6, 247, 5500, 13.78, [N/A], 45.00, 0x0000000000000001, Active, Not Active, Not Active, Not Active, Not Active
2026/09/23 14:55:27.616, NVIDIA GeForce RTX 3050 6GB Laptop GPU, P0, 51, 89, 6, 247, 5500, 13.47, [N/A], 45.00, 0x0000000000000001, Active, Not Active, Not Active, Not Active, Not Active
2026/09/23 14:55:27.873, NVIDIA GeForce RTX 3050 6GB Laptop GPU, P0, 51, 89, 6, 247, 5500, 13.16, [N/A], 45.00, 0x0000000000000001, Active, Not Active, Not Active, Not Active, Not Active
2026/09/23 14:55:28.130, NVIDIA GeForce RTX 3050 6GB Laptop GPU, P0, 51, 89, 6, 247, 5500, 12.67, [N/A], 45.00, 0x0000000000000001, Active, Not Active, Not Active, Not Active, Not Active
2026/09/23 14:55:28.391, NVIDIA GeForce RTX 3050 6GB Laptop GPU, P0, 51, 0, 0, 247, 5500, 12.68, [N/A], 45.00, 0x0000000000000001, Active, Not Active, Not Active, Not Active, Not Active
2026/09/23 14:55:28.658, NVIDIA GeForce RTX 3050 6GB Laptop GPU, P0, 51, 0, 0, 247, 5500, 13.32, [N/A], 45.00, 0x0000000000000001, Active, Not Active, Not Active, Not Active, Not Active
2026/09/23 14:55:28.915, NVIDIA GeForce RTX 3050 6GB Laptop GPU, P5, 51, 0, 0, 106, 810, 13.82, [N/A], 45.00, 0x0000000000000001, Active, Not Active, Not Active, Not Active, Not Active
2026/09/23 14:55:29.172, NVIDIA GeForce RTX 3050 6GB Laptop GPU, P5, 51, 0, 0, 106, 810, 14.51, [N/A], 45.00, 0x0000000000000001, Active, Not Active, Not Active, Not Active, Not Active
2026/09/23 14:55:29.429, NVIDIA GeForce RTX 3050 6GB Laptop GPU, P0, 51, 90, 7, 247, 5500, 15.25, [N/A], 45.00, 0x0000000000000001, Active, Not Active, Not Active, Not Active, Not Active
2026/09/23 14:55:29.683, NVIDIA GeForce RTX 3050 6GB Laptop GPU, P0, 51, 90, 7, 247, 5500, 14.97, [N/A], 45.00, 0x0000000000000001, Active, Not Active, Not Active, Not Active, Not Active
2026/09/23 14:55:29.939, NVIDIA GeForce RTX 3050 6GB Laptop GPU, P0, 52, 90, 7, 247, 5500, 15.48, [N/A], 45.00, 0x0000000000000001, Active, Not Active, Not Active, Not Active, Not Active
2026/09/23 14:55:30.195, NVIDIA GeForce RTX 3050 6GB Laptop GPU, P0, 52, 90, 7, 247, 5500, 15.25, [N/A], 45.00, 0x0000000000000001, Active, Not Active, Not Active, Not Active, Not Active
2026/09/23 14:55:30.451, NVIDIA GeForce RTX 3050 6GB Laptop GPU, P0, 51, 80, 6, 247, 5500, 15.22, [N/A], 45.00, 0x0000000000000001, Active, Not Active, Not Active, Not Active, Not Active
2026/09/23 14:55:30.707, NVIDIA GeForce RTX 3050 6GB Laptop GPU, P0, 51, 80, 6, 247, 5500, 14.97, [N/A], 45.00, 0x0000000000000001, Active, Not Active, Not Active, Not Active, Not Active
2026/09/23 14:55:30.963, NVIDIA GeForce RTX 3050 6GB Laptop GPU, P0, 52, 80, 6, 247, 5500, 14.43, [N/A], 45.00, 0x0000000000000001, Active, Not Active, Not Active, Not Active, Not Active
2026/09/23 14:55:31.218, NVIDIA GeForce RTX 3050 6GB Laptop GPU, P0, 52, 80, 6, 247, 5500, 14.42, [N/A], 45.00, 0x0000000000000001, Active, Not Active, Not Active, Not Active, Not Active
2026/09/23 14:55:31.475, NVIDIA GeForce RTX 3050 6GB Laptop GPU, P3, 52, 48, 8, 73, 5000, 14.04, [N/A], 45.00, 0x0000000000000001, Active, Not Active, Not Active, Not Active, Not Active
2026/09/23 14:55:31.731, NVIDIA GeForce RTX 3050 6GB Laptop GPU, P0, 51, 48, 8, 247, 5500, 14.17, [N/A], 45.00, 0x0000000000000001, Active, Not Active, Not Active, Not Active, Not Active
2026/09/23 14:55:31.987, NVIDIA GeForce RTX 3050 6GB Laptop GPU, P0, 51, 48, 8, 247, 5500, 13.86, [N/A], 45.00, 0x0000000000000001, Active, Not Active, Not Active, Not Active, Not Active
2026/09/23 14:55:32.244, NVIDIA GeForce RTX 3050 6GB Laptop GPU, P3, 52, 42, 6, 63, 5000, 13.85, [N/A], 45.00, 0x0000000000000001, Active, Not Active, Not Active, Not Active, Not Active
2026/09/23 14:55:32.504, NVIDIA GeForce RTX 3050 6GB Laptop GPU, P3, 52, 42, 6, 63, 5000, 13.94, [N/A], 45.00, 0x0000000000000001, Active, Not Active, Not Active, Not Active, Not Active
2026/09/23 14:55:32.760, NVIDIA GeForce RTX 3050 6GB Laptop GPU, P3, 51, 42, 6, 82, 5000, 14.15, [N/A], 45.00, 0x0000000000000001, Active, Not Active, Not Active, Not Active, Not Active
2026/09/23 14:55:33.016, NVIDIA GeForce RTX 3050 6GB Laptop GPU, P3, 51, 42, 6, 82, 5000, 14.26, [N/A], 45.00, 0x0000000000000001, Active, Not Active, Not Active, Not Active, Not Active
2026/09/23 14:55:33.272, NVIDIA GeForce RTX 3050 6GB Laptop GPU, P0, 51, 86, 6, 247, 5500, 14.34, [N/A], 45.00, 0x0000000000000001, Active, Not Active, Not Active, Not Active, Not Active
2026/09/23 14:55:33.525, NVIDIA GeForce RTX 3050 6GB Laptop GPU, P0, 51, 86, 6, 247, 5500, 14.43, [N/A], 45.00, 0x0000000000000001, Active, Not Active, Not Active, Not Active, Not Active
2026/09/23 14:55:33.780, NVIDIA GeForce RTX 3050 6GB Laptop GPU, P5, 51, 86, 6, 86, 810, 13.60, [N/A], 45.00, 0x0000000000000001, Active, Not Active, Not Active, Not Active, Not Active
2026/09/23 14:55:34.036, NVIDIA GeForce RTX 3050 6GB Laptop GPU, P5, 51, 86, 6, 86, 810, 13.09, [N/A], 45.00, 0x0000000000000001, Active, Not Active, Not Active, Not Active, Not Active
2026/09/23 14:55:34.293, NVIDIA GeForce RTX 3050 6GB Laptop GPU, P5, 51, 0, 0, 86, 810, 12.26, [N/A], 45.00, 0x0000000000000001, Active, Not Active, Not Active, Not Active, Not Active
2026/09/23 14:55:34.549, NVIDIA GeForce RTX 3050 6GB Laptop GPU, P5, 51, 0, 0, 86, 810, 11.89, [N/A], 45.00, 0x0000000000000001, Active, Not Active, Not Active, Not Active, Not Active
2026/09/23 14:55:34.805, NVIDIA GeForce RTX 3050 6GB Laptop GPU, P5, 51, 0, 0, 86, 810, 11.70, [N/A], 45.00, 0x0000000000000001, Active, Not Active, Not Active, Not Active, Not Active
2026/09/23 14:55:35.061, NVIDIA GeForce RTX 3050 6GB Laptop GPU, P5, 51, 0, 0, 86, 810, 13.05, [N/A], 45.00, 0x0000000000000001, Active, Not Active, Not Active, Not Active, Not Active
2026/09/23 14:55:35.317, NVIDIA GeForce RTX 3050 6GB Laptop GPU, P0, 52, 75, 11, 247, 5500, 13.94, [N/A], 45.00, 0x0000000000000001, Active, Not Active, Not Active, Not Active, Not Active
2026/09/23 14:55:35.575, NVIDIA GeForce RTX 3050 6GB Laptop GPU, P0, 52, 75, 11, 247, 5500, 15.20, [N/A], 45.00, 0x0000000000000001, Active, Not Active, Not Active, Not Active, Not Active
2026/09/23 14:55:35.830, NVIDIA GeForce RTX 3050 6GB Laptop GPU, P0, 52, 75, 11, 247, 5500, 15.52, [N/A], 45.00, 0x0000000000000001, Active, Not Active, Not Active, Not Active, Not Active
2026/09/23 14:55:36.087, NVIDIA GeForce RTX 3050 6GB Laptop GPU, P0, 52, 75, 11, 247, 5500, 15.38, [N/A], 45.00, 0x0000000000000001, Active, Not Active, Not Active, Not Active, Not Active
2026/09/23 14:55:36.344, NVIDIA GeForce RTX 3050 6GB Laptop GPU, P3, 51, 69, 11, 106, 5000, 15.17, [N/A], 45.00, 0x0000000000000001, Active, Not Active, Not Active, Not Active, Not Active
2026/09/23 14:55:36.600, NVIDIA GeForce RTX 3050 6GB Laptop GPU, P3, 51, 69, 11, 106, 5000, 14.92, [N/A], 45.00, 0x0000000000000001, Active, Not Active, Not Active, Not Active, Not Active
2026/09/23 14:55:36.857, NVIDIA GeForce RTX 3050 6GB Laptop GPU, P3, 52, 69, 11, 82, 5000, 14.68, [N/A], 45.00, 0x0000000000000001, Active, Not Active, Not Active, Not Active, Not Active
2026/09/23 14:55:37.111, NVIDIA GeForce RTX 3050 6GB Laptop GPU, P3, 52, 69, 11, 82, 5000, 14.35, [N/A], 45.00, 0x0000000000000001, Active, Not Active, Not Active, Not Active, Not Active
2026/09/23 14:55:37.365, NVIDIA GeForce RTX 3050 6GB Laptop GPU, P3, 51, 48, 8, 73, 5000, 13.91, [N/A], 45.00, 0x0000000000000001, Active, Not Active, Not Active, Not Active, Not Active
2026/09/23 14:55:37.622, NVIDIA GeForce RTX 3050 6GB Laptop GPU, P3, 51, 48, 8, 73, 5000, 13.70, [N/A], 45.00, 0x0000000000000001, Active, Not Active, Not Active, Not Active, Not Active
2026/09/23 14:55:37.881, NVIDIA GeForce RTX 3050 6GB Laptop GPU, P0, 51, 48, 8, 247, 5500, 13.76, [N/A], 45.00, 0x0000000000000001, Active, Not Active, Not Active, Not Active, Not Active
2026/09/23 14:55:38.136, NVIDIA GeForce RTX 3050 6GB Laptop GPU, P0, 51, 48, 8, 247, 5500, 13.92, [N/A], 45.00, 0x0000000000000001, Active, Not Active, Not Active, Not Active, Not Active
2026/09/23 14:55:38.391, NVIDIA GeForce RTX 3050 6GB Laptop GPU, P3, 52, 46, 7, 71, 5000, 13.76, [N/A], 45.00, 0x0000000000000001, Active, Not Active, Not Active, Not Active, Not Active
2026/09/23 14:55:38.647, NVIDIA GeForce RTX 3050 6GB Laptop GPU, P3, 52, 46, 7, 71, 5000, 14.06, [N/A], 45.00, 0x0000000000000001, Active, Not Active, Not Active, Not Active, Not Active
2026/09/23 14:55:38.901, NVIDIA GeForce RTX 3050 6GB Laptop GPU, P3, 51, 46, 7, 73, 5000, 13.86, [N/A], 45.00, 0x0000000000000001, Active, Not Active, Not Active, Not Active, Not Active
2026/09/23 14:55:39.161, NVIDIA GeForce RTX 3050 6GB Laptop GPU, P3, 51, 46, 7, 73, 5000, 13.95, [N/A], 45.00, 0x0000000000000001, Active, Not Active, Not Active, Not Active, Not Active
2026/09/23 14:55:39.418, NVIDIA GeForce RTX 3050 6GB Laptop GPU, P5, 51, 50, 8, 75, 810, 13.76, [N/A], 45.00, 0x0000000000000001, Active, Not Active, Not Active, Not Active, Not Active
2026/09/23 14:55:39.672, NVIDIA GeForce RTX 3050 6GB Laptop GPU, P5, 51, 50, 8, 75, 810, 13.85, [N/A], 45.00, 0x0000000000000001, Active, Not Active, Not Active, Not Active, Not Active
2026/09/23 14:55:39.925, NVIDIA GeForce RTX 3050 6GB Laptop GPU, P3, 52, 50, 8, 91, 5000, 14.04, [N/A], 45.00, 0x0000000000000001, Active, Not Active, Not Active, Not Active, Not Active
2026/09/23 14:55:40.177, NVIDIA GeForce RTX 3050 6GB Laptop GPU, P3, 52, 50, 8, 91, 5000, 14.04, [N/A], 45.00, 0x0000000000000001, Active, Not Active, Not Active, Not Active, Not Active
2026/09/23 14:55:40.429, NVIDIA GeForce RTX 3050 6GB Laptop GPU, P3, 51, 75, 3, 52, 5000, 13.64, [N/A], 45.00, 0x0000000000000001, Active, Not Active, Not Active, Not Active, Not Active
2026/09/23 14:55:40.687, NVIDIA GeForce RTX 3050 6GB Laptop GPU, P3, 51, 75, 3, 52, 5000, 12.94, [N/A], 45.00, 0x0000000000000001, Active, Not Active, Not Active, Not Active, Not Active
2026/09/23 14:55:40.943, NVIDIA GeForce RTX 3050 6GB Laptop GPU, P3, 51, 75, 3, 52, 5000, 12.57, [N/A], 45.00, 0x0000000000000001, Active, Not Active, Not Active, Not Active, Not Active
2026/09/23 14:55:41.199, NVIDIA GeForce RTX 3050 6GB Laptop GPU, P3, 51, 75, 3, 52, 5000, 11.93, [N/A], 45.00, 0x0000000000000001, Active, Not Active, Not Active, Not Active, Not Active
2026/09/23 14:55:41.455, NVIDIA GeForce RTX 3050 6GB Laptop GPU, P5, 51, 0, 0, 52, 810, 11.73, [N/A], 45.00, 0x0000000000000001, Active, Not Active, Not Active, Not Active, Not Active
2026/09/23 14:55:41.711, NVIDIA GeForce RTX 3050 6GB Laptop GPU, P5, 51, 0, 0, 52, 810, 12.20, [N/A], 45.00, 0x0000000000000001, Active, Not Active, Not Active, Not Active, Not Active
2026/09/23 14:55:41.963, NVIDIA GeForce RTX 3050 6GB Laptop GPU, P0, 51, 0, 0, 247, 5500, 13.00, [N/A], 45.00, 0x0000000000000001, Active, Not Active, Not Active, Not Active, Not Active
2026/09/23 14:55:42.226, NVIDIA GeForce RTX 3050 6GB Laptop GPU, P0, 51, 0, 0, 247, 5500, 13.65, [N/A], 45.00, 0x0000000000000001, Active, Not Active, Not Active, Not Active, Not Active
2026/09/23 14:55:42.481, NVIDIA GeForce RTX 3050 6GB Laptop GPU, P5, 51, 66, 10, 101, 810, 14.23, [N/A], 45.00, 0x0000000000000001, Active, Not Active, Not Active, Not Active, Not Active
2026/09/23 14:55:42.734, NVIDIA GeForce RTX 3050 6GB Laptop GPU, P3, 51, 66, 10, 105, 5000, 14.73, [N/A], 45.00, 0x0000000000000001, Active, Not Active, Not Active, Not Active, Not Active
2026/09/23 14:55:42.986, NVIDIA GeForce RTX 3050 6GB Laptop GPU, P3, 51, 66, 10, 105, 5000, 14.83, [N/A], 45.00, 0x0000000000000001, Active, Not Active, Not Active, Not Active, Not Active
2026/09/23 14:55:43.240, NVIDIA GeForce RTX 3050 6GB Laptop GPU, P0, 51, 90, 7, 247, 5500, 14.78, [N/A], 45.00, 0x0000000000000001, Active, Not Active, Not Active, Not Active, Not Active
2026/09/23 14:55:43.495, NVIDIA GeForce RTX 3050 6GB Laptop GPU, P0, 51, 90, 7, 247, 5500, 15.11, [N/A], 45.00, 0x0000000000000001, Active, Not Active, Not Active, Not Active, Not Active
2026/09/23 14:55:43.747, NVIDIA GeForce RTX 3050 6GB Laptop GPU, P3, 52, 90, 7, 52, 5000, 14.64, [N/A], 45.00, 0x0000000000000001, Active, Not Active, Not Active, Not Active, Not Active
2026/09/23 14:55:44.000, NVIDIA GeForce RTX 3050 6GB Laptop GPU, P3, 52, 90, 7, 52, 5000, 14.50, [N/A], 45.00, 0x0000000000000001, Active, Not Active, Not Active, Not Active, Not Active
2026/09/23 14:55:44.256, NVIDIA GeForce RTX 3050 6GB Laptop GPU, P0, 51, 84, 5, 247, 5500, 14.27, [N/A], 45.00, 0x0000000000000001, Active, Not Active, Not Active, Not Active, Not Active
2026/09/23 14:55:44.515, NVIDIA GeForce RTX 3050 6GB Laptop GPU, P0, 51, 84, 5, 247, 5500, 13.98, [N/A], 45.00, 0x0000000000000001, Active, Not Active, Not Active, Not Active, Not Active
2026/09/23 14:55:44.769, NVIDIA GeForce RTX 3050 6GB Laptop GPU, P0, 51, 84, 5, 247, 5500, 14.31, [N/A], 45.00, 0x0000000000000001, Active, Not Active, Not Active, Not Active, Not Active
2026/09/23 14:55:45.029, NVIDIA GeForce RTX 3050 6GB Laptop GPU, P0, 51, 84, 5, 247, 5500, 14.20, [N/A], 45.00, 0x0000000000000001, Active, Not Active, Not Active, Not Active, Not Active
2026/09/23 14:55:45.290, NVIDIA GeForce RTX 3050 6GB Laptop GPU, P0, 52, 79, 4, 247, 5500, 14.11, [N/A], 45.00, 0x0000000000000001, Active, Not Active, Not Active, Not Active, Not Active
2026/09/23 14:55:45.547, NVIDIA GeForce RTX 3050 6GB Laptop GPU, P0, 52, 79, 4, 247, 5500, 14.01, [N/A], 45.00, 0x0000000000000001, Active, Not Active, Not Active, Not Active, Not Active
2026/09/23 14:55:45.798, NVIDIA GeForce RTX 3050 6GB Laptop GPU, P3, 51, 79, 4, 52, 5000, 13.76, [N/A], 45.00, 0x0000000000000001, Active, Not Active, Not Active, Not Active, Not Active
2026/09/23 14:55:46.056, NVIDIA GeForce RTX 3050 6GB Laptop GPU, P3, 51, 79, 4, 52, 5000, 13.98, [N/A], 45.00, 0x0000000000000001, Active, Not Active, Not Active, Not Active, Not Active
2026/09/23 14:55:46.309, NVIDIA GeForce RTX 3050 6GB Laptop GPU, P0, 51, 82, 6, 247, 5500, 14.22, [N/A], 45.00, 0x0000000000000001, Active, Not Active, Not Active, Not Active, Not Active
2026/09/23 14:55:46.568, NVIDIA GeForce RTX 3050 6GB Laptop GPU, P0, 51, 82, 6, 247, 5500, 14.13, [N/A], 45.00, 0x0000000000000001, Active, Not Active, Not Active, Not Active, Not Active
2026/09/23 14:55:46.821, NVIDIA GeForce RTX 3050 6GB Laptop GPU, P0, 52, 82, 6, 247, 5500, 14.41, [N/A], 45.00, 0x0000000000000001, Active, Not Active, Not Active, Not Active, Not Active
2026/09/23 14:55:47.078, NVIDIA GeForce RTX 3050 6GB Laptop GPU, P0, 52, 82, 6, 247, 5500, 14.07, [N/A], 45.00, 0x0000000000000001, Active, Not Active, Not Active, Not Active, Not Active
2026/09/23 14:55:47.334, NVIDIA GeForce RTX 3050 6GB Laptop GPU, P0, 51, 4, 0, 247, 5500, 13.83, [N/A], 45.00, 0x0000000000000001, Active, Not Active, Not Active, Not Active, Not Active
2026/09/23 14:55:47.590, NVIDIA GeForce RTX 3050 6GB Laptop GPU, P0, 51, 4, 0, 247, 5500, 13.26, [N/A], 45.00, 0x0000000000000001, Active, Not Active, Not Active, Not Active, Not Active
2026/09/23 14:55:47.846, NVIDIA GeForce RTX 3050 6GB Laptop GPU, P0, 51, 4, 0, 247, 5500, 12.94, [N/A], 45.00, 0x0000000000000001, Active, Not Active, Not Active, Not Active, Not Active
2026/09/23 14:55:48.103, NVIDIA GeForce RTX 3050 6GB Laptop GPU, P0, 51, 4, 0, 247, 5500, 12.53, [N/A], 45.00, 0x0000000000000001, Active, Not Active, Not Active, Not Active, Not Active
2026/09/23 14:55:48.356, NVIDIA GeForce RTX 3050 6GB Laptop GPU, P0, 52, 21, 4, 247, 5500, 13.24, [N/A], 45.00, 0x0000000000000001, Active, Not Active, Not Active, Not Active, Not Active
2026/09/23 14:55:48.620, NVIDIA GeForce RTX 3050 6GB Laptop GPU, P0, 52, 21, 4, 247, 5500, 13.41, [N/A], 45.00, 0x0000000000000001, Active, Not Active, Not Active, Not Active, Not Active
2026/09/23 14:55:48.878, NVIDIA GeForce RTX 3050 6GB Laptop GPU, P0, 51, 21, 4, 247, 5500, 14.05, [N/A], 45.00, 0x0000000000000001, Active, Not Active, Not Active, Not Active, Not Active
2026/09/23 14:55:49.129, NVIDIA GeForce RTX 3050 6GB Laptop GPU, P0, 51, 21, 4, 247, 5500, 14.52, [N/A], 45.00, 0x0000000000000001, Active, Not Active, Not Active, Not Active, Not Active
2026/09/23 14:55:49.382, NVIDIA GeForce RTX 3050 6GB Laptop GPU, P3, 51, 70, 11, 108, 5000, 14.64, [N/A], 45.00, 0x0000000000000001, Active, Not Active, Not Active, Not Active, Not Active
2026/09/23 14:55:49.642, NVIDIA GeForce RTX 3050 6GB Laptop GPU, P3, 51, 70, 11, 108, 5000, 14.85, [N/A], 45.00, 0x0000000000000001, Active, Not Active, Not Active, Not Active, Not Active
2026/09/23 14:55:49.896, NVIDIA GeForce RTX 3050 6GB Laptop GPU, P3, 52, 70, 11, 103, 5000, 14.80, [N/A], 45.00, 0x0000000000000001, Active, Not Active, Not Active, Not Active, Not Active
2026/09/23 14:55:50.149, NVIDIA GeForce RTX 3050 6GB Laptop GPU, P3, 52, 70, 11, 103, 5000, 15.08, [N/A], 45.00, 0x0000000000000001, Active, Not Active, Not Active, Not Active, Not Active
2026/09/23 14:55:50.402, NVIDIA GeForce RTX 3050 6GB Laptop GPU, P0, 51, 79, 6, 247, 5500, 14.85, [N/A], 45.00, 0x0000000000000001, Active, Not Active, Not Active, Not Active, Not Active
2026/09/23 14:55:50.656, NVIDIA GeForce RTX 3050 6GB Laptop GPU, P0, 51, 79, 6, 247, 5500, 14.63, [N/A], 45.00, 0x0000000000000001, Active, Not Active, Not Active, Not Active, Not Active
2026/09/23 14:55:50.907, NVIDIA GeForce RTX 3050 6GB Laptop GPU, P0, 51, 79, 6, 247, 5500, 14.56, [N/A], 45.00, 0x0000000000000001, Active, Not Active, Not Active, Not Active, Not Active
2026/09/23 14:55:51.161, NVIDIA GeForce RTX 3050 6GB Laptop GPU, P0, 51, 79, 6, 247, 5500, 14.10, [N/A], 45.00, 0x0000000000000001, Active, Not Active, Not Active, Not Active, Not Active
2026/09/23 14:55:51.415, NVIDIA GeForce RTX 3050 6GB Laptop GPU, P0, 52, 33, 5, 247, 5500, 14.37, [N/A], 45.00, 0x0000000000000001, Active, Not Active, Not Active, Not Active, Not Active
2026/09/23 14:55:51.668, NVIDIA GeForce RTX 3050 6GB Laptop GPU, P0, 52, 33, 5, 247, 5500, 14.13, [N/A], 45.00, 0x0000000000000001, Active, Not Active, Not Active, Not Active, Not Active
2026/09/23 14:55:51.923, NVIDIA GeForce RTX 3050 6GB Laptop GPU, P3, 51, 33, 5, 52, 5000, 13.98, [N/A], 45.00, 0x0000000000000001, Active, Not Active, Not Active, Not Active, Not Active
2026/09/23 14:55:52.179, NVIDIA GeForce RTX 3050 6GB Laptop GPU, P3, 51, 33, 5, 52, 5000, 14.15, [N/A], 45.00, 0x0000000000000001, Active, Not Active, Not Active, Not Active, Not Active
2026/09/23 14:55:52.431, NVIDIA GeForce RTX 3050 6GB Laptop GPU, P0, 51, 76, 5, 247, 5500, 14.17, [N/A], 45.00, 0x0000000000000001, Active, Not Active, Not Active, Not Active, Not Active
2026/09/23 14:55:52.684, NVIDIA GeForce RTX 3050 6GB Laptop GPU, P0, 51, 76, 5, 247, 5500, 14.07, [N/A], 45.00, 0x0000000000000001, Active, Not Active, Not Active, Not Active, Not Active
2026/09/23 14:55:52.945, NVIDIA GeForce RTX 3050 6GB Laptop GPU, P0, 52, 76, 5, 247, 5500, 14.32, [N/A], 45.00, 0x0000000000000001, Active, Not Active, Not Active, Not Active, Not Active
2026/09/23 14:55:53.203, NVIDIA GeForce RTX 3050 6GB Laptop GPU, P0, 52, 76, 5, 247, 5500, 14.03, [N/A], 45.00, 0x0000000000000001, Active, Not Active, Not Active, Not Active, Not Active
2026/09/23 14:55:53.461, NVIDIA GeForce RTX 3050 6GB Laptop GPU, P0, 51, 79, 4, 247, 5500, 14.06, [N/A], 45.00, 0x0000000000000001, Active, Not Active, Not Active, Not Active, Not Active
2026/09/23 14:55:53.722, NVIDIA GeForce RTX 3050 6GB Laptop GPU, P0, 51, 79, 4, 247, 5500, 14.01, [N/A], 45.00, 0x0000000000000001, Active, Not Active, Not Active, Not Active, Not Active
2026/09/23 14:55:53.976, NVIDIA GeForce RTX 3050 6GB Laptop GPU, P0, 51, 79, 4, 247, 5500, 13.35, [N/A], 45.00, 0x0000000000000001, Active, Not Active, Not Active, Not Active, Not Active
2026/09/23 14:55:54.237, NVIDIA GeForce RTX 3050 6GB Laptop GPU, P0, 51, 0, 0, 247, 5500, 13.20, [N/A], 45.00, 0x0000000000000001, Active, Not Active, Not Active, Not Active, Not Active
2026/09/23 14:55:54.493, NVIDIA GeForce RTX 3050 6GB Laptop GPU, P0, 51, 0, 0, 247, 5500, 12.65, [N/A], 45.00, 0x0000000000000001, Active, Not Active, Not Active, Not Active, Not Active
2026/09/23 14:55:54.751, NVIDIA GeForce RTX 3050 6GB Laptop GPU, P0, 51, 0, 0, 247, 5500, 12.42, [N/A], 45.00, 0x0000000000000001, Active, Not Active, Not Active, Not Active, Not Active
2026/09/23 14:55:55.007, NVIDIA GeForce RTX 3050 6GB Laptop GPU, P0, 51, 0, 0, 247, 5500, 13.26, [N/A], 45.00, 0x0000000000000001, Active, Not Active, Not Active, Not Active, Not Active
2026/09/23 14:55:55.261, NVIDIA GeForce RTX 3050 6GB Laptop GPU, P0, 52, 87, 35, 247, 5500, 13.75, [N/A], 45.00, 0x0000000000000001, Active, Not Active, Not Active, Not Active, Not Active
2026/09/23 14:55:55.514, NVIDIA GeForce RTX 3050 6GB Laptop GPU, P0, 52, 87, 35, 247, 5500, 14.26, [N/A], 45.00, 0x0000000000000001, Active, Not Active, Not Active, Not Active, Not Active
2026/09/23 14:55:55.771, NVIDIA GeForce RTX 3050 6GB Laptop GPU, P0, 52, 87, 35, 247, 5500, 15.21, [N/A], 45.00, 0x0000000000000001, Active, Not Active, Not Active, Not Active, Not Active
2026/09/23 14:55:56.027, NVIDIA GeForce RTX 3050 6GB Laptop GPU, P0, 52, 87, 35, 247, 5500, 14.87, [N/A], 45.00, 0x0000000000000001, Active, Not Active, Not Active, Not Active, Not Active
2026/09/23 14:55:56.282, NVIDIA GeForce RTX 3050 6GB Laptop GPU, P3, 51, 65, 10, 99, 5000, 15.14, [N/A], 45.00, 0x0000000000000001, Active, Not Active, Not Active, Not Active, Not Active
2026/09/23 14:55:56.537, NVIDIA GeForce RTX 3050 6GB Laptop GPU, P3, 51, 65, 10, 99, 5000, 15.00, [N/A], 45.00, 0x0000000000000001, Active, Not Active, Not Active, Not Active, Not Active
2026/09/23 14:55:56.794, NVIDIA GeForce RTX 3050 6GB Laptop GPU, P3, 51, 65, 10, 106, 5000, 14.83, [N/A], 45.00, 0x0000000000000001, Active, Not Active, Not Active, Not Active, Not Active
2026/09/23 14:55:57.052, NVIDIA GeForce RTX 3050 6GB Laptop GPU, P3, 51, 65, 10, 106, 5000, 14.41, [N/A], 45.00, 0x0000000000000001, Active, Not Active, Not Active, Not Active, Not Active
2026/09/23 14:55:57.309, NVIDIA GeForce RTX 3050 6GB Laptop GPU, P3, 51, 48, 8, 73, 5000, 14.22, [N/A], 45.00, 0x0000000000000001, Active, Not Active, Not Active, Not Active, Not Active
2026/09/23 14:55:57.566, NVIDIA GeForce RTX 3050 6GB Laptop GPU, P3, 51, 48, 8, 73, 5000, 14.12, [N/A], 45.00, 0x0000000000000001, Active, Not Active, Not Active, Not Active, Not Active
2026/09/23 14:55:57.822, NVIDIA GeForce RTX 3050 6GB Laptop GPU, P3, 51, 48, 8, 91, 5000, 13.93, [N/A], 45.00, 0x0000000000000001, Active, Not Active, Not Active, Not Active, Not Active
2026/09/23 14:55:58.077, NVIDIA GeForce RTX 3050 6GB Laptop GPU, P3, 51, 48, 8, 91, 5000, 13.90, [N/A], 45.00, 0x0000000000000001, Active, Not Active, Not Active, Not Active, Not Active
