trial_id,method,profile,scenario,outcome,initial_detected,offset_degrees,initial_error_px,terminal_error_px,final_error_px,peak_error_px,peak_error_increase_pct,terminal_time_s,settling_time_s,observed_time_s,sample_count,max_command_rad_s,max_joint_condition,wall_time_s,target_step_time_s,trace
1,ibvs,medium,static,initial_out_of_view,False,"[-0.8130658685452481, 3.605923598707337, 5.845410233766206, -5.816519679560218, 7.104223377612421, -7.12241880234488]",,,,,,0.0,,0.0,1,0.0,10.898052857942403,0.003809399902820587,,traces/static_ibvs_0001.npz
1,pbvs,medium,static,initial_out_of_view,False,"[-0.8130658685452481, 3.605923598707337, 5.845410233766206, -5.816519679560218, 7.104223377612421, -7.12241880234488]",,,,,,0.0,,0.0,1,0.0,10.898052857942403,0.003522600047290325,,traces/static_pbvs_0001.npz
1,open_loop,medium,static,initial_out_of_view,False,"[-0.8130658685452481, 3.605923598707337, 5.845410233766206, -5.816519679560218, 7.104223377612421, -7.12241880234488]",,,,,,0.0,,0.0,1,0.0,10.898052857942403,0.00404769997112453,,traces/static_open_loop_0001.npz
2,ibvs,large,static,initial_out_of_view,False,"[-1.2780489390141838, 13.987565757947603, 2.73655223997989, -17.88614405484045, -8.895292002893784, -13.414636810741886]",,,,,,0.0,,0.0,1,0.0,10.472045367642309,0.004038899904116988,,traces/static_ibvs_0002.npz
2,pbvs,large,static,initial_out_of_view,False,"[-1.2780489390141838, 13.987565757947603, 2.73655223997989, -17.88614405484045, -8.895292002893784, -13.414636810741886]",,,,,,0.0,,0.0,1,0.0,10.472045367642309,0.004057199927046895,,traces/static_pbvs_0002.npz
2,open_loop,large,static,initial_out_of_view,False,"[-1.2780489390141838, 13.987565757947603, 2.73655223997989, -17.88614405484045, -8.895292002893784, -13.414636810741886]",,,,,,0.0,,0.0,1,0.0,10.472045367642309,0.00381530006416142,,traces/static_open_loop_0002.npz
3,ibvs,medium,static,converged,True,"[2.8717161482197646, 0.5131953458820373, -5.8431355255964545, 2.491762690898515, 6.532682785629813, -7.251546253014333]",53.76506042480469,0.948555588722229,0.948555588722229,53.76506042480469,0.0,3.7319999999998106,3.2319999999998656,4.731999999999701,143,0.15398795399664883,11.441005416285103,1.1442436999641359,,traces/static_ibvs_0003.npz
3,pbvs,medium,static,converged,True,"[2.8717161482197646, 0.5131953458820373, -5.8431355255964545, 2.491762690898515, 6.532682785629813, -7.251546253014333]",53.76506042480469,0.9574007391929626,0.9574007391929626,53.76506042480469,0.0,3.799999999999803,3.299999999999858,4.799999999999693,145,0.2171597218972634,11.441005416285103,1.1558431999292225,,traces/static_pbvs_0003.npz
3,open_loop,medium,static,converged,True,"[2.8717161482197646, 0.5131953458820373, -5.8431355255964545, 2.491762690898515, 6.532682785629813, -7.251546253014333]",53.76506042480469,0.36559420824050903,0.36559420824050903,53.76506042480469,0.0,5.565999999999609,3.2319999999998656,6.565999999999499,198,0.1959993252950996,11.441005416285103,1.6025364000815898,,traces/static_open_loop_0003.npz
4,ibvs,medium,static,converged,True,"[6.79894319330408, -4.36699926190961, 8.996361133829193, 5.387711086014239, -2.3718429643837915, 1.3618570544631066]",99.37472534179688,0.9673828482627869,0.9673828482627869,99.37472534179688,0.0,4.331999999999745,3.8319999999997996,5.331999999999635,161,0.1983167327852044,10.634381710813201,1.2952124001458287,,traces/static_ibvs_0004.npz
4,pbvs,medium,static,converged,True,"[6.79894319330408, -4.36699926190961, 8.996361133829193, 5.387711086014239, -2.3718429643837915, 1.3618570544631066]",99.37472534179688,0.9853951930999756,0.9853951930999756,99.37472534179688,0.0,4.599999999999715,4.0999999999997705,5.599999999999605,169,0.17456498450981706,10.633141336948768,1.2655513999052346,,traces/static_pbvs_0004.npz
4,open_loop,medium,static,converged,True,"[6.79894319330408, -4.36699926190961, 8.996361133829193, 5.387711086014239, -2.3718429643837915, 1.3618570544631066]",99.37472534179688,0.4924403429031372,0.4924403429031372,99.37472534179688,0.0,6.065999999999554,3.8319999999997996,7.065999999999444,213,0.17456498450981706,10.666133584731005,1.6273892999161035,,traces/static_open_loop_0004.npz
5,ibvs,small,static,converged,True,"[1.5636034648025703, 0.36269280643384594, -2.1997651672541902, 3.5255242056066907, 0.7816390083703304, 3.679332212342776]",29.471784591674805,0.9789620041847229,0.9789620041847229,29.471784591674805,0.0,3.365999999999851,2.865999999999906,4.365999999999741,132,0.0920787752821432,10.933706778151713,1.0297073000110686,,traces/static_ibvs_0005.npz
5,pbvs,small,static,converged,True,"[1.5636034648025703, 0.36269280643384594, -2.1997651672541902, 3.5255242056066907, 0.7816390083703304, 3.679332212342776]",29.471784591674805,0.9907378554344177,0.9907378554344177,29.471784591674805,0.0,3.499999999999836,2.999999999999891,4.499999999999726,136,0.1982340360543517,10.933706778151713,0.942484499886632,,traces/static_pbvs_0005.npz
5,open_loop,small,static,converged,True,"[1.5636034648025703, 0.36269280643384594, -2.1997651672541902, 3.5255242056066907, 0.7816390083703304, 3.679332212342776]",29.471784591674805,0.6012919545173645,0.6012919545173645,29.471784591674805,0.0,5.265999999999642,3.09999999999988,6.265999999999532,189,0.13283481112528034,10.933706778151713,1.3813555999659002,,traces/static_open_loop_0005.npz
6,ibvs,small,static,initial_out_of_view,False,"[2.1398502415996834, -0.27893884686042103, -3.78333338489909, -1.8652775461760562, -2.7385323503659205, -1.503045850580877]",,,,,,0.0,,0.0,1,0.0,11.094943409649064,0.002958799945190549,,traces/static_ibvs_0006.npz
6,pbvs,small,static,initial_out_of_view,False,"[2.1398502415996834, -0.27893884686042103, -3.78333338489909, -1.8652775461760562, -2.7385323503659205, -1.503045850580877]",,,,,,0.0,,0.0,1,0.0,11.094943409649064,0.0024745999835431576,,traces/static_pbvs_0006.npz
6,open_loop,small,static,initial_out_of_view,False,"[2.1398502415996834, -0.27893884686042103, -3.78333338489909, -1.8652775461760562, -2.7385323503659205, -1.503045850580877]",,,,,,0.0,,0.0,1,0.0,11.094943409649064,0.002741799922659993,,traces/static_open_loop_0006.npz
7,ibvs,small,static,converged,True,"[1.5795083215018826, 0.3200520360263708, 0.40612750939433084, 3.662942435559663, -1.3870567625603958, -0.0866625829916865]",9.976941108703613,0.9680711030960083,0.9680711030960083,9.976941108703613,0.0,2.4999999999999463,2.0000000000000013,3.499999999999836,106,0.07530503455039095,10.637702777217434,0.7518264001701027,,traces/static_ibvs_0007.npz
7,pbvs,small,static,converged,True,"[1.5795083215018826, 0.3200520360263708, 0.40612750939433084, 3.662942435559663, -1.3870567625603958, -0.0866625829916865]",9.976941108703613,0.9170675873756409,0.9170675873756409,9.976941108703613,0.0,2.565999999999939,2.065999999999994,3.565999999999829,108,0.20407855278944054,10.638622177444427,0.7376743000932038,,traces/static_pbvs_0007.npz
7,open_loop,small,static,converged,True,"[1.5795083215018826, 0.3200520360263708, 0.40612750939433084, 3.662942435559663, -1.3870567625603958, -0.0866625829916865]",9.976941108703613,0.479306697845459,0.479306697845459,9.976941108703613,0.0,4.731999999999701,2.031999999999998,5.731999999999591,173,0.11760098526707305,10.656721248631992,1.3065428999252617,,traces/static_open_loop_0007.npz
8,ibvs,medium,static,converged,True,"[-0.8791557812229875, -4.402620808469534, 4.571318342933505, 11.348047960064704, 0.9533308562043814, -4.390283202520127]",103.0530014038086,0.9902769327163696,0.9902769327163696,103.0530014038086,0.0,4.46599999999973,3.965999999999785,5.46599999999962,165,0.24115210170697618,10.643590236233024,1.350273699965328,,traces/static_ibvs_0008.npz
8,pbvs,medium,static,converged,True,"[-0.8791557812229875, -4.402620808469534, 4.571318342933505, 11.348047960064704, 0.9533308562043814, -4.390283202520127]",103.0530014038086,0.7709590196609497,0.7709590196609497,103.0530014038086,0.0,4.531999999999723,4.031999999999778,5.531999999999613,167,0.316316270568228,10.639140037521356,1.2276934999972582,,traces/static_pbvs_0008.npz
8,open_loop,medium,static,converged,True,"[-0.8791557812229875, -4.402620808469534, 4.571318342933505, 11.348047960064704, 0.9533308562043814, -4.390283202520127]",103.0530014038086,0.6148446202278137,0.6148446202278137,103.0530014038086,0.0,5.499999999999616,4.065999999999774,6.499999999999506,196,0.2737535367512674,10.652881078531568,1.388140399940312,,traces/static_open_loop_0008.npz
9,ibvs,medium,static,converged,True,"[5.672383509568952, -0.8296458207747293, -6.97342976791691, -4.1993184894812305, 5.546099854695498, 3.7420387460226525]",181.1334686279297,0.9769476652145386,0.9769476652145386,181.1334686279297,0.0,4.899999999999682,4.3999999999997375,5.899999999999572,178,0.15994420756955963,11.628282624087927,1.4466709000989795,,traces/static_ibvs_0009.npz
9,pbvs,medium,static,converged,True,"[5.672383509568952, -0.8296458207747293, -6.97342976791691, -4.1993184894812305, 5.546099854695498, 3.7420387460226525]",181.1334686279297,0.8950932621955872,0.8950932621955872,181.1334686279297,0.0,4.931999999999679,4.431999999999734,5.931999999999569,179,0.2139643877344988,11.628282624087927,1.3415682001505047,,traces/static_pbvs_0009.npz
9,open_loop,medium,static,converged,True,"[5.672383509568952, -0.8296458207747293, -6.97342976791691, -4.1993184894812305, 5.546099854695498, 3.7420387460226525]",181.1334686279297,0.5205391645431519,0.5205391645431519,181.1334686279297,0.0,6.199999999999539,4.331999999999745,7.199999999999429,217,0.19129130104306166,11.628282624087927,1.6151032999623567,,traces/static_open_loop_0009.npz
10,ibvs,medium,static,converged,True,"[7.915176513490408, -3.292840197830696, 6.128550068649943, 10.021271099986947, -0.5109147107880769, -11.88911339201951]",92.09175109863281,0.9805222749710083,0.9805222749710083,92.09175109863281,0.0,4.131999999999767,3.6319999999998216,5.131999999999657,155,0.2378559771631746,10.633693614422905,1.2189390999265015,,traces/static_ibvs_0010.npz
10,pbvs,medium,static,converged,True,"[7.915176513490408, -3.292840197830696, 6.128550068649943, 10.021271099986947, -0.5109147107880769, -11.88911339201951]",92.09175109863281,0.9368407130241394,0.9368407130241394,92.09175109863281,0.0,4.46599999999973,3.965999999999785,5.46599999999962,165,0.2960999201225513,10.635752707468905,1.2646023000124842,,traces/static_pbvs_0010.npz
10,open_loop,medium,static,converged,True,"[7.915176513490408, -3.292840197830696, 6.128550068649943, 10.021271099986947, -0.5109147107880769, -11.88911339201951]",92.09175109863281,0.5234778523445129,0.5234778523445129,92.09175109863281,0.0,6.031999999999558,3.8319999999997996,7.031999999999448,212,0.2960999201225513,10.667715109143638,1.6715084998868406,,traces/static_open_loop_0010.npz
11,ibvs,medium,static,converged,True,"[4.440567006001055, -5.474273320585242, 9.073067324452456, 4.473315163689804, 1.1850897052712703, 10.345542805065946]",85.67382049560547,0.9673342704772949,0.9673342704772949,85.67382049560547,0.0,4.265999999999752,3.765999999999807,5.265999999999642,159,0.2685090177538874,10.62904619342949,1.1765151000581682,,traces/static_ibvs_0011.npz
11,pbvs,medium,static,converged,True,"[4.440567006001055, -5.474273320585242, 9.073067324452456, 4.473315163689804, 1.1850897052712703, 10.345542805065946]",85.67382049560547,0.9971686601638794,0.9971686601638794,85.67382049560547,0.0,4.365999999999741,3.865999999999796,5.365999999999631,162,0.18804682144708307,10.637158722333757,1.2387826999183744,,traces/static_pbvs_0011.npz
11,open_loop,medium,static,converged,True,"[4.440567006001055, -5.474273320585242, 9.073067324452456, 4.473315163689804, 1.1850897052712703, 10.345542805065946]",85.67382049560547,0.49454769492149353,0.49454769492149353,85.67382049560547,0.0,5.931999999999569,3.6319999999998216,6.931999999999459,209,0.18804682144708307,10.667057194752099,1.5796718001365662,,traces/static_open_loop_0011.npz
12,ibvs,medium,static,initial_out_of_view,False,"[1.3005942696378465, -6.310350539686365, -8.955728587942712, -2.1843277455380044, 2.199089030472134, 4.3499972314542]",,,,,,0.0,,0.0,1,0.0,11.834520752670807,0.0027324999682605267,,traces/static_ibvs_0012.npz
12,pbvs,medium,static,initial_out_of_view,False,"[1.3005942696378465, -6.310350539686365, -8.955728587942712, -2.1843277455380044, 2.199089030472134, 4.3499972314542]",,,,,,0.0,,0.0,1,0.0,11.834520752670807,0.0023883001413196325,,traces/static_pbvs_0012.npz
12,open_loop,medium,static,initial_out_of_view,False,"[1.3005942696378465, -6.310350539686365, -8.955728587942712, -2.1843277455380044, 2.199089030472134, 4.3499972314542]",,,,,,0.0,,0.0,1,0.0,11.834520752670807,0.0029368000105023384,,traces/static_open_loop_0012.npz
13,ibvs,large,static,initial_out_of_view,False,"[-14.741457044561479, -8.987045006422225, -13.064166173816139, -15.558395123155087, 15.279048037659933, 8.095015660677007]",,,,,,0.0,,0.0,1,0.0,15.538112026016723,0.0018516001291573048,,traces/static_ibvs_0013.npz
13,pbvs,large,static,initial_out_of_view,False,"[-14.741457044561479, -8.987045006422225, -13.064166173816139, -15.558395123155087, 15.279048037659933, 8.095015660677007]",,,,,,0.0,,0.0,1,0.0,15.538112026016723,0.0018348000012338161,,traces/static_pbvs_0013.npz
13,open_loop,large,static,initial_out_of_view,False,"[-14.741457044561479, -8.987045006422225, -13.064166173816139, -15.558395123155087, 15.279048037659933, 8.095015660677007]",,,,,,0.0,,0.0,1,0.0,15.538112026016723,0.002086099935695529,,traces/static_open_loop_0013.npz
14,ibvs,small,static,converged,True,"[1.9128655002615274, 2.7945030033176996, -3.2879723700801406, 2.6875134967953676, -0.23932188976935986, -0.7883578626464862]",22.300743103027344,0.9751152396202087,0.9751152396202087,22.300743103027344,0.0,2.999999999999891,2.4999999999999463,3.999999999999781,121,0.07028504481227363,11.050047822654449,0.9359083999879658,,traces/static_ibvs_0014.npz
14,pbvs,small,static,converged,True,"[1.9128655002615274, 2.7945030033176996, -3.2879723700801406, 2.6875134967953676, -0.23932188976935986, -0.7883578626464862]",22.300743103027344,0.9638453125953674,0.9638453125953674,22.300743103027344,0.0,3.199999999999869,2.6999999999999242,4.1999999999997595,127,0.22172372298848808,11.050047822654449,1.0014395001344383,,traces/static_pbvs_0014.npz
14,open_loop,small,static,converged,True,"[1.9128655002615274, 2.7945030033176996, -3.2879723700801406, 2.6875134967953676, -0.23932188976935986, -0.7883578626464862]",22.300743103027344,0.7176315784454346,0.7176315784454346,22.300743103027344,0.0,5.165999999999653,2.5319999999999427,6.165999999999543,186,0.11022259921950561,11.050047822654449,1.3779323000926524,,traces/static_open_loop_0014.npz
15,ibvs,large,static,initial_out_of_view,False,"[-9.606097446590262, -7.936339897116497, -8.977787953874305, 24.842142224225846, 12.208848075434744, -3.963415580317829]",,,,,,0.0,,0.0,1,0.0,14.895786581688295,0.002993500092998147,,traces/static_ibvs_0015.npz
15,pbvs,large,static,initial_out_of_view,False,"[-9.606097446590262, -7.936339897116497, -8.977787953874305, 24.842142224225846, 12.208848075434744, -3.963415580317829]",,,,,,0.0,,0.0,1,0.0,14.895786581688295,0.003428699914366007,,traces/static_pbvs_0015.npz
15,open_loop,large,static,initial_out_of_view,False,"[-9.606097446590262, -7.936339897116497, -8.977787953874305, 24.842142224225846, 12.208848075434744, -3.963415580317829]",,,,,,0.0,,0.0,1,0.0,14.895786581688295,0.002075799973681569,,traces/static_open_loop_0015.npz
16,ibvs,small,static,converged,True,"[0.8721793089469183, 1.125711748522165, -0.3729324154959812, 1.3456619839730717, 2.6318042852207473, -0.3054216412512236]",49.92502212524414,0.9840835928916931,0.9840835928916931,49.92502212524414,0.0,3.7319999999998106,3.2319999999998656,4.731999999999701,143,0.04757981595309116,10.70433606634862,1.1587608000263572,,traces/static_ibvs_0016.npz
16,pbvs,small,static,converged,True,"[0.8721793089469183, 1.125711748522165, -0.3729324154959812, 1.3456619839730717, 2.6318042852207473, -0.3054216412512236]",49.92502212524414,0.9811481237411499,0.9811481237411499,49.92502212524414,0.0,3.865999999999796,3.365999999999851,4.865999999999686,147,0.18135039047203616,10.70433606634862,1.0402770000509918,,traces/static_pbvs_0016.npz
16,open_loop,small,static,converged,True,"[0.8721793089469183, 1.125711748522165, -0.3729324154959812, 1.3456619839730717, 2.6318042852207473, -0.3054216412512236]",49.92502212524414,0.8128442168235779,0.8128442168235779,49.92502212524414,0.0,5.199999999999649,3.565999999999829,6.199999999999539,187,0.07635714781071487,10.70433606634862,1.4134503998793662,,traces/static_open_loop_0016.npz
17,ibvs,small,static,converged,True,"[2.9371178859998404, -1.162753733531347, 3.986358095802344, -2.8293113634325966, -0.6504352297532234, 0.856097935542782]",89.73177337646484,0.9780474901199341,0.9780474901199341,89.73177337646484,0.0,4.2999999999997485,3.799999999999803,5.299999999999638,160,0.11787452587463013,10.641111953427773,1.268419000087306,,traces/static_ibvs_0017.npz
17,pbvs,small,static,converged,True,"[2.9371178859998404, -1.162753733531347, 3.986358095802344, -2.8293113634325966, -0.6504352297532234, 0.856097935542782]",89.73177337646484,0.8856804370880127,0.8856804370880127,89.73177337646484,0.0,4.331999999999745,3.8319999999997996,5.331999999999635,161,0.1748946240009547,10.657743635190734,1.1649863999336958,,traces/static_pbvs_0017.npz
17,open_loop,small,static,converged,True,"[2.9371178859998404, -1.162753733531347, 3.986358095802344, -2.8293113634325966, -0.6504352297532234, 0.856097935542782]",89.73177337646484,0.6838812232017517,0.6838812232017517,89.73177337646484,0.0,5.699999999999594,3.9319999999997886,6.699999999999484,202,0.08053902475653264,10.655302761252948,1.4811256001703441,,traces/static_open_loop_0017.npz
18,ibvs,large,static,initial_out_of_view,False,"[-0.09401476468289616, 9.546068338926109, -4.009729650906401, -28.50406152471639, -0.14655048277641214, 13.516540297858967]",,,,,,0.0,,0.0,1,0.0,11.985723426734722,0.004066500114277005,,traces/static_ibvs_0018.npz
18,pbvs,large,static,initial_out_of_view,False,"[-0.09401476468289616, 9.546068338926109, -4.009729650906401, -28.50406152471639, -0.14655048277641214, 13.516540297858967]",,,,,,0.0,,0.0,1,0.0,11.985723426734722,0.008042699890211225,,traces/static_pbvs_0018.npz
18,open_loop,large,static,initial_out_of_view,False,"[-0.09401476468289616, 9.546068338926109, -4.009729650906401, -28.50406152471639, -0.14655048277641214, 13.516540297858967]",,,,,,0.0,,0.0,1,0.0,11.985723426734722,0.004377600038424134,,traces/static_open_loop_0018.npz
19,ibvs,large,static,initial_out_of_view,False,"[1.5642380187245024, 0.631049261319685, -0.0849665127716932, -18.38583178809371, 10.767711332637173, -29.596720934840643]",,,,,,0.0,,0.0,1,0.0,13.018663331047684,0.02169400011189282,,traces/static_ibvs_0019.npz
19,pbvs,large,static,initial_out_of_view,False,"[1.5642380187245024, 0.631049261319685, -0.0849665127716932, -18.38583178809371, 10.767711332637173, -29.596720934840643]",,,,,,0.0,,0.0,1,0.0,13.018663331047684,0.003450700081884861,,traces/static_pbvs_0019.npz
19,open_loop,large,static,initial_out_of_view,False,"[1.5642380187245024, 0.631049261319685, -0.0849665127716932, -18.38583178809371, 10.767711332637173, -29.596720934840643]",,,,,,0.0,,0.0,1,0.0,13.018663331047684,0.004025500034913421,,traces/static_open_loop_0019.npz
20,ibvs,small,static,converged,True,"[-1.299981185566263, 0.32650365240885915, -3.6092949565522128, 3.242450883813527, -2.057923734634718, -3.664989265111556]",97.76409912109375,0.9608945250511169,0.9608945250511169,97.76409912109375,0.0,4.431999999999734,3.9319999999997886,5.431999999999624,164,0.054330769723725025,11.084683978724582,1.186612999998033,,traces/static_ibvs_0020.npz
20,pbvs,small,static,converged,True,"[-1.299981185566263, 0.32650365240885915, -3.6092949565522128, 3.242450883813527, -2.057923734634718, -3.664989265111556]",97.76409912109375,0.9819812774658203,0.9819812774658203,97.76409912109375,0.0,4.1999999999997595,3.699999999999814,5.199999999999649,157,0.2003127034179782,11.084683978724582,1.278126500081271,,traces/static_pbvs_0020.npz
20,open_loop,small,static,converged,True,"[-1.299981185566263, 0.32650365240885915, -3.6092949565522128, 3.242450883813527, -2.057923734634718, -3.664989265111556]",97.76409912109375,0.4953416585922241,0.4953416585922241,97.76409912109375,0.0,5.431999999999624,4.031999999999778,6.431999999999514,194,0.09294185850832756,11.084683978724582,1.4340172000229359,,traces/static_open_loop_0020.npz
21,ibvs,medium,static,initial_out_of_view,False,"[4.462275630049188, -1.8689898805304868, -2.3023980999129945, -7.077974244362384, -6.409185718161323, 5.871287074909844]",,,,,,0.0,,0.0,1,0.0,10.927007196541071,0.002845000009983778,,traces/static_ibvs_0021.npz
21,pbvs,medium,static,initial_out_of_view,False,"[4.462275630049188, -1.8689898805304868, -2.3023980999129945, -7.077974244362384, -6.409185718161323, 5.871287074909844]",,,,,,0.0,,0.0,1,0.0,10.927007196541071,0.00380139984190464,,traces/static_pbvs_0021.npz
21,open_loop,medium,static,initial_out_of_view,False,"[4.462275630049188, -1.8689898805304868, -2.3023980999129945, -7.077974244362384, -6.409185718161323, 5.871287074909844]",,,,,,0.0,,0.0,1,0.0,10.927007196541071,0.002867399947717786,,traces/static_open_loop_0021.npz
22,ibvs,large,static,initial_out_of_view,False,"[5.766517121680728, -13.791877006792788, 20.993557302807723, 3.1641577004340036, 5.292606415818447, 22.079155056976894]",,,,,,0.0,,0.0,1,0.0,11.429139232508529,0.0040276998188346624,,traces/static_ibvs_0022.npz
22,pbvs,large,static,initial_out_of_view,False,"[5.766517121680728, -13.791877006792788, 20.993557302807723, 3.1641577004340036, 5.292606415818447, 22.079155056976894]",,,,,,0.0,,0.0,1,0.0,11.429139232508529,0.003689700039103627,,traces/static_pbvs_0022.npz
22,open_loop,large,static,initial_out_of_view,False,"[5.766517121680728, -13.791877006792788, 20.993557302807723, 3.1641577004340036, 5.292606415818447, 22.079155056976894]",,,,,,0.0,,0.0,1,0.0,11.429139232508529,0.002623500069603324,,traces/static_open_loop_0022.npz
23,ibvs,large,static,initial_out_of_view,False,"[5.372709213379, 5.40303278903356, -22.685823591839863, 19.760334825956456, -10.20629824188717, -21.475235123339573]",,,,,,0.0,,0.0,1,0.0,14.480247206624698,0.002078199991956353,,traces/static_ibvs_0023.npz
23,pbvs,large,static,initial_out_of_view,False,"[5.372709213379, 5.40303278903356, -22.685823591839863, 19.760334825956456, -10.20629824188717, -21.475235123339573]",,,,,,0.0,,0.0,1,0.0,14.480247206624698,0.001815600087866187,,traces/static_pbvs_0023.npz
23,open_loop,large,static,initial_out_of_view,False,"[5.372709213379, 5.40303278903356, -22.685823591839863, 19.760334825956456, -10.20629824188717, -21.475235123339573]",,,,,,0.0,,0.0,1,0.0,14.480247206624698,0.0019136001355946064,,traces/static_open_loop_0023.npz
24,ibvs,large,static,initial_out_of_view,False,"[-15.061762713778782, -8.508266236465847, 8.72139057092761, -17.262770796409562, 3.156858483239219, -24.500183382966473]",,,,,,0.0,,0.0,1,0.0,11.064877841755573,0.003369000041857362,,traces/static_ibvs_0024.npz
24,pbvs,large,static,initial_out_of_view,False,"[-15.061762713778782, -8.508266236465847, 8.72139057092761, -17.262770796409562, 3.156858483239219, -24.500183382966473]",,,,,,0.0,,0.0,1,0.0,11.064877841755573,0.0021055000834167004,,traces/static_pbvs_0024.npz
24,open_loop,large,static,initial_out_of_view,False,"[-15.061762713778782, -8.508266236465847, 8.72139057092761, -17.262770796409562, 3.156858483239219, -24.500183382966473]",,,,,,0.0,,0.0,1,0.0,11.064877841755573,0.001976100029423833,,traces/static_open_loop_0024.npz
25,ibvs,small,static,converged,True,"[-2.9000502856806465, -2.6185407596731167, -0.3196027066680358, 1.417527729916677, 2.9202710661801055, 0.5842757359939812]",77.86637878417969,0.9822306036949158,0.9822306036949158,77.86637878417969,0.0,4.131999999999767,3.6319999999998216,5.131999999999657,155,0.06963647294174319,10.708369862520879,1.2379181999713182,,traces/static_ibvs_0025.npz
25,pbvs,small,static,converged,True,"[-2.9000502856806465, -2.6185407596731167, -0.3196027066680358, 1.417527729916677, 2.9202710661801055, 0.5842757359939812]",77.86637878417969,0.9604445695877075,0.9604445695877075,77.86637878417969,0.0,4.331999999999745,3.8319999999997996,5.331999999999635,161,0.13696985704630749,10.701959041841793,1.223590600071475,,traces/static_pbvs_0025.npz
25,open_loop,small,static,converged,True,"[-2.9000502856806465, -2.6185407596731167, -0.3196027066680358, 1.417527729916677, 2.9202710661801055, 0.5842757359939812]",77.86637878417969,0.6721044182777405,0.6721044182777405,77.86637878417969,0.0,5.399999999999627,3.865999999999796,6.399999999999517,193,0.10439014852987626,10.701959041841793,1.3536503999494016,,traces/static_open_loop_0025.npz
26,ibvs,medium,static,initial_out_of_view,False,"[-3.079461816300862, 7.288666737543764, -0.39077793240974756, 10.6112054187149, 0.8130543444443923, 8.366760429068531]",,,,,,0.0,,0.0,1,0.0,10.904209652985799,0.002290799980983138,,traces/static_ibvs_0026.npz
26,pbvs,medium,static,initial_out_of_view,False,"[-3.079461816300862, 7.288666737543764, -0.39077793240974756, 10.6112054187149, 0.8130543444443923, 8.366760429068531]",,,,,,0.0,,0.0,1,0.0,10.904209652985799,0.0022141998633742332,,traces/static_pbvs_0026.npz
26,open_loop,medium,static,initial_out_of_view,False,"[-3.079461816300862, 7.288666737543764, -0.39077793240974756, 10.6112054187149, 0.8130543444443923, 8.366760429068531]",,,,,,0.0,,0.0,1,0.0,10.904209652985799,0.002216600114479661,,traces/static_open_loop_0026.npz
27,ibvs,small,static,converged,True,"[1.219857616495477, 0.105778253558662, 3.7206280942100456, 1.7007094011742696, -2.9409468069047495, -1.9367023480948307]",32.292076110839844,0.9666597843170166,0.9666597843170166,32.292076110839844,0.0,3.265999999999862,2.765999999999917,4.265999999999752,129,0.07776773501346798,10.629809101822426,0.9604205000214279,,traces/static_ibvs_0027.npz
27,pbvs,small,static,converged,True,"[1.219857616495477, 0.105778253558662, 3.7206280942100456, 1.7007094011742696, -2.9409468069047495, -1.9367023480948307]",32.292076110839844,0.8905891180038452,0.8905891180038452,32.292076110839844,0.0,3.865999999999796,3.365999999999851,4.865999999999686,147,0.2119655309368408,10.631383864231939,1.1909936999436468,,traces/static_pbvs_0027.npz
27,open_loop,small,static,converged,True,"[1.219857616495477, 0.105778253558662, 3.7206280942100456, 1.7007094011742696, -2.9409468069047495, -1.9367023480948307]",32.292076110839844,0.4347304403781891,0.4347304403781891,32.292076110839844,0.0,5.299999999999638,2.8319999999999097,6.299999999999528,190,0.08929689207357051,10.645371308622957,1.3416212999727577,,traces/static_open_loop_0027.npz
28,ibvs,small,static,converged,True,"[0.668094505844635, -2.863262713723053, 0.6256156054705393, -1.0867202064446104, 1.1262649108276683, -2.805485511072728]",44.795658111572266,0.9662371277809143,0.9662371277809143,44.795658111572266,0.0,3.665999999999818,3.165999999999873,4.665999999999708,141,0.07487487168108284,10.642246246186144,1.1491463999263942,,traces/static_ibvs_0028.npz
28,pbvs,small,static,converged,True,"[0.668094505844635, -2.863262713723053, 0.6256156054705393, -1.0867202064446104, 1.1262649108276683, -2.805485511072728]",44.795658111572266,0.9946992993354797,0.9946992993354797,44.795658111572266,0.0,3.565999999999829,3.065999999999884,4.565999999999719,138,0.18045855915689202,10.655167326954768,1.0071141999214888,,traces/static_pbvs_0028.npz
28,open_loop,small,static,converged,True,"[0.668094505844635, -2.863262713723053, 0.6256156054705393, -1.0867202064446104, 1.1262649108276683, -2.805485511072728]",44.795658111572266,0.5698075890541077,0.5698075890541077,44.795658111572266,0.0,5.09999999999966,3.265999999999862,6.09999999999955,184,0.10336119841426286,10.668411224432349,1.4075139998458326,,traces/static_open_loop_0028.npz
29,ibvs,medium,static,initial_out_of_view,False,"[0.6876577112184368, -4.871556947463711, -6.4764715820087755, -4.821452278651174, 1.434404270496179, 9.665724881147565]",,,,,,0.0,,0.0,1,0.0,11.512349537407381,0.0033837000373750925,,traces/static_ibvs_0029.npz
29,pbvs,medium,static,initial_out_of_view,False,"[0.6876577112184368, -4.871556947463711, -6.4764715820087755, -4.821452278651174, 1.434404270496179, 9.665724881147565]",,,,,,0.0,,0.0,1,0.0,11.512349537407381,0.0030235000886023045,,traces/static_pbvs_0029.npz
29,open_loop,medium,static,initial_out_of_view,False,"[0.6876577112184368, -4.871556947463711, -6.4764715820087755, -4.821452278651174, 1.434404270496179, 9.665724881147565]",,,,,,0.0,,0.0,1,0.0,11.512349537407381,0.0025514999870210886,,traces/static_open_loop_0029.npz
30,ibvs,large,static,initial_out_of_view,False,"[4.1516706948421245, -9.163065780580048, 9.389189290226561, 18.739571325209866, 11.98593246858178, -15.89147979557314]",,,,,,0.0,,0.0,1,0.0,13.636097763645019,0.0032229998614639044,,traces/static_ibvs_0030.npz
30,pbvs,large,static,initial_out_of_view,False,"[4.1516706948421245, -9.163065780580048, 9.389189290226561, 18.739571325209866, 11.98593246858178, -15.89147979557314]",,,,,,0.0,,0.0,1,0.0,13.636097763645019,0.0038781999610364437,,traces/static_pbvs_0030.npz
30,open_loop,large,static,initial_out_of_view,False,"[4.1516706948421245, -9.163065780580048, 9.389189290226561, 18.739571325209866, 11.98593246858178, -15.89147979557314]",,,,,,0.0,,0.0,1,0.0,13.636097763645019,0.002571400022134185,,traces/static_open_loop_0030.npz
31,ibvs,small,static,converged,True,"[1.936253476137142, -0.396955450964537, 2.8709247566153477, -1.431761086031119, 2.8603828742966613, 1.616577453786558]",89.26761627197266,0.9814502000808716,0.9814502000808716,89.26761627197266,0.0,4.2999999999997485,3.799999999999803,5.299999999999638,160,0.09905097603861467,10.64335913243811,1.2198906000703573,,traces/static_ibvs_0031.npz
31,pbvs,small,static,converged,True,"[1.936253476137142, -0.396955450964537, 2.8709247566153477, -1.431761086031119, 2.8603828742966613, 1.616577453786558]",89.26761627197266,0.9745060205459595,0.9745060205459595,89.26761627197266,0.0,4.499999999999726,3.999999999999781,5.499999999999616,166,0.17501733747082537,10.652521567953476,1.2455174999777228,,traces/static_pbvs_0031.npz
31,open_loop,small,static,converged,True,"[1.936253476137142, -0.396955450964537, 2.8709247566153477, -1.431761086031119, 2.8603828742966613, 1.616577453786558]",89.26761627197266,0.5418089032173157,0.5418089032173157,89.26761627197266,0.0,5.599999999999605,3.8319999999997996,6.599999999999495,199,0.061093494035257864,10.659236821003216,1.440223200013861,,traces/static_open_loop_0031.npz
32,ibvs,small,static,converged,True,"[-2.5048229501987898, -1.9891453861344788, 1.5309560611031703, -1.1527518748582093, 2.8568063009533535, 3.7121819698457275]",48.972084045410156,0.9702905416488647,0.9702905416488647,48.972084045410156,0.0,3.799999999999803,3.299999999999858,4.799999999999693,145,0.07345013554952819,10.640435963692319,1.1529314999934286,,traces/static_ibvs_0032.npz
32,pbvs,small,static,converged,True,"[-2.5048229501987898, -1.9891453861344788, 1.5309560611031703, -1.1527518748582093, 2.8568063009533535, 3.7121819698457275]",48.972084045410156,0.9474511742591858,0.9474511742591858,48.972084045410156,0.0,3.7319999999998106,3.2319999999998656,4.731999999999701,143,0.13474156449221922,10.644735994584707,0.9689096000511199,,traces/static_pbvs_0032.npz
32,open_loop,small,static,converged,True,"[-2.5048229501987898, -1.9891453861344788, 1.5309560611031703, -1.1527518748582093, 2.8568063009533535, 3.7121819698457275]",48.972084045410156,0.34615135192871094,0.34615135192871094,48.972084045410156,0.0,5.131999999999657,3.265999999999862,6.131999999999547,185,0.06772633643570923,10.63702964673664,1.416735399980098,,traces/static_open_loop_0032.npz
33,ibvs,small,static,converged,True,"[-0.2332126368184939, -0.3809932849010682, -2.3427150695504873, -3.6961821113758635, 0.8082553957393417, -2.5138185522806618]",47.92955017089844,0.9549810886383057,0.9549810886383057,47.92955017089844,0.0,3.8319999999997996,3.3319999999998546,4.83199999999969,146,0.0744588165161288,10.954075708178355,1.0946436999365687,,traces/static_ibvs_0033.npz
33,pbvs,small,static,converged,True,"[-0.2332126368184939, -0.3809932849010682, -2.3427150695504873, -3.6961821113758635, 0.8082553957393417, -2.5138185522806618]",47.92955017089844,0.9869080185890198,0.9869080185890198,47.92955017089844,0.0,4.331999999999745,3.8319999999997996,5.331999999999635,161,0.1757984179795018,10.954075708178355,1.2555970000103116,,traces/static_pbvs_0033.npz
33,open_loop,small,static,converged,True,"[-0.2332126368184939, -0.3809932849010682, -2.3427150695504873, -3.6961821113758635, 0.8082553957393417, -2.5138185522806618]",47.92955017089844,0.19181492924690247,0.19181492924690247,47.92955017089844,0.0,5.165999999999653,3.265999999999862,6.165999999999543,186,0.06592491556327518,10.954075708178355,1.3071437000762671,,traces/static_open_loop_0033.npz
34,ibvs,medium,static,initial_out_of_view,False,"[-7.589403013729923, 3.230287250372374, -2.3762340936076587, 11.162164911641653, 0.022713960693218738, 5.087215744086009]",,,,,,0.0,,0.0,1,0.0,11.12473133858669,0.0023201999720185995,,traces/static_ibvs_0034.npz
34,pbvs,medium,static,initial_out_of_view,False,"[-7.589403013729923, 3.230287250372374, -2.3762340936076587, 11.162164911641653, 0.022713960693218738, 5.087215744086009]",,,,,,0.0,,0.0,1,0.0,11.12473133858669,0.0031300000846385956,,traces/static_pbvs_0034.npz
34,open_loop,medium,static,initial_out_of_view,False,"[-7.589403013729923, 3.230287250372374, -2.3762340936076587, 11.162164911641653, 0.022713960693218738, 5.087215744086009]",,,,,,0.0,,0.0,1,0.0,11.12473133858669,0.0029947999864816666,,traces/static_open_loop_0034.npz
35,ibvs,large,static,initial_out_of_view,False,"[11.614339096497535, 5.303413609100524, -6.635470269611783, 5.729883585093091, -3.891370755593904, 23.489528740908533]",,,,,,0.0,,0.0,1,0.0,11.494198761948127,0.0026976000517606735,,traces/static_ibvs_0035.npz
35,pbvs,large,static,initial_out_of_view,False,"[11.614339096497535, 5.303413609100524, -6.635470269611783, 5.729883585093091, -3.891370755593904, 23.489528740908533]",,,,,,0.0,,0.0,1,0.0,11.494198761948127,0.0023858000058680773,,traces/static_pbvs_0035.npz
35,open_loop,large,static,initial_out_of_view,False,"[11.614339096497535, 5.303413609100524, -6.635470269611783, 5.729883585093091, -3.891370755593904, 23.489528740908533]",,,,,,0.0,,0.0,1,0.0,11.494198761948127,0.002609799848869443,,traces/static_open_loop_0035.npz
36,ibvs,small,static,converged,True,"[-2.7211039958124497, 2.192682755023238, -0.5259234730586861, 2.531584804631489, 0.5637635131960503, 2.5411864992877353]",91.41859436035156,0.9558575749397278,0.9558575749397278,91.41859436035156,0.0,4.365999999999741,3.865999999999796,5.365999999999631,162,0.067239430374185,10.725742233173104,1.2327117999084294,,traces/static_ibvs_0036.npz
36,pbvs,small,static,converged,True,"[-2.7211039958124497, 2.192682755023238, -0.5259234730586861, 2.531584804631489, 0.5637635131960503, 2.5411864992877353]",91.41859436035156,0.8620922565460205,0.8620922565460205,91.41859436035156,0.0,4.599999999999715,4.0999999999997705,5.599999999999605,169,0.14733274024259754,10.721402567096794,1.313384400215,,traces/static_pbvs_0036.npz
36,open_loop,small,static,converged,True,"[-2.7211039958124497, 2.192682755023238, -0.5259234730586861, 2.531584804631489, 0.5637635131960503, 2.5411864992877353]",91.41859436035156,0.39636972546577454,0.39636972546577454,91.41859436035156,0.0,5.531999999999613,3.8319999999997996,6.531999999999503,197,0.09070318497636945,10.721402567096794,1.5086432001553476,,traces/static_open_loop_0036.npz
37,ibvs,medium,static,initial_out_of_view,False,"[5.32589012253877, -6.924433533077327, -8.54887942349275, -0.25551645673568935, -6.087304509968046, 2.856562325333176]",,,,,,0.0,,0.0,1,0.0,11.729324079728062,0.001999999862164259,,traces/static_ibvs_0037.npz
37,pbvs,medium,static,initial_out_of_view,False,"[5.32589012253877, -6.924433533077327, -8.54887942349275, -0.25551645673568935, -6.087304509968046, 2.856562325333176]",,,,,,0.0,,0.0,1,0.0,11.729324079728062,0.0021642998326569796,,traces/static_pbvs_0037.npz
37,open_loop,medium,static,initial_out_of_view,False,"[5.32589012253877, -6.924433533077327, -8.54887942349275, -0.25551645673568935, -6.087304509968046, 2.856562325333176]",,,,,,0.0,,0.0,1,0.0,11.729324079728062,0.0018300998490303755,,traces/static_open_loop_0037.npz
38,ibvs,medium,static,converged,True,"[5.119199307589648, -2.369887165941762, 2.842619471042262, 6.963435768185448, -2.5598550672337606, -2.118188978282637]",60.441925048828125,0.9768058657646179,0.9768058657646179,60.441925048828125,0.0,3.799999999999803,3.299999999999858,4.799999999999693,145,0.13624104161768055,10.636582660206368,1.154186800122261,,traces/static_ibvs_0038.npz
38,pbvs,medium,static,converged,True,"[5.119199307589648, -2.369887165941762, 2.842619471042262, 6.963435768185448, -2.5598550672337606, -2.118188978282637]",60.441925048828125,0.9689801931381226,0.9689801931381226,60.441925048828125,0.0,3.965999999999785,3.46599999999984,4.965999999999675,150,0.227857888205743,10.638874894208953,1.1688675000332296,,traces/static_pbvs_0038.npz
38,open_loop,medium,static,converged,True,"[5.119199307589648, -2.369887165941762, 2.842619471042262, 6.963435768185448, -2.5598550672337606, -2.118188978282637]",60.441925048828125,0.46756938099861145,0.46756938099861145,60.441925048828125,0.0,5.665999999999598,3.399999999999847,6.665999999999488,201,0.1954097483969754,10.66232198709092,1.504725999897346,,traces/static_open_loop_0038.npz
39,ibvs,large,static,initial_out_of_view,False,"[-16.332265907720682, -3.7721993455657614, -13.746738641641471, 7.911011487638504, -8.992105017687589, 4.553164105939658]",,,,,,0.0,,0.0,1,0.0,12.57227493984543,0.0021899999119341373,,traces/static_ibvs_0039.npz
39,pbvs,large,static,initial_out_of_view,False,"[-16.332265907720682, -3.7721993455657614, -13.746738641641471, 7.911011487638504, -8.992105017687589, 4.553164105939658]",,,,,,0.0,,0.0,1,0.0,12.57227493984543,0.0015008999034762383,,traces/static_pbvs_0039.npz
39,open_loop,large,static,initial_out_of_view,False,"[-16.332265907720682, -3.7721993455657614, -13.746738641641471, 7.911011487638504, -8.992105017687589, 4.553164105939658]",,,,,,0.0,,0.0,1,0.0,12.57227493984543,0.0015555999707430601,,traces/static_open_loop_0039.npz
40,ibvs,small,static,converged,True,"[1.2610193862450503, -1.7589965348067091, 0.9070858223646159, -0.35055046778421506, -1.9172495725864744, 3.3390144361816176]",54.28238296508789,0.9694918394088745,0.9694918394088745,54.28238296508789,0.0,3.899999999999792,3.399999999999847,4.899999999999682,148,0.07904953763741579,10.64300816021944,1.194366600131616,,traces/static_ibvs_0040.npz
40,pbvs,small,static,converged,True,"[1.2610193862450503, -1.7589965348067091, 0.9070858223646159, -0.35055046778421506, -1.9172495725864744, 3.3390144361816176]",54.28238296508789,0.8937212228775024,0.8937212228775024,54.28238296508789,0.0,4.0999999999997705,3.599999999999825,5.09999999999966,154,0.2136215040375165,10.644876843457409,1.198334600077942,,traces/static_pbvs_0040.npz
40,open_loop,small,static,converged,True,"[1.2610193862450503, -1.7589965348067091, 0.9070858223646159, -0.35055046778421506, -1.9172495725864744, 3.3390144361816176]",54.28238296508789,0.6342735290527344,0.6342735290527344,54.28238296508789,0.0,5.131999999999657,3.5319999999998326,6.131999999999547,185,0.07174352945733123,10.666271631091423,1.38287919992581,,traces/static_open_loop_0040.npz
41,ibvs,medium,static,initial_out_of_view,False,"[-1.3186511692131138, 2.0394927731649872, -0.19065239155553648, -2.460785523037476, 6.041676436013891, -11.729945416901629]",,,,,,0.0,,0.0,1,0.0,10.784027214694259,0.0023866998963057995,,traces/static_ibvs_0041.npz
41,pbvs,medium,static,initial_out_of_view,False,"[-1.3186511692131138, 2.0394927731649872, -0.19065239155553648, -2.460785523037476, 6.041676436013891, -11.729945416901629]",,,,,,0.0,,0.0,1,0.0,10.784027214694259,0.00255730003118515,,traces/static_pbvs_0041.npz
41,open_loop,medium,static,initial_out_of_view,False,"[-1.3186511692131138, 2.0394927731649872, -0.19065239155553648, -2.460785523037476, 6.041676436013891, -11.729945416901629]",,,,,,0.0,,0.0,1,0.0,10.784027214694259,0.0023023001849651337,,traces/static_open_loop_0041.npz
42,ibvs,small,static,converged,True,"[2.130011261700952, -2.3062311695769693, -3.0811579503810247, 2.302465009221721, 2.992562862930636, 2.225003867639594]",76.18953704833984,0.984610915184021,0.984610915184021,76.18953704833984,0.0,4.031999999999778,3.5319999999998326,5.031999999999668,152,0.07681456355516406,11.043186791182242,1.2078031001146883,,traces/static_ibvs_0042.npz
42,pbvs,small,static,converged,True,"[2.130011261700952, -2.3062311695769693, -3.0811579503810247, 2.302465009221721, 2.992562862930636, 2.225003867639594]",76.18953704833984,0.9629982113838196,0.9629982113838196,76.18953704833984,0.0,3.865999999999796,3.365999999999851,4.865999999999686,147,0.17943241620255707,11.043186791182242,1.1051396001130342,,traces/static_pbvs_0042.npz
42,open_loop,small,static,converged,True,"[2.130011261700952, -2.3062311695769693, -3.0811579503810247, 2.302465009221721, 2.992562862930636, 2.225003867639594]",76.18953704833984,0.3589271903038025,0.3589271903038025,76.18953704833984,0.0,5.631999999999602,3.499999999999836,6.631999999999492,200,0.10502871036299238,11.043186791182242,1.5221457998268306,,traces/static_open_loop_0042.npz
43,ibvs,large,static,initial_out_of_view,False,"[-2.497824233186531, -4.437480809229825, 9.476168190419187, 23.00484995126851, -12.68540574189015, 18.774969758857715]",,,,,,0.0,,0.0,1,0.0,9.846088431058252,0.0023211000952869654,,traces/static_ibvs_0043.npz
43,pbvs,large,static,initial_out_of_view,False,"[-2.497824233186531, -4.437480809229825, 9.476168190419187, 23.00484995126851, -12.68540574189015, 18.774969758857715]",,,,,,0.0,,0.0,1,0.0,9.846088431058252,0.0016828998923301697,,traces/static_pbvs_0043.npz
43,open_loop,large,static,initial_out_of_view,False,"[-2.497824233186531, -4.437480809229825, 9.476168190419187, 23.00484995126851, -12.68540574189015, 18.774969758857715]",,,,,,0.0,,0.0,1,0.0,9.846088431058252,0.0019771999213844538,,traces/static_open_loop_0043.npz
44,ibvs,large,static,initial_out_of_view,False,"[-2.4920447546208635, 0.7315619735561114, 7.005145243987656, -12.93784074097941, -17.62175382131101, -13.033169241998]",,,,,,0.0,,0.0,1,0.0,9.88440969153486,0.0020281998440623283,,traces/static_ibvs_0044.npz
44,pbvs,large,static,initial_out_of_view,False,"[-2.4920447546208635, 0.7315619735561114, 7.005145243987656, -12.93784074097941, -17.62175382131101, -13.033169241998]",,,,,,0.0,,0.0,1,0.0,9.88440969153486,0.0020645998883992434,,traces/static_pbvs_0044.npz
44,open_loop,large,static,initial_out_of_view,False,"[-2.4920447546208635, 0.7315619735561114, 7.005145243987656, -12.93784074097941, -17.62175382131101, -13.033169241998]",,,,,,0.0,,0.0,1,0.0,9.88440969153486,0.002027899958193302,,traces/static_open_loop_0044.npz
45,ibvs,medium,static,initial_tracking_loss,False,"[-7.748547815750948, 3.1193374356998564, -6.10223433507354, -5.822098296412493, -3.477876843118562, 10.49618756936799]",,,,,,0.0,,0.0,1,0.0,11.425626686304488,0.0021172999404370785,,traces/static_ibvs_0045.npz
45,pbvs,medium,static,initial_tracking_loss,False,"[-7.748547815750948, 3.1193374356998564, -6.10223433507354, -5.822098296412493, -3.477876843118562, 10.49618756936799]",,,,,,0.0,,0.0,1,0.0,11.425626686304488,0.00456500006839633,,traces/static_pbvs_0045.npz
45,open_loop,medium,static,initial_tracking_loss,False,"[-7.748547815750948, 3.1193374356998564, -6.10223433507354, -5.822098296412493, -3.477876843118562, 10.49618756936799]",,,,,,0.0,,0.0,1,0.0,11.425626686304488,0.0030011001508682966,,traces/static_open_loop_0045.npz
46,ibvs,medium,static,initial_out_of_view,False,"[5.788346490366189, 1.405746879548838, 1.5554961483114305, -9.41175929759094, 0.7609885894957991, -6.165327337176779]",,,,,,0.0,,0.0,1,0.0,10.677549136665464,0.005051499931141734,,traces/static_ibvs_0046.npz
46,pbvs,medium,static,initial_out_of_view,False,"[5.788346490366189, 1.405746879548838, 1.5554961483114305, -9.41175929759094, 0.7609885894957991, -6.165327337176779]",,,,,,0.0,,0.0,1,0.0,10.677549136665464,0.0032522999681532383,,traces/static_pbvs_0046.npz
46,open_loop,medium,static,initial_out_of_view,False,"[5.788346490366189, 1.405746879548838, 1.5554961483114305, -9.41175929759094, 0.7609885894957991, -6.165327337176779]",,,,,,0.0,,0.0,1,0.0,10.677549136665464,0.002777799963951111,,traces/static_open_loop_0046.npz
47,ibvs,small,static,converged,True,"[0.9752101127040511, 2.028278073559637, 3.7226541593506974, 3.7789470985155837, -2.243388645644047, 1.2495667164143747]",79.52108764648438,0.9463644027709961,0.9463644027709961,79.52108764648438,0.0,4.065999999999774,3.565999999999829,5.065999999999664,153,0.10316786540394306,10.63960585815848,1.1592429999727756,,traces/static_ibvs_0047.npz
47,pbvs,small,static,converged,True,"[0.9752101127040511, 2.028278073559637, 3.7226541593506974, 3.7789470985155837, -2.243388645644047, 1.2495667164143747]",79.52108764648438,0.7357615232467651,0.7357615232467651,79.52108764648438,0.0,4.765999999999697,4.265999999999752,5.765999999999587,174,0.2241514043310187,10.65017971689526,1.3571206000633538,,traces/static_pbvs_0047.npz
47,open_loop,small,static,converged,True,"[0.9752101127040511, 2.028278073559637, 3.7226541593506974, 3.7789470985155837, -2.243388645644047, 1.2495667164143747]",79.52108764648438,0.42658787965774536,0.42658787965774536,79.52108764648438,0.0,5.665999999999598,3.565999999999829,6.665999999999488,201,0.12272374288196622,10.668450921741638,1.4578937001060694,,traces/static_open_loop_0047.npz
48,ibvs,large,static,initial_out_of_view,False,"[-4.089856729572475, 10.679969570619562, -1.1775885760009324, 12.523182223728675, 13.963747570265738, -18.789297142378178]",,,,,,0.0,,0.0,1,0.0,13.22633680827754,0.00320790009573102,,traces/static_ibvs_0048.npz
48,pbvs,large,static,initial_out_of_view,False,"[-4.089856729572475, 10.679969570619562, -1.1775885760009324, 12.523182223728675, 13.963747570265738, -18.789297142378178]",,,,,,0.0,,0.0,1,0.0,13.22633680827754,0.0028983999509364367,,traces/static_pbvs_0048.npz
48,open_loop,large,static,initial_out_of_view,False,"[-4.089856729572475, 10.679969570619562, -1.1775885760009324, 12.523182223728675, 13.963747570265738, -18.789297142378178]",,,,,,0.0,,0.0,1,0.0,13.22633680827754,0.0026561999693512917,,traces/static_open_loop_0048.npz
49,ibvs,medium,static,converged,True,"[2.349729947346372, -5.303197202978142, 0.38282608378447947, -4.410809203494318, 2.1288795221853416, -2.330884452365197]",118.15718841552734,0.95599365234375,0.95599365234375,118.15718841552734,0.0,4.499999999999726,3.999999999999781,5.499999999999616,166,0.1482495467472393,10.726362204989263,1.2495764000341296,,traces/static_ibvs_0049.npz
49,pbvs,medium,static,converged,True,"[2.349729947346372, -5.303197202978142, 0.38282608378447947, -4.410809203494318, 2.1288795221853416, -2.330884452365197]",118.15718841552734,0.9906995296478271,0.9906995296478271,118.15718841552734,0.0,4.531999999999723,4.031999999999778,5.531999999999613,167,0.17995494121109973,10.687910868136953,1.2895646998658776,,traces/static_pbvs_0049.npz
49,open_loop,medium,static,converged,True,"[2.349729947346372, -5.303197202978142, 0.38282608378447947, -4.410809203494318, 2.1288795221853416, -2.330884452365197]",118.15718841552734,0.382447749376297,0.382447749376297,118.15718841552734,0.0,5.865999999999576,3.999999999999781,6.865999999999466,207,0.09292402673564368,10.687910868136953,1.4893684999551624,,traces/static_open_loop_0049.npz
50,ibvs,medium,static,initial_out_of_view,False,"[6.113421864754558, 7.7821369629716255, -7.287970333111762, -4.240390609854786, 5.792001926134077, 9.340911497585711]",,,,,,0.0,,0.0,1,0.0,11.664551354362752,0.002717900089919567,,traces/static_ibvs_0050.npz
50,pbvs,medium,static,initial_out_of_view,False,"[6.113421864754558, 7.7821369629716255, -7.287970333111762, -4.240390609854786, 5.792001926134077, 9.340911497585711]",,,,,,0.0,,0.0,1,0.0,11.664551354362752,0.0030933001544326544,,traces/static_pbvs_0050.npz
50,open_loop,medium,static,initial_out_of_view,False,"[6.113421864754558, 7.7821369629716255, -7.287970333111762, -4.240390609854786, 5.792001926134077, 9.340911497585711]",,,,,,0.0,,0.0,1,0.0,11.664551354362752,0.003037800081074238,,traces/static_open_loop_0050.npz
51,ibvs,large,static,initial_out_of_view,False,"[4.358879359520099, 5.098395455509781, 17.650316835607896, -8.036707161548268, -13.057136892028232, -2.3910093947037296]",,,,,,0.0,,0.0,1,0.0,9.042959182997791,0.004252000013366342,,traces/static_ibvs_0051.npz
51,pbvs,large,static,initial_out_of_view,False,"[4.358879359520099, 5.098395455509781, 17.650316835607896, -8.036707161548268, -13.057136892028232, -2.3910093947037296]",,,,,,0.0,,0.0,1,0.0,9.042959182997791,0.0035212000366300344,,traces/static_pbvs_0051.npz
51,open_loop,large,static,initial_out_of_view,False,"[4.358879359520099, 5.098395455509781, 17.650316835607896, -8.036707161548268, -13.057136892028232, -2.3910093947037296]",,,,,,0.0,,0.0,1,0.0,9.042959182997791,0.003437099978327751,,traces/static_open_loop_0051.npz
52,ibvs,small,static,converged,True,"[0.9686059641689946, -2.747271930172432, 0.8326680954586658, 2.4842764038437677, -1.7606343425489273, 2.073705328551158]",66.02796936035156,0.9620002508163452,0.9620002508163452,66.02796936035156,0.0,4.031999999999778,3.5319999999998326,5.031999999999668,152,0.07093590705721739,10.643507080115487,1.1497561000287533,,traces/static_ibvs_0052.npz
52,pbvs,small,static,converged,True,"[0.9686059641689946, -2.747271930172432, 0.8326680954586658, 2.4842764038437677, -1.7606343425489273, 2.073705328551158]",66.02796936035156,0.9852091073989868,0.9852091073989868,66.02796936035156,0.0,4.231999999999756,3.7319999999998106,5.231999999999646,158,0.16395462993287852,10.645680879810042,1.165407600114122,,traces/static_pbvs_0052.npz
52,open_loop,small,static,converged,True,"[0.9686059641689946, -2.747271930172432, 0.8326680954586658, 2.4842764038437677, -1.7606343425489273, 2.073705328551158]",66.02796936035156,0.6009360551834106,0.6009360551834106,66.02796936035156,0.0,5.131999999999657,3.765999999999807,6.131999999999547,185,0.07657275808347744,10.648039336427964,1.39201489998959,,traces/static_open_loop_0052.npz
53,ibvs,medium,static,converged,True,"[-0.8383364304877823, 0.8519806049833303, 2.0043523092262703, 0.802487296665424, -1.2295961587543172, -2.177437366856953]",44.28864669799805,0.9736904501914978,0.9736904501914978,44.28864669799805,0.0,3.6319999999998216,3.1319999999998767,4.631999999999712,140,0.04875682978871108,10.638840101910136,1.1052021000068635,,traces/static_ibvs_0053.npz
53,pbvs,medium,static,converged,True,"[-0.8383364304877823, 0.8519806049833303, 2.0043523092262703, 0.802487296665424, -1.2295961587543172, -2.177437366856953]",44.28864669799805,0.8876458406448364,0.8876458406448364,44.28864669799805,0.0,4.365999999999741,3.865999999999796,5.365999999999631,162,0.1330082444197792,10.65637589616167,1.2455420999322087,,traces/static_pbvs_0053.npz
53,open_loop,medium,static,converged,True,"[-0.8383364304877823, 0.8519806049833303, 2.0043523092262703, 0.802487296665424, -1.2295961587543172, -2.177437366856953]",44.28864669799805,0.503915011882782,0.503915011882782,44.28864669799805,0.0,5.165999999999653,3.165999999999873,6.165999999999543,186,0.08264833916058417,10.662897431117619,1.3960835998877883,,traces/static_open_loop_0053.npz
54,ibvs,large,static,initial_out_of_view,False,"[-15.768465919211074, -17.818141752349305, 0.2495025778542761, -11.133209373021987, -11.093695216607724, -1.420172301376244]",,,,,,0.0,,0.0,1,0.0,10.626384910457505,0.003540799953043461,,traces/static_ibvs_0054.npz
54,pbvs,large,static,initial_out_of_view,False,"[-15.768465919211074, -17.818141752349305, 0.2495025778542761, -11.133209373021987, -11.093695216607724, -1.420172301376244]",,,,,,0.0,,0.0,1,0.0,10.626384910457505,0.002535999985411763,,traces/static_pbvs_0054.npz
54,open_loop,large,static,initial_out_of_view,False,"[-15.768465919211074, -17.818141752349305, 0.2495025778542761, -11.133209373021987, -11.093695216607724, -1.420172301376244]",,,,,,0.0,,0.0,1,0.0,10.626384910457505,0.0034633001778274775,,traces/static_open_loop_0054.npz
55,ibvs,large,static,converged,True,"[6.193794835378515, -5.95850896518907, -0.40729215354689075, 16.15301001281005, 13.303336348134835, 4.303285298270637]",77.91914367675781,0.960677981376648,0.960677981376648,77.91914367675781,0.0,4.531999999999723,4.031999999999778,5.531999999999613,167,0.35000000000000003,14.024772231438954,1.3061330998316407,,traces/static_ibvs_0055.npz
55,pbvs,large,static,converged,True,"[6.193794835378515, -5.95850896518907, -0.40729215354689075, 16.15301001281005, 13.303336348134835, 4.303285298270637]",77.91914367675781,0.8356062769889832,0.8356062769889832,77.91914367675781,0.0,4.565999999999719,4.065999999999774,5.565999999999609,168,0.35,14.024772231438954,1.2672550999559462,,traces/static_pbvs_0055.npz
55,open_loop,large,static,converged,True,"[6.193794835378515, -5.95850896518907, -0.40729215354689075, 16.15301001281005, 13.303336348134835, 4.303285298270637]",77.91914367675781,0.4666934907436371,0.4666934907436371,77.91914367675781,0.0,6.265999999999532,3.7319999999998106,7.265999999999422,219,0.35000000000000003,14.024772231438954,1.563667300157249,,traces/static_open_loop_0055.npz
56,ibvs,medium,static,initial_out_of_view,False,"[-7.889150945796757, -6.738377624083375, 3.1810147756551004, -10.102051235963438, -5.902129188599822, -9.614653862689156]",,,,,,0.0,,0.0,1,0.0,10.367052764785813,0.002493100007995963,,traces/static_ibvs_0056.npz
56,pbvs,medium,static,initial_out_of_view,False,"[-7.889150945796757, -6.738377624083375, 3.1810147756551004, -10.102051235963438, -5.902129188599822, -9.614653862689156]",,,,,,0.0,,0.0,1,0.0,10.367052764785813,0.0021547998767346144,,traces/static_pbvs_0056.npz
56,open_loop,medium,static,initial_out_of_view,False,"[-7.889150945796757, -6.738377624083375, 3.1810147756551004, -10.102051235963438, -5.902129188599822, -9.614653862689156]",,,,,,0.0,,0.0,1,0.0,10.367052764785813,0.004015600075945258,,traces/static_open_loop_0056.npz
57,ibvs,medium,static,initial_out_of_view,False,"[2.396590350400267, 6.957121273800938, 6.716201047030921, 5.6078746542041635, -6.56520802351517, 1.6304439887334965]",,,,,,0.0,,0.0,1,0.0,9.94664845207133,0.0034036999568343163,,traces/static_ibvs_0057.npz
57,pbvs,medium,static,initial_out_of_view,False,"[2.396590350400267, 6.957121273800938, 6.716201047030921, 5.6078746542041635, -6.56520802351517, 1.6304439887334965]",,,,,,0.0,,0.0,1,0.0,9.94664845207133,0.003479700069874525,,traces/static_pbvs_0057.npz
57,open_loop,medium,static,initial_out_of_view,False,"[2.396590350400267, 6.957121273800938, 6.716201047030921, 5.6078746542041635, -6.56520802351517, 1.6304439887334965]",,,,,,0.0,,0.0,1,0.0,9.94664845207133,0.00344299990683794,,traces/static_open_loop_0057.npz
58,ibvs,medium,static,initial_tracking_loss,False,"[5.126530465746635, 6.1283046810674495, -7.945823988354244, -4.668558197359106, -3.9978966695187967, -5.6411665200574985]",,,,,,0.0,,0.0,1,0.0,11.668853096473718,0.002014300087466836,,traces/static_ibvs_0058.npz
58,pbvs,medium,static,initial_tracking_loss,False,"[5.126530465746635, 6.1283046810674495, -7.945823988354244, -4.668558197359106, -3.9978966695187967, -5.6411665200574985]",,,,,,0.0,,0.0,1,0.0,11.668853096473718,0.002697099931538105,,traces/static_pbvs_0058.npz
58,open_loop,medium,static,initial_tracking_loss,False,"[5.126530465746635, 6.1283046810674495, -7.945823988354244, -4.668558197359106, -3.9978966695187967, -5.6411665200574985]",,,,,,0.0,,0.0,1,0.0,11.668853096473718,0.0025717001408338547,,traces/static_open_loop_0058.npz
59,ibvs,large,static,initial_out_of_view,False,"[-5.779645652746533, -4.7454108730635465, -7.786577807039119, 12.293064956129633, -16.257730449323567, 11.72195383107502]",,,,,,0.0,,0.0,1,0.0,11.603697170764878,0.0021182000637054443,,traces/static_ibvs_0059.npz
59,pbvs,large,static,initial_out_of_view,False,"[-5.779645652746533, -4.7454108730635465, -7.786577807039119, 12.293064956129633, -16.257730449323567, 11.72195383107502]",,,,,,0.0,,0.0,1,0.0,11.603697170764878,0.0025424000341445208,,traces/static_pbvs_0059.npz
59,open_loop,large,static,initial_out_of_view,False,"[-5.779645652746533, -4.7454108730635465, -7.786577807039119, 12.293064956129633, -16.257730449323567, 11.72195383107502]",,,,,,0.0,,0.0,1,0.0,11.603697170764878,0.0017226999625563622,,traces/static_open_loop_0059.npz
60,ibvs,medium,static,converged,True,"[4.373124341417364, -4.278507045183218, 5.65546424267491, 5.734622967342247, 0.3519674377386881, 11.816326837451253]",68.03475952148438,0.9719333648681641,0.9719333648681641,68.03475952148438,0.0,4.065999999999774,3.565999999999829,5.065999999999664,153,0.20559802977745406,10.626067688547412,1.1254819000605494,,traces/static_ibvs_0060.npz
60,pbvs,medium,static,converged,True,"[4.373124341417364, -4.278507045183218, 5.65546424267491, 5.734622967342247, 0.3519674377386881, 11.816326837451253]",68.03475952148438,0.9777508974075317,0.9777508974075317,68.03475952148438,0.0,4.1999999999997595,3.699999999999814,5.199999999999649,157,0.21213396370675297,10.63872751167077,1.0898255999200046,,traces/static_pbvs_0060.npz
60,open_loop,medium,static,converged,True,"[4.373124341417364, -4.278507045183218, 5.65546424267491, 5.734622967342247, 0.3519674377386881, 11.816326837451253]",68.03475952148438,0.5108779072761536,0.5108779072761536,68.03475952148438,0.0,6.065999999999554,3.4319999999998436,7.065999999999444,213,0.21213396370675297,10.666698879216915,1.562608900014311,,traces/static_open_loop_0060.npz
61,ibvs,medium,static,initial_out_of_view,False,"[-7.355107670335217, -7.6860753900330145, -0.30809608841081015, -0.6553385447599354, -1.5385484557714193, -2.6341821564259718]",,,,,,0.0,,0.0,1,0.0,10.674816771311677,0.0028417001012712717,,traces/static_ibvs_0061.npz
61,pbvs,medium,static,initial_out_of_view,False,"[-7.355107670335217, -7.6860753900330145, -0.30809608841081015, -0.6553385447599354, -1.5385484557714193, -2.6341821564259718]",,,,,,0.0,,0.0,1,0.0,10.674816771311677,0.0023016000632196665,,traces/static_pbvs_0061.npz
61,open_loop,medium,static,initial_out_of_view,False,"[-7.355107670335217, -7.6860753900330145, -0.30809608841081015, -0.6553385447599354, -1.5385484557714193, -2.6341821564259718]",,,,,,0.0,,0.0,1,0.0,10.674816771311677,0.002310799900442362,,traces/static_open_loop_0061.npz
62,ibvs,large,static,converged,True,"[-3.1271322203495586, -16.789012837754207, 16.00013323262828, 12.702252136540011, 9.264006372520566, -5.6834120531527255]",141.85140991210938,0.9819365739822388,0.9819365739822388,141.85140991210938,0.0,4.83199999999969,4.331999999999745,5.83199999999958,176,0.35,12.866903162684311,1.3597824000753462,,traces/static_ibvs_0062.npz
62,pbvs,large,static,converged,True,"[-3.1271322203495586, -16.789012837754207, 16.00013323262828, 12.702252136540011, 9.264006372520566, -5.6834120531527255]",141.85140991210938,0.9444089531898499,0.9444089531898499,141.85140991210938,0.0,4.83199999999969,4.331999999999745,5.83199999999958,176,0.35000000000000003,12.866903162684311,1.2915282000321895,,traces/static_pbvs_0062.npz
62,open_loop,large,static,converged,True,"[-3.1271322203495586, -16.789012837754207, 16.00013323262828, 12.702252136540011, 9.264006372520566, -5.6834120531527255]",141.85140991210938,0.6373798251152039,0.6373798251152039,141.85140991210938,0.0,6.199999999999539,4.3999999999997375,7.199999999999429,217,0.35,12.866903162684311,1.602035699877888,,traces/static_open_loop_0062.npz
63,ibvs,medium,static,initial_out_of_view,False,"[5.669865556744904, 1.7677007001534726, 6.539459019303571, 9.729228332144562, 2.655330523062535, 11.637047099219146]",,,,,,0.0,,0.0,1,0.0,10.437293492039878,0.004567000083625317,,traces/static_ibvs_0063.npz
63,pbvs,medium,static,initial_out_of_view,False,"[5.669865556744904, 1.7677007001534726, 6.539459019303571, 9.729228332144562, 2.655330523062535, 11.637047099219146]",,,,,,0.0,,0.0,1,0.0,10.437293492039878,0.0036786999553442,,traces/static_pbvs_0063.npz
63,open_loop,medium,static,initial_out_of_view,False,"[5.669865556744904, 1.7677007001534726, 6.539459019303571, 9.729228332144562, 2.655330523062535, 11.637047099219146]",,,,,,0.0,,0.0,1,0.0,10.437293492039878,0.0034625001717358828,,traces/static_open_loop_0063.npz
64,ibvs,medium,static,initial_out_of_view,False,"[6.006877077829541, 7.2863547816681695, 8.726025737763354, -4.704486784313036, 1.262505453268565, 3.8489746069171247]",,,,,,0.0,,0.0,1,0.0,9.8810172741766,0.005209899973124266,,traces/static_ibvs_0064.npz
64,pbvs,medium,static,initial_out_of_view,False,"[6.006877077829541, 7.2863547816681695, 8.726025737763354, -4.704486784313036, 1.262505453268565, 3.8489746069171247]",,,,,,0.0,,0.0,1,0.0,9.8810172741766,0.004205500008538365,,traces/static_pbvs_0064.npz
64,open_loop,medium,static,initial_out_of_view,False,"[6.006877077829541, 7.2863547816681695, 8.726025737763354, -4.704486784313036, 1.262505453268565, 3.8489746069171247]",,,,,,0.0,,0.0,1,0.0,9.8810172741766,0.0038357998710125685,,traces/static_open_loop_0064.npz
65,ibvs,large,static,initial_out_of_view,False,"[13.611287690475358, -1.5123661250001348, -8.933321781197591, -2.7086471576690485, -7.445844346500957, -23.93973672183119]",,,,,,0.0,,0.0,1,0.0,11.784254375013983,0.0021355999633669853,,traces/static_ibvs_0065.npz
65,pbvs,large,static,initial_out_of_view,False,"[13.611287690475358, -1.5123661250001348, -8.933321781197591, -2.7086471576690485, -7.445844346500957, -23.93973672183119]",,,,,,0.0,,0.0,1,0.0,11.784254375013983,0.0031558999326080084,,traces/static_pbvs_0065.npz
65,open_loop,large,static,initial_out_of_view,False,"[13.611287690475358, -1.5123661250001348, -8.933321781197591, -2.7086471576690485, -7.445844346500957, -23.93973672183119]",,,,,,0.0,,0.0,1,0.0,11.784254375013983,0.002556900028139353,,traces/static_open_loop_0065.npz
66,ibvs,large,static,converged,True,"[-5.078328060479887, -15.34373299017259, 24.06448937716101, -5.810565450144253, -4.847380071010479, 27.661357629279102]",90.89916229248047,0.963940441608429,0.963940441608429,90.89916229248047,0.0,4.46599999999973,3.965999999999785,5.46599999999962,165,0.35000000000000003,10.606751237657432,1.2481637001037598,,traces/static_ibvs_0066.npz
66,pbvs,large,static,converged,True,"[-5.078328060479887, -15.34373299017259, 24.06448937716101, -5.810565450144253, -4.847380071010479, 27.661357629279102]",90.89916229248047,0.8809598088264465,0.8809598088264465,90.89916229248047,0.0,4.999999999999671,4.499999999999726,5.999999999999561,181,0.35000000000000003,10.643720327707245,1.341529899975285,,traces/static_pbvs_0066.npz
66,open_loop,large,static,open_loop_residual,True,"[-5.078328060479887, -15.34373299017259, 24.06448937716101, -5.810565450144253, -4.847380071010479, 27.661357629279102]",90.89916229248047,1.276226282119751,1.276226282119751,90.89916229248047,0.0,6.499999999999506,,7.499999999999396,226,0.35000000000000003,10.78881103384738,1.7365331000182778,,traces/static_open_loop_0066.npz
67,ibvs,large,static,initial_out_of_view,False,"[3.102245601168125, 12.559848856249655, -8.205623186439254, 21.66051184940857, 6.08402891783993, -20.746474938287857]",,,,,,0.0,,0.0,1,0.0,12.80134494765648,0.005945099983364344,,traces/static_ibvs_0067.npz
67,pbvs,large,static,initial_out_of_view,False,"[3.102245601168125, 12.559848856249655, -8.205623186439254, 21.66051184940857, 6.08402891783993, -20.746474938287857]",,,,,,0.0,,0.0,1,0.0,12.80134494765648,0.007444899994879961,,traces/static_pbvs_0067.npz
67,open_loop,large,static,initial_out_of_view,False,"[3.102245601168125, 12.559848856249655, -8.205623186439254, 21.66051184940857, 6.08402891783993, -20.746474938287857]",,,,,,0.0,,0.0,1,0.0,12.80134494765648,0.011707100085914135,,traces/static_open_loop_0067.npz
68,ibvs,large,static,initial_out_of_view,False,"[-3.2121259696310336, 6.126492381874744, -11.946674758338393, 10.968644776321234, 14.582597295290725, 14.379075790848283]",,,,,,0.0,,0.0,1,0.0,14.12313398363545,0.0028946001548320055,,traces/static_ibvs_0068.npz
68,pbvs,large,static,initial_out_of_view,False,"[-3.2121259696310336, 6.126492381874744, -11.946674758338393, 10.968644776321234, 14.582597295290725, 14.379075790848283]",,,,,,0.0,,0.0,1,0.0,14.12313398363545,0.004064599983394146,,traces/static_pbvs_0068.npz
68,open_loop,large,static,initial_out_of_view,False,"[-3.2121259696310336, 6.126492381874744, -11.946674758338393, 10.968644776321234, 14.582597295290725, 14.379075790848283]",,,,,,0.0,,0.0,1,0.0,14.12313398363545,0.0039969999343156815,,traces/static_open_loop_0068.npz
69,ibvs,large,static,initial_out_of_view,False,"[-11.990351517715915, -6.240315484663229, -16.119532152635013, 21.302592391725554, -11.000289373000971, 1.1009771063126408]",,,,,,0.0,,0.0,1,0.0,13.10968678462771,0.0019820998422801495,,traces/static_ibvs_0069.npz
69,pbvs,large,static,initial_out_of_view,False,"[-11.990351517715915, -6.240315484663229, -16.119532152635013, 21.302592391725554, -11.000289373000971, 1.1009771063126408]",,,,,,0.0,,0.0,1,0.0,13.10968678462771,0.0033209999091923237,,traces/static_pbvs_0069.npz
69,open_loop,large,static,initial_out_of_view,False,"[-11.990351517715915, -6.240315484663229, -16.119532152635013, 21.302592391725554, -11.000289373000971, 1.1009771063126408]",,,,,,0.0,,0.0,1,0.0,13.10968678462771,0.0028564000967890024,,traces/static_open_loop_0069.npz
70,ibvs,large,static,initial_out_of_view,False,"[7.381328764916571, -11.687717711823298, 18.448420368642793, 10.234174857381568, 5.623376356651239, 12.222936746830783]",,,,,,0.0,,0.0,1,0.0,11.457205451040368,0.003501500003039837,,traces/static_ibvs_0070.npz
70,pbvs,large,static,initial_out_of_view,False,"[7.381328764916571, -11.687717711823298, 18.448420368642793, 10.234174857381568, 5.623376356651239, 12.222936746830783]",,,,,,0.0,,0.0,1,0.0,11.457205451040368,0.004164200043305755,,traces/static_pbvs_0070.npz
70,open_loop,large,static,initial_out_of_view,False,"[7.381328764916571, -11.687717711823298, 18.448420368642793, 10.234174857381568, 5.623376356651239, 12.222936746830783]",,,,,,0.0,,0.0,1,0.0,11.457205451040368,0.0038060001097619534,,traces/static_open_loop_0070.npz
71,ibvs,large,static,initial_out_of_view,False,"[3.294119560375073, 11.870868560232822, -2.9754424218445195, -15.242600380250748, 3.7148456832394636, 5.026399496811237]",,,,,,0.0,,0.0,1,0.0,11.540699131809504,0.003323999932035804,,traces/static_ibvs_0071.npz
71,pbvs,large,static,initial_out_of_view,False,"[3.294119560375073, 11.870868560232822, -2.9754424218445195, -15.242600380250748, 3.7148456832394636, 5.026399496811237]",,,,,,0.0,,0.0,1,0.0,11.540699131809504,0.0032954001799225807,,traces/static_pbvs_0071.npz
71,open_loop,large,static,initial_out_of_view,False,"[3.294119560375073, 11.870868560232822, -2.9754424218445195, -15.242600380250748, 3.7148456832394636, 5.026399496811237]",,,,,,0.0,,0.0,1,0.0,11.540699131809504,0.003973300103098154,,traces/static_open_loop_0071.npz
72,ibvs,small,static,converged,True,"[2.5561723879386333, 2.0175432841535574, -2.7787262721582424, 1.9889223215650471, -0.7480657447607038, 1.6032900979485891]",43.61561584472656,0.9655110239982605,0.9655110239982605,43.61561584472656,0.0,3.599999999999825,3.09999999999988,4.599999999999715,139,0.05559451422084573,10.978817845719295,1.056509300135076,,traces/static_ibvs_0072.npz
72,pbvs,small,static,converged,True,"[2.5561723879386333, 2.0175432841535574, -2.7787262721582424, 1.9889223215650471, -0.7480657447607038, 1.6032900979485891]",43.61561584472656,0.9239105582237244,0.9239105582237244,43.61561584472656,0.0,3.8319999999997996,3.3319999999998546,4.83199999999969,146,0.1960004205660959,10.978817845719295,1.2183729000389576,,traces/static_pbvs_0072.npz
72,open_loop,small,static,converged,True,"[2.5561723879386333, 2.0175432841535574, -2.7787262721582424, 1.9889223215650471, -0.7480657447607038, 1.6032900979485891]",43.61561584472656,0.4310864508152008,0.4310864508152008,43.61561584472656,0.0,5.299999999999638,3.065999999999884,6.299999999999528,190,0.08357532101320264,10.978817845719295,1.3071002999786288,,traces/static_open_loop_0072.npz
73,ibvs,medium,static,initial_out_of_view,False,"[6.605644914327884, -3.875965688986847, -5.531093810374735, 7.166078903767573, 2.9484859760066175, -6.753835134008098]",,,,,,0.0,,0.0,1,0.0,11.479973831869913,0.0023094001226127148,,traces/static_ibvs_0073.npz
73,pbvs,medium,static,initial_out_of_view,False,"[6.605644914327884, -3.875965688986847, -5.531093810374735, 7.166078903767573, 2.9484859760066175, -6.753835134008098]",,,,,,0.0,,0.0,1,0.0,11.479973831869913,0.002346400171518326,,traces/static_pbvs_0073.npz
73,open_loop,medium,static,initial_out_of_view,False,"[6.605644914327884, -3.875965688986847, -5.531093810374735, 7.166078903767573, 2.9484859760066175, -6.753835134008098]",,,,,,0.0,,0.0,1,0.0,11.479973831869913,0.0028931000269949436,,traces/static_open_loop_0073.npz
74,ibvs,medium,static,initial_out_of_view,False,"[5.966719011564594, -5.050293198580009, 8.985996188382387, -10.048875616617742, -7.685114454619725, 2.8573318291795182]",,,,,,0.0,,0.0,1,0.0,9.796931299595672,0.0030602000188082457,,traces/static_ibvs_0074.npz
74,pbvs,medium,static,initial_out_of_view,False,"[5.966719011564594, -5.050293198580009, 8.985996188382387, -10.048875616617742, -7.685114454619725, 2.8573318291795182]",,,,,,0.0,,0.0,1,0.0,9.796931299595672,0.005019200034439564,,traces/static_pbvs_0074.npz
74,open_loop,medium,static,initial_out_of_view,False,"[5.966719011564594, -5.050293198580009, 8.985996188382387, -10.048875616617742, -7.685114454619725, 2.8573318291795182]",,,,,,0.0,,0.0,1,0.0,9.796931299595672,0.004360599908977747,,traces/static_open_loop_0074.npz
75,ibvs,large,static,initial_out_of_view,False,"[-10.840664568138784, 9.953733696754078, 11.882610274411661, -7.550669772588066, -9.023296302269875, 23.420487096081807]",,,,,,0.0,,0.0,1,0.0,9.496203003394951,0.0038894000463187695,,traces/static_ibvs_0075.npz
75,pbvs,large,static,initial_out_of_view,False,"[-10.840664568138784, 9.953733696754078, 11.882610274411661, -7.550669772588066, -9.023296302269875, 23.420487096081807]",,,,,,0.0,,0.0,1,0.0,9.496203003394951,0.005062799900770187,,traces/static_pbvs_0075.npz
75,open_loop,large,static,initial_out_of_view,False,"[-10.840664568138784, 9.953733696754078, 11.882610274411661, -7.550669772588066, -9.023296302269875, 23.420487096081807]",,,,,,0.0,,0.0,1,0.0,9.496203003394951,0.0045801999513059855,,traces/static_open_loop_0075.npz
76,ibvs,large,static,initial_out_of_view,False,"[11.725653874749991, -2.1939796936551677, -14.319494901227225, -18.317523845051596, 6.396064426841104, 21.835551137154532]",,,,,,0.0,,0.0,1,0.0,13.539780839579137,0.0031785001046955585,,traces/static_ibvs_0076.npz
76,pbvs,large,static,initial_out_of_view,False,"[11.725653874749991, -2.1939796936551677, -14.319494901227225, -18.317523845051596, 6.396064426841104, 21.835551137154532]",,,,,,0.0,,0.0,1,0.0,13.539780839579137,0.002149400068446994,,traces/static_pbvs_0076.npz
76,open_loop,large,static,initial_out_of_view,False,"[11.725653874749991, -2.1939796936551677, -14.319494901227225, -18.317523845051596, 6.396064426841104, 21.835551137154532]",,,,,,0.0,,0.0,1,0.0,13.539780839579137,0.0033183000050485134,,traces/static_open_loop_0076.npz
77,ibvs,medium,static,initial_out_of_view,False,"[7.043864067081179, 7.807936474863798, -8.11994071010723, -8.033211035937196, 0.8763007746814324, -3.6998568569159147]",,,,,,0.0,,0.0,1,0.0,11.793902722724624,0.0035039999056607485,,traces/static_ibvs_0077.npz
77,pbvs,medium,static,initial_out_of_view,False,"[7.043864067081179, 7.807936474863798, -8.11994071010723, -8.033211035937196, 0.8763007746814324, -3.6998568569159147]",,,,,,0.0,,0.0,1,0.0,11.793902722724624,0.0025855000130832195,,traces/static_pbvs_0077.npz
77,open_loop,medium,static,initial_out_of_view,False,"[7.043864067081179, 7.807936474863798, -8.11994071010723, -8.033211035937196, 0.8763007746814324, -3.6998568569159147]",,,,,,0.0,,0.0,1,0.0,11.793902722724624,0.002741500036790967,,traces/static_open_loop_0077.npz
78,ibvs,medium,static,initial_out_of_view,False,"[-3.914546188738802, 3.3312321934308926, 9.256929833493206, 10.26670408649705, 0.4328512696209206, 0.9514305141926744]",,,,,,0.0,,0.0,1,0.0,10.081730136732165,0.002499000169336796,,traces/static_ibvs_0078.npz
78,pbvs,medium,static,initial_out_of_view,False,"[-3.914546188738802, 3.3312321934308926, 9.256929833493206, 10.26670408649705, 0.4328512696209206, 0.9514305141926744]",,,,,,0.0,,0.0,1,0.0,10.081730136732165,0.0027447999455034733,,traces/static_pbvs_0078.npz
78,open_loop,medium,static,initial_out_of_view,False,"[-3.914546188738802, 3.3312321934308926, 9.256929833493206, 10.26670408649705, 0.4328512696209206, 0.9514305141926744]",,,,,,0.0,,0.0,1,0.0,10.081730136732165,0.0033859999384731054,,traces/static_open_loop_0078.npz
79,ibvs,large,static,converged,True,"[9.994686222361537, -6.697297475605392, 1.6691951965520246, 14.9963322580236, 12.088743717634003, -1.6384363201116123]",135.7124786376953,0.9589856266975403,0.9589856266975403,135.7124786376953,0.0,4.799999999999693,4.2999999999997485,5.799999999999583,175,0.35000000000000003,13.439968871933248,1.3578507001511753,,traces/static_ibvs_0079.npz
79,pbvs,large,static,converged,True,"[9.994686222361537, -6.697297475605392, 1.6691951965520246, 14.9963322580236, 12.088743717634003, -1.6384363201116123]",135.7124786376953,0.9433727860450745,0.9433727860450745,135.7124786376953,0.0,4.765999999999697,4.265999999999752,5.765999999999587,174,0.35000000000000003,13.439968871933248,1.3159946000669152,,traces/static_pbvs_0079.npz
79,open_loop,large,static,converged,True,"[9.994686222361537, -6.697297475605392, 1.6691951965520246, 14.9963322580236, 12.088743717634003, -1.6384363201116123]",135.7124786376953,0.48301440477371216,0.48301440477371216,135.7124786376953,0.0,6.231999999999536,3.999999999999781,7.2319999999994256,218,0.35,13.439968871933248,1.6953660999424756,,traces/static_open_loop_0079.npz
80,ibvs,medium,static,initial_out_of_view,False,"[7.584420840492902, -6.633833025576383, -8.695541483937216, 2.448665629225893, -7.821454594785877, 5.359466602222483]",,,,,,0.0,,0.0,1,0.0,11.746538332865564,0.0020604999735951424,,traces/static_ibvs_0080.npz
80,pbvs,medium,static,initial_out_of_view,False,"[7.584420840492902, -6.633833025576383, -8.695541483937216, 2.448665629225893, -7.821454594785877, 5.359466602222483]",,,,,,0.0,,0.0,1,0.0,11.746538332865564,0.0022357997950166464,,traces/static_pbvs_0080.npz
80,open_loop,medium,static,initial_out_of_view,False,"[7.584420840492902, -6.633833025576383, -8.695541483937216, 2.448665629225893, -7.821454594785877, 5.359466602222483]",,,,,,0.0,,0.0,1,0.0,11.746538332865564,0.0018516001291573048,,traces/static_open_loop_0080.npz
81,ibvs,large,static,initial_out_of_view,False,"[5.367126506791742, -4.076790354849603, -22.73339318190675, -17.862925961233426, 15.749715634581989, -14.262432107837013]",,,,,,0.0,,0.0,1,0.0,17.00044437753242,0.0019902000203728676,,traces/static_ibvs_0081.npz
81,pbvs,large,static,initial_out_of_view,False,"[5.367126506791742, -4.076790354849603, -22.73339318190675, -17.862925961233426, 15.749715634581989, -14.262432107837013]",,,,,,0.0,,0.0,1,0.0,17.00044437753242,0.001976999919861555,,traces/static_pbvs_0081.npz
81,open_loop,large,static,initial_out_of_view,False,"[5.367126506791742, -4.076790354849603, -22.73339318190675, -17.862925961233426, 15.749715634581989, -14.262432107837013]",,,,,,0.0,,0.0,1,0.0,17.00044437753242,0.002310599898919463,,traces/static_open_loop_0081.npz
82,ibvs,large,static,initial_out_of_view,False,"[-1.5547345157422896, 3.8658243172328604, -2.6161970052100862, 1.0815202961786206, 15.737639951439924, -3.0049788324021733]",,,,,,0.0,,0.0,1,0.0,13.732304599290533,0.003335600020363927,,traces/static_ibvs_0082.npz
82,pbvs,large,static,initial_out_of_view,False,"[-1.5547345157422896, 3.8658243172328604, -2.6161970052100862, 1.0815202961786206, 15.737639951439924, -3.0049788324021733]",,,,,,0.0,,0.0,1,0.0,13.732304599290533,0.0024343000259250402,,traces/static_pbvs_0082.npz
82,open_loop,large,static,initial_out_of_view,False,"[-1.5547345157422896, 3.8658243172328604, -2.6161970052100862, 1.0815202961786206, 15.737639951439924, -3.0049788324021733]",,,,,,0.0,,0.0,1,0.0,13.732304599290533,0.0021681999787688255,,traces/static_open_loop_0082.npz
83,ibvs,medium,static,initial_out_of_view,False,"[-6.739185069194692, 3.1738567376849094, 5.51354621303722, -4.926614867089098, 5.678137737314332, 7.364912685787274]",,,,,,0.0,,0.0,1,0.0,10.588709094766793,0.0028878001030534506,,traces/static_ibvs_0083.npz
83,pbvs,medium,static,initial_out_of_view,False,"[-6.739185069194692, 3.1738567376849094, 5.51354621303722, -4.926614867089098, 5.678137737314332, 7.364912685787274]",,,,,,0.0,,0.0,1,0.0,10.588709094766793,0.0033118000719696283,,traces/static_pbvs_0083.npz
83,open_loop,medium,static,initial_out_of_view,False,"[-6.739185069194692, 3.1738567376849094, 5.51354621303722, -4.926614867089098, 5.678137737314332, 7.364912685787274]",,,,,,0.0,,0.0,1,0.0,10.588709094766793,0.003721199929714203,,traces/static_open_loop_0083.npz
84,ibvs,medium,static,initial_out_of_view,False,"[5.6264301942376775, -7.608452137844894, -9.926121353564563, -6.643860411619949, -3.456039366337052, -9.558050093321405]",,,,,,0.0,,0.0,1,0.0,11.987147951829678,0.00560660008341074,,traces/static_ibvs_0084.npz
84,pbvs,medium,static,initial_out_of_view,False,"[5.6264301942376775, -7.608452137844894, -9.926121353564563, -6.643860411619949, -3.456039366337052, -9.558050093321405]",,,,,,0.0,,0.0,1,0.0,11.987147951829678,0.0024778000079095364,,traces/static_pbvs_0084.npz
84,open_loop,medium,static,initial_out_of_view,False,"[5.6264301942376775, -7.608452137844894, -9.926121353564563, -6.643860411619949, -3.456039366337052, -9.558050093321405]",,,,,,0.0,,0.0,1,0.0,11.987147951829678,0.0030521999578922987,,traces/static_open_loop_0084.npz
85,ibvs,small,static,converged,True,"[-0.40596367057573834, 2.8184965501375894, 3.4123696822444805, -0.04917997968834964, -2.4510943035640635, -3.0873199913814924]",87.23479461669922,0.9740985631942749,0.9740985631942749,87.23479461669922,0.0,4.0999999999997705,3.599999999999825,5.09999999999966,154,0.0887706452807909,10.640639985526084,1.1403584000654519,,traces/static_ibvs_0085.npz
85,pbvs,small,static,converged,True,"[-0.40596367057573834, 2.8184965501375894, 3.4123696822444805, -0.04917997968834964, -2.4510943035640635, -3.0873199913814924]",87.23479461669922,0.935969352722168,0.935969352722168,87.23479461669922,0.0,4.365999999999741,3.865999999999796,5.365999999999631,162,0.1560733845228563,10.641531450414067,1.2734796998556703,,traces/static_pbvs_0085.npz
85,open_loop,small,static,converged,True,"[-0.40596367057573834, 2.8184965501375894, 3.4123696822444805, -0.04917997968834964, -2.4510943035640635, -3.0873199913814924]",87.23479461669922,0.5699621438980103,0.5699621438980103,87.23479461669922,0.0,5.765999999999587,3.7319999999998106,6.765999999999477,204,0.09827981817460285,10.653001919993184,1.4930376000702381,,traces/static_open_loop_0085.npz
86,ibvs,small,static,converged,True,"[1.9696882070393693, 1.19464447114476, -1.200158035635713, -0.3477634986476108, 0.6173549657913844, 0.34621276375772325]",47.0295295715332,0.9773055911064148,0.9773055911064148,47.0295295715332,0.0,3.7319999999998106,3.2319999999998656,4.731999999999701,143,0.04411151449567638,10.787032886218698,1.0074416999705136,,traces/static_ibvs_0086.npz
86,pbvs,small,static,converged,True,"[1.9696882070393693, 1.19464447114476, -1.200158035635713, -0.3477634986476108, 0.6173549657913844, 0.34621276375772325]",47.0295295715332,0.9797227382659912,0.9797227382659912,47.0295295715332,0.0,3.665999999999818,3.165999999999873,4.665999999999708,141,0.18449836089434557,10.787032886218698,1.0201715000439435,,traces/static_pbvs_0086.npz
86,open_loop,small,static,converged,True,"[1.9696882070393693, 1.19464447114476, -1.200158035635713, -0.3477634986476108, 0.6173549657913844, 0.34621276375772325]",47.0295295715332,0.9432011246681213,0.9432011246681213,47.0295295715332,0.0,5.365999999999631,3.899999999999792,6.365999999999521,192,0.0947116208536784,10.787032886218698,1.4066614001058042,,traces/static_open_loop_0086.npz
87,ibvs,large,static,initial_out_of_view,False,"[-14.53366318815295, -1.1448221444191162, 21.161577655628456, 8.49259379871075, -14.490146041449156, 25.994777413265744]",,,,,,0.0,,0.0,1,0.0,8.820097669516478,0.01409740000963211,,traces/static_ibvs_0087.npz
87,pbvs,large,static,initial_out_of_view,False,"[-14.53366318815295, -1.1448221444191162, 21.161577655628456, 8.49259379871075, -14.490146041449156, 25.994777413265744]",,,,,,0.0,,0.0,1,0.0,8.820097669516478,0.003167599905282259,,traces/static_pbvs_0087.npz
87,open_loop,large,static,initial_out_of_view,False,"[-14.53366318815295, -1.1448221444191162, 21.161577655628456, 8.49259379871075, -14.490146041449156, 25.994777413265744]",,,,,,0.0,,0.0,1,0.0,8.820097669516478,0.0024083000607788563,,traces/static_open_loop_0087.npz
88,ibvs,medium,static,initial_out_of_view,False,"[1.6944074771062372, -3.3164889186102897, -6.328573658081318, -9.622543235375657, -3.2853827659982464, 2.6918165663944364]",,,,,,0.0,,0.0,1,0.0,11.514510753460938,0.002132000168785453,,traces/static_ibvs_0088.npz
88,pbvs,medium,static,initial_out_of_view,False,"[1.6944074771062372, -3.3164889186102897, -6.328573658081318, -9.622543235375657, -3.2853827659982464, 2.6918165663944364]",,,,,,0.0,,0.0,1,0.0,11.514510753460938,0.0035354001447558403,,traces/static_pbvs_0088.npz
88,open_loop,medium,static,initial_out_of_view,False,"[1.6944074771062372, -3.3164889186102897, -6.328573658081318, -9.622543235375657, -3.2853827659982464, 2.6918165663944364]",,,,,,0.0,,0.0,1,0.0,11.514510753460938,0.002650599926710129,,traces/static_open_loop_0088.npz
89,ibvs,small,static,converged,True,"[-0.6054226460030621, 2.2990254736634137, 0.36095589130615213, -0.6953646773464213, -2.8708878406476033, -1.9027892211251336]",23.756473541259766,0.916892945766449,0.916892945766449,23.756473541259766,0.0,2.965999999999895,2.46599999999995,3.965999999999785,120,0.057366245740101525,10.638471703649218,0.8167119999416173,,traces/static_ibvs_0089.npz
89,pbvs,small,static,converged,True,"[-0.6054226460030621, 2.2990254736634137, 0.36095589130615213, -0.6953646773464213, -2.8708878406476033, -1.9027892211251336]",23.756473541259766,0.7943210601806641,0.7943210601806641,23.903852462768555,0.6203737320390701,3.3319999999998546,2.8319999999999097,4.331999999999745,131,0.14133402083773844,10.650407986583463,0.9209986000787467,,traces/static_pbvs_0089.npz
89,open_loop,small,static,converged,True,"[-0.6054226460030621, 2.2990254736634137, 0.36095589130615213, -0.6953646773464213, -2.8708878406476033, -1.9027892211251336]",23.756473541259766,0.920885443687439,0.920885443687439,23.903852462768555,0.6203737320390701,5.131999999999657,2.7319999999999207,6.131999999999547,185,0.11311770153840345,10.67104151876349,1.4153722999617457,,traces/static_open_loop_0089.npz
90,ibvs,medium,static,initial_out_of_view,False,"[-1.2676696768112379, 7.221217757086679, 1.3625177578447651, -9.399269023197812, 4.292331251390253, 7.334111104855815]",,,,,,0.0,,0.0,1,0.0,10.871001695196476,0.00380200007930398,,traces/static_ibvs_0090.npz
90,pbvs,medium,static,initial_out_of_view,False,"[-1.2676696768112379, 7.221217757086679, 1.3625177578447651, -9.399269023197812, 4.292331251390253, 7.334111104855815]",,,,,,0.0,,0.0,1,0.0,10.871001695196476,0.004403899889439344,,traces/static_pbvs_0090.npz
90,open_loop,medium,static,initial_out_of_view,False,"[-1.2676696768112379, 7.221217757086679, 1.3625177578447651, -9.399269023197812, 4.292331251390253, 7.334111104855815]",,,,,,0.0,,0.0,1,0.0,10.871001695196476,0.007368199992924929,,traces/static_open_loop_0090.npz
91,ibvs,large,static,initial_out_of_view,False,"[-0.8056586829442764, -3.6019320834725015, -5.189271087603625, -19.688347922325505, 4.580531830964432, -20.161973095778066]",,,,,,0.0,,0.0,1,0.0,12.240315432856985,0.0033732999581843615,,traces/static_ibvs_0091.npz
91,pbvs,large,static,initial_out_of_view,False,"[-0.8056586829442764, -3.6019320834725015, -5.189271087603625, -19.688347922325505, 4.580531830964432, -20.161973095778066]",,,,,,0.0,,0.0,1,0.0,12.240315432856985,0.002678999910131097,,traces/static_pbvs_0091.npz
91,open_loop,large,static,initial_out_of_view,False,"[-0.8056586829442764, -3.6019320834725015, -5.189271087603625, -19.688347922325505, 4.580531830964432, -20.161973095778066]",,,,,,0.0,,0.0,1,0.0,12.240315432856985,0.003260600147768855,,traces/static_open_loop_0091.npz
92,ibvs,small,static,converged,True,"[0.5561535951411765, -2.2245729335979822, 1.0518615649622909, -3.837104058861792, -0.05686456589309108, 1.807037647072577]",50.40726852416992,0.983802080154419,0.983802080154419,50.40726852416992,0.0,3.8319999999997996,3.3319999999998546,4.83199999999969,146,0.07310492100530797,10.642861640767935,1.085266500012949,,traces/static_ibvs_0092.npz
92,pbvs,small,static,converged,True,"[0.5561535951411765, -2.2245729335979822, 1.0518615649622909, -3.837104058861792, -0.05686456589309108, 1.807037647072577]",50.40726852416992,0.8889394998550415,0.8889394998550415,50.40726852416992,0.0,3.899999999999792,3.399999999999847,4.899999999999682,148,0.15997464323710336,10.648710225793415,1.1012178999371827,,traces/static_pbvs_0092.npz
92,open_loop,small,static,converged,True,"[0.5561535951411765, -2.2245729335979822, 1.0518615649622909, -3.837104058861792, -0.05686456589309108, 1.807037647072577]",50.40726852416992,0.4066806137561798,0.4066806137561798,50.40726852416992,0.0,5.165999999999653,3.46599999999984,6.165999999999543,186,0.05337682451886581,10.653338597575127,1.3365243999287486,,traces/static_open_loop_0092.npz
93,ibvs,small,static,converged,True,"[2.1917143636255654, 1.4258350767762344, 1.8781448704490362, -0.07514381590635999, 2.345242548911009, -1.6828284610500281]",101.37680053710938,0.9770882725715637,0.9770882725715637,101.37680053710938,0.0,4.3999999999997375,3.899999999999792,5.399999999999627,163,0.08124647582244424,10.649757528447948,1.2688806001096964,,traces/static_ibvs_0093.npz
93,pbvs,small,static,converged,True,"[2.1917143636255654, 1.4258350767762344, 1.8781448704490362, -0.07514381590635999, 2.345242548911009, -1.6828284610500281]",101.37680053710938,0.985459566116333,0.985459566116333,101.37680053710938,0.0,4.565999999999719,4.065999999999774,5.565999999999609,168,0.19556803513613608,10.646082185483305,1.2917604998219758,,traces/static_pbvs_0093.npz
93,open_loop,small,static,converged,True,"[2.1917143636255654, 1.4258350767762344, 1.8781448704490362, -0.07514381590635999, 2.345242548911009, -1.6828284610500281]",101.37680053710938,0.43402767181396484,0.43402767181396484,101.37680053710938,0.0,5.699999999999594,3.899999999999792,6.699999999999484,202,0.058355394804805276,10.648132128667138,1.5232291999273002,,traces/static_open_loop_0093.npz
94,ibvs,large,static,initial_out_of_view,False,"[5.046477004862069, -13.017300450604877, -14.698788008263165, -19.149265633157974, -1.343190171062826, -4.778075994120503]",,,,,,0.0,,0.0,1,0.0,13.100593761258848,0.0030475000385195017,,traces/static_ibvs_0094.npz
94,pbvs,large,static,initial_out_of_view,False,"[5.046477004862069, -13.017300450604877, -14.698788008263165, -19.149265633157974, -1.343190171062826, -4.778075994120503]",,,,,,0.0,,0.0,1,0.0,13.100593761258848,0.0022326000034809113,,traces/static_pbvs_0094.npz
94,open_loop,large,static,initial_out_of_view,False,"[5.046477004862069, -13.017300450604877, -14.698788008263165, -19.149265633157974, -1.343190171062826, -4.778075994120503]",,,,,,0.0,,0.0,1,0.0,13.100593761258848,0.002443100092932582,,traces/static_open_loop_0094.npz
95,ibvs,large,static,converged,True,"[0.07803546303520292, -5.398991074043165, 17.022043563832803, 8.907426434474154, -3.655144793232992, 20.5808827064361]",161.37547302246094,0.9769336581230164,0.9769336581230164,161.37547302246094,0.0,4.999999999999671,4.499999999999726,5.999999999999561,181,0.34531843150787916,10.62946131495769,1.384372300002724,,traces/static_ibvs_0095.npz
95,pbvs,large,static,converged,True,"[0.07803546303520292, -5.398991074043165, 17.022043563832803, 8.907426434474154, -3.655144793232992, 20.5808827064361]",161.37547302246094,0.970518171787262,0.970518171787262,161.37547302246094,0.0,4.965999999999675,4.46599999999973,5.965999999999565,180,0.3203756974299655,10.63997824405616,1.36292210011743,,traces/static_pbvs_0095.npz
95,open_loop,large,static,converged,True,"[0.07803546303520292, -5.398991074043165, 17.022043563832803, 8.907426434474154, -3.655144793232992, 20.5808827064361]",161.37547302246094,0.6812504529953003,0.6812504529953003,161.37547302246094,0.0,6.631999999999492,4.531999999999723,7.6319999999993815,230,0.3203756974299655,10.662612128341326,1.7618234001565725,,traces/static_open_loop_0095.npz
96,ibvs,small,static,converged,True,"[1.1083059234193806, 0.26645154661854686, 3.100324184142985, -2.519601703349271, -1.696219634663345, -3.7787210439007834]",59.580318450927734,0.9791641235351562,0.9791641235351562,59.580318450927734,0.0,3.9319999999997886,3.4319999999998436,4.931999999999679,149,0.07370980724895608,10.637839662555532,1.1695282000582665,,traces/static_ibvs_0096.npz
96,pbvs,small,static,converged,True,"[1.1083059234193806, 0.26645154661854686, 3.100324184142985, -2.519601703349271, -1.696219634663345, -3.7787210439007834]",59.580318450927734,0.7604507803916931,0.7604507803916931,59.580318450927734,0.0,4.531999999999723,4.031999999999778,5.531999999999613,167,0.20089936444959866,10.653056840440605,1.282163399970159,,traces/static_pbvs_0096.npz
96,open_loop,small,static,converged,True,"[1.1083059234193806, 0.26645154661854686, 3.100324184142985, -2.519601703349271, -1.696219634663345, -3.7787210439007834]",59.580318450927734,0.4893362522125244,0.4893362522125244,59.580318450927734,0.0,5.399999999999627,3.499999999999836,6.399999999999517,193,0.12364652928862477,10.662318833936416,1.4448546001221985,,traces/static_open_loop_0096.npz
97,ibvs,large,static,initial_out_of_view,False,"[-0.6052563043859287, 14.747760136519098, -2.836845609265648, -26.62981501271942, 3.3827708643267513, -6.728444818721968]",,,,,,0.0,,0.0,1,0.0,12.133737281142826,0.004289600066840649,,traces/static_ibvs_0097.npz
97,pbvs,large,static,initial_out_of_view,False,"[-0.6052563043859287, 14.747760136519098, -2.836845609265648, -26.62981501271942, 3.3827708643267513, -6.728444818721968]",,,,,,0.0,,0.0,1,0.0,12.133737281142826,0.003047599922865629,,traces/static_pbvs_0097.npz
97,open_loop,large,static,initial_out_of_view,False,"[-0.6052563043859287, 14.747760136519098, -2.836845609265648, -26.62981501271942, 3.3827708643267513, -6.728444818721968]",,,,,,0.0,,0.0,1,0.0,12.133737281142826,0.0034792001824826,,traces/static_open_loop_0097.npz
98,ibvs,small,static,converged,True,"[1.5052906694575006, 0.6219502894035278, -0.9535260444055531, 1.7924646021276462, -1.2654244302256537, -0.043440928567343384]",25.854969024658203,0.9533897042274475,0.9533897042274475,25.854969024658203,0.0,3.265999999999862,2.765999999999917,4.265999999999752,129,0.039565387005085606,10.755350765497582,1.0114980998914689,,traces/static_ibvs_0098.npz
98,pbvs,small,static,converged,True,"[1.5052906694575006, 0.6219502894035278, -0.9535260444055531, 1.7924646021276462, -1.2654244302256537, -0.043440928567343384]",25.854969024658203,0.9966878294944763,0.9966878294944763,25.854969024658203,0.0,3.4319999999998436,2.9319999999998987,4.431999999999734,134,0.1694441131379207,10.755350765497582,0.9682575999759138,,traces/static_pbvs_0098.npz
98,open_loop,small,static,converged,True,"[1.5052906694575006, 0.6219502894035278, -0.9535260444055531, 1.7924646021276462, -1.2654244302256537, -0.043440928567343384]",25.854969024658203,0.265208899974823,0.265208899974823,25.854969024658203,0.0,4.865999999999686,2.6319999999999317,5.865999999999576,177,0.07759874856647359,10.755350765497582,1.3251805999316275,,traces/static_open_loop_0098.npz
99,ibvs,large,static,initial_out_of_view,False,"[-10.718029618630851, 15.876744135086483, 23.790902828864112, 1.4298252602111496, -12.037141734974808, -3.1724543735195994]",,,,,,0.0,,0.0,1,0.0,8.668296416658903,0.0027989998925477266,,traces/static_ibvs_0099.npz
99,pbvs,large,static,initial_out_of_view,False,"[-10.718029618630851, 15.876744135086483, 23.790902828864112, 1.4298252602111496, -12.037141734974808, -3.1724543735195994]",,,,,,0.0,,0.0,1,0.0,8.668296416658903,0.0025679999962449074,,traces/static_pbvs_0099.npz
99,open_loop,large,static,initial_out_of_view,False,"[-10.718029618630851, 15.876744135086483, 23.790902828864112, 1.4298252602111496, -12.037141734974808, -3.1724543735195994]",,,,,,0.0,,0.0,1,0.0,8.668296416658903,0.0023314999416470528,,traces/static_open_loop_0099.npz
100,ibvs,large,static,initial_out_of_view,False,"[-1.8770345493793563, 17.251764908040457, -16.2497467634516, -4.766994438363643, 7.043219327669423, 21.917852245379834]",,,,,,0.0,,0.0,1,0.0,13.132637948950446,0.0038638999685645103,,traces/static_ibvs_0100.npz
100,pbvs,large,static,initial_out_of_view,False,"[-1.8770345493793563, 17.251764908040457, -16.2497467634516, -4.766994438363643, 7.043219327669423, 21.917852245379834]",,,,,,0.0,,0.0,1,0.0,13.132637948950446,0.004378199810162187,,traces/static_pbvs_0100.npz
100,open_loop,large,static,initial_out_of_view,False,"[-1.8770345493793563, 17.251764908040457, -16.2497467634516, -4.766994438363643, 7.043219327669423, 21.917852245379834]",,,,,,0.0,,0.0,1,0.0,13.132637948950446,0.002861000131815672,,traces/static_open_loop_0100.npz
101,ibvs,small,static,converged,True,"[2.9823043767688775, -2.580181674170531, -0.02159400945097012, -1.4933772053100034, 0.5068354290937855, 3.2286445925387985]",90.72429656982422,0.9615237712860107,0.9615237712860107,90.72429656982422,0.0,4.2999999999997485,3.799999999999803,5.299999999999638,160,0.08785679718848889,10.69434348500278,1.1966224999632686,,traces/static_ibvs_0101.npz
101,pbvs,small,static,converged,True,"[2.9823043767688775, -2.580181674170531, -0.02159400945097012, -1.4933772053100034, 0.5068354290937855, 3.2286445925387985]",90.72429656982422,0.8410969972610474,0.8410969972610474,90.72429656982422,0.0,4.699999999999704,4.1999999999997595,5.699999999999594,172,0.19674755611993333,10.660776524234391,1.2893286000471562,,traces/static_pbvs_0101.npz
101,open_loop,small,static,converged,True,"[2.9823043767688775, -2.580181674170531, -0.02159400945097012, -1.4933772053100034, 0.5068354290937855, 3.2286445925387985]",90.72429656982422,0.6745379567146301,0.6745379567146301,90.72429656982422,0.0,5.665999999999598,3.965999999999785,6.665999999999488,201,0.08495973040797715,10.675382167088285,1.43196010007523,,traces/static_open_loop_0101.npz
102,ibvs,small,static,initial_out_of_view,False,"[-0.9436896205496415, -2.52069404854485, -1.6124233645467987, -3.2994862453950917, -2.9528746912914356, 2.038803266265708]",,,,,,0.0,,0.0,1,0.0,10.834861088057496,0.0026770001277327538,,traces/static_ibvs_0102.npz
102,pbvs,small,static,initial_out_of_view,False,"[-0.9436896205496415, -2.52069404854485, -1.6124233645467987, -3.2994862453950917, -2.9528746912914356, 2.038803266265708]",,,,,,0.0,,0.0,1,0.0,10.834861088057496,0.002024599816650152,,traces/static_pbvs_0102.npz
102,open_loop,small,static,initial_out_of_view,False,"[-0.9436896205496415, -2.52069404854485, -1.6124233645467987, -3.2994862453950917, -2.9528746912914356, 2.038803266265708]",,,,,,0.0,,0.0,1,0.0,10.834861088057496,0.0031942001078277826,,traces/static_open_loop_0102.npz
103,ibvs,large,static,initial_out_of_view,False,"[-9.672227227070154, 14.633123255414752, 14.912258765645888, -14.65922286928138, -11.85473671835925, -16.757805142776874]",,,,,,0.0,,0.0,1,0.0,9.320315592580602,0.0040963999927043915,,traces/static_ibvs_0103.npz
103,pbvs,large,static,initial_out_of_view,False,"[-9.672227227070154, 14.633123255414752, 14.912258765645888, -14.65922286928138, -11.85473671835925, -16.757805142776874]",,,,,,0.0,,0.0,1,0.0,9.320315592580602,0.0036385999992489815,,traces/static_pbvs_0103.npz
103,open_loop,large,static,initial_out_of_view,False,"[-9.672227227070154, 14.633123255414752, 14.912258765645888, -14.65922286928138, -11.85473671835925, -16.757805142776874]",,,,,,0.0,,0.0,1,0.0,9.320315592580602,0.0035983999259769917,,traces/static_open_loop_0103.npz
104,ibvs,large,static,initial_out_of_view,False,"[-3.084956381232045, 1.4295235521086802, 15.523471440770876, 27.553271475731194, 15.187262393037656, 13.617711126041627]",,,,,,0.0,,0.0,1,0.0,14.921233312303665,0.0034250998869538307,,traces/static_ibvs_0104.npz
104,pbvs,large,static,initial_out_of_view,False,"[-3.084956381232045, 1.4295235521086802, 15.523471440770876, 27.553271475731194, 15.187262393037656, 13.617711126041627]",,,,,,0.0,,0.0,1,0.0,14.921233312303665,0.0038972001057118177,,traces/static_pbvs_0104.npz
104,open_loop,large,static,initial_out_of_view,False,"[-3.084956381232045, 1.4295235521086802, 15.523471440770876, 27.553271475731194, 15.187262393037656, 13.617711126041627]",,,,,,0.0,,0.0,1,0.0,14.921233312303665,0.002968000015243888,,traces/static_open_loop_0104.npz
105,ibvs,large,static,initial_out_of_view,False,"[-2.444007404982436, 5.992353394482347, -17.48092876183369, 29.304586967762432, 14.404643209954052, -8.263974759919762]",,,,,,0.0,,0.0,1,0.0,17.02998028096013,0.002879000036045909,,traces/static_ibvs_0105.npz
105,pbvs,large,static,initial_out_of_view,False,"[-2.444007404982436, 5.992353394482347, -17.48092876183369, 29.304586967762432, 14.404643209954052, -8.263974759919762]",,,,,,0.0,,0.0,1,0.0,17.02998028096013,0.0026215999387204647,,traces/static_pbvs_0105.npz
105,open_loop,large,static,initial_out_of_view,False,"[-2.444007404982436, 5.992353394482347, -17.48092876183369, 29.304586967762432, 14.404643209954052, -8.263974759919762]",,,,,,0.0,,0.0,1,0.0,17.02998028096013,0.0023497999645769596,,traces/static_open_loop_0105.npz
106,ibvs,small,static,converged,True,"[2.647508729014019, 1.2156055929912242, -3.1090503167551944, 0.008386984730910818, -1.1298767507244607, 1.1252978003070986]",71.38233947753906,0.9435878992080688,0.9435878992080688,71.38233947753906,0.0,4.131999999999767,3.6319999999998216,5.131999999999657,155,0.0551365319360168,11.012310570316739,1.095382999861613,,traces/static_ibvs_0106.npz
106,pbvs,small,static,converged,True,"[2.647508729014019, 1.2156055929912242, -3.1090503167551944, 0.008386984730910818, -1.1298767507244607, 1.1252978003070986]",71.38233947753906,0.9516610503196716,0.9516610503196716,71.38233947753906,0.0,4.365999999999741,3.865999999999796,5.365999999999631,162,0.14550262136375988,11.012310570316739,1.1422707999590784,,traces/static_pbvs_0106.npz
106,open_loop,small,static,converged,True,"[2.647508729014019, 1.2156055929912242, -3.1090503167551944, 0.008386984730910818, -1.1298767507244607, 1.1252978003070986]",71.38233947753906,0.7660782933235168,0.7660782933235168,71.38233947753906,0.0,5.499999999999616,3.865999999999796,6.499999999999506,196,0.07986447665569847,11.012310570316739,1.5017325999215245,,traces/static_open_loop_0106.npz
107,ibvs,small,static,converged,True,"[-0.23419315678010122, -1.7358087528391521, 0.5797141929088658, 0.14938537196695822, -1.76485018305447, 0.26042380145242205]",48.28383255004883,0.9305139780044556,0.9305139780044556,48.28383255004883,0.0,3.865999999999796,3.365999999999851,4.865999999999686,147,0.04375469246143296,10.643759347898873,1.1509139998815954,,traces/static_ibvs_0107.npz
107,pbvs,small,static,converged,True,"[-0.23419315678010122, -1.7358087528391521, 0.5797141929088658, 0.14938537196695822, -1.76485018305447, 0.26042380145242205]",48.28383255004883,0.9866815805435181,0.9866815805435181,48.28383255004883,0.0,3.9319999999997886,3.4319999999998436,4.931999999999679,149,0.1653172968917141,10.661993362148749,1.099110099952668,,traces/static_pbvs_0107.npz
107,open_loop,small,static,converged,True,"[-0.23419315678010122, -1.7358087528391521, 0.5797141929088658, 0.14938537196695822, -1.76485018305447, 0.26042380145242205]",48.28383255004883,0.679143488407135,0.679143488407135,48.28383255004883,0.0,5.131999999999657,3.46599999999984,6.131999999999547,185,0.05825816825977034,10.66412756007248,1.3799302000552416,,traces/static_open_loop_0107.npz
108,ibvs,small,static,converged,True,"[-2.5412661515660675, 1.3878123259903905, -1.8987603563966742, 0.501404158675057, -2.618812981808472, -2.5024740516782478]",68.58834838867188,0.9402055144309998,0.9402055144309998,68.58834838867188,0.0,4.131999999999767,3.6319999999998216,5.131999999999657,155,0.05301007704216762,10.857910305457606,1.1352058998309076,,traces/static_ibvs_0108.npz
108,pbvs,small,static,converged,True,"[-2.5412661515660675, 1.3878123259903905, -1.8987603563966742, 0.501404158675057, -2.618812981808472, -2.5024740516782478]",68.58834838867188,0.8436046242713928,0.8436046242713928,68.58834838867188,0.0,4.231999999999756,3.7319999999998106,5.231999999999646,158,0.15694550869336255,10.857910305457606,1.1936979999300092,,traces/static_pbvs_0108.npz
108,open_loop,small,static,converged,True,"[-2.5412661515660675, 1.3878123259903905, -1.8987603563966742, 0.501404158675057, -2.618812981808472, -2.5024740516782478]",68.58834838867188,0.41136541962623596,0.41136541962623596,68.58834838867188,0.0,5.299999999999638,3.565999999999829,6.299999999999528,190,0.08079138317951917,10.857910305457606,1.3877568999305367,,traces/static_open_loop_0108.npz
109,ibvs,medium,static,initial_out_of_view,False,"[-5.9317592117549385, -1.1609901209989104, 3.077672940879845, -8.174935852857836, 4.842877584668731, -4.914494365792966]",,,,,,0.0,,0.0,1,0.0,10.854652559362993,0.0023169999476522207,,traces/static_ibvs_0109.npz
109,pbvs,medium,static,initial_out_of_view,False,"[-5.9317592117549385, -1.1609901209989104, 3.077672940879845, -8.174935852857836, 4.842877584668731, -4.914494365792966]",,,,,,0.0,,0.0,1,0.0,10.854652559362993,0.002762999851256609,,traces/static_pbvs_0109.npz
109,open_loop,medium,static,initial_out_of_view,False,"[-5.9317592117549385, -1.1609901209989104, 3.077672940879845, -8.174935852857836, 4.842877584668731, -4.914494365792966]",,,,,,0.0,,0.0,1,0.0,10.854652559362993,0.00257060001604259,,traces/static_open_loop_0109.npz
110,ibvs,small,static,converged,True,"[-2.3307731813961374, 0.4687346728668653, -0.07349853103881188, -1.6909822218097714, -0.10957170278243877, -2.872624019246932]",39.72669982910156,0.9694738388061523,0.9694738388061523,39.72669982910156,0.0,3.5319999999998326,3.0319999999998877,4.531999999999723,137,0.055798288549217256,10.658425198301,1.0413918998092413,,traces/static_ibvs_0110.npz
110,pbvs,small,static,converged,True,"[-2.3307731813961374, 0.4687346728668653, -0.07349853103881188, -1.6909822218097714, -0.10957170278243877, -2.872624019246932]",39.72669982910156,0.9799013733863831,0.9799013733863831,39.72669982910156,0.0,3.665999999999818,3.165999999999873,4.665999999999708,141,0.17721507704370262,10.663311220158896,1.0238396001514047,,traces/static_pbvs_0110.npz
110,open_loop,small,static,converged,True,"[-2.3307731813961374, 0.4687346728668653, -0.07349853103881188, -1.6909822218097714, -0.10957170278243877, -2.872624019246932]",39.72669982910156,0.6431683301925659,0.6431683301925659,39.72669982910156,0.0,4.999999999999671,3.265999999999862,5.999999999999561,181,0.11036401181795913,10.672076820377164,1.3138240999542177,,traces/static_open_loop_0110.npz
111,ibvs,medium,static,initial_out_of_view,False,"[-6.4797711994940155, 4.476898236992259, 8.895348049570874, 0.21878274359692185, -0.10830700712589092, 5.573083425581402]",,,,,,0.0,,0.0,1,0.0,9.743007626953489,0.0027528000064194202,,traces/static_ibvs_0111.npz
111,pbvs,medium,static,initial_out_of_view,False,"[-6.4797711994940155, 4.476898236992259, 8.895348049570874, 0.21878274359692185, -0.10830700712589092, 5.573083425581402]",,,,,,0.0,,0.0,1,0.0,9.743007626953489,0.00344660016708076,,traces/static_pbvs_0111.npz
111,open_loop,medium,static,initial_out_of_view,False,"[-6.4797711994940155, 4.476898236992259, 8.895348049570874, 0.21878274359692185, -0.10830700712589092, 5.573083425581402]",,,,,,0.0,,0.0,1,0.0,9.743007626953489,0.0027238999027758837,,traces/static_open_loop_0111.npz
112,ibvs,small,static,converged,True,"[0.7432802729685788, 0.6151306293586662, -1.0235709545321585, 2.4595373373215894, -1.718977762986883, 2.201031863437371]",27.411720275878906,0.9880030751228333,0.9880030751228333,27.411720275878906,0.0,3.3319999999998546,2.8319999999999097,4.331999999999745,131,0.06004888452553862,10.76551589596748,0.9929824001155794,,traces/static_ibvs_0112.npz
112,pbvs,small,static,converged,True,"[0.7432802729685788, 0.6151306293586662, -1.0235709545321585, 2.4595373373215894, -1.718977762986883, 2.201031863437371]",27.411720275878906,0.8596656322479248,0.8596656322479248,27.411720275878906,0.0,3.365999999999851,2.865999999999906,4.365999999999741,132,0.21473123749969206,10.76551589596748,0.9394714999943972,,traces/static_pbvs_0112.npz
112,open_loop,small,static,open_loop_residual,True,"[0.7432802729685788, 0.6151306293586662, -1.0235709545321585, 2.4595373373215894, -1.718977762986883, 2.201031863437371]",27.411720275878906,1.240600347518921,1.240600347518921,27.411720275878906,0.0,5.065999999999664,,6.065999999999554,183,0.20953302839576532,10.785708813480966,1.3745990998577327,,traces/static_open_loop_0112.npz
113,ibvs,medium,static,converged,True,"[0.32600360456969923, -0.5800307084211074, -3.263831005893893, -6.7720941872771006, 6.499263524362574, 6.636056417862672]",53.209999084472656,0.977003276348114,0.977003276348114,53.209999084472656,0.0,4.031999999999778,3.5319999999998326,5.031999999999668,152,0.1409593563775694,11.39613851163641,1.17096360004507,,traces/static_ibvs_0113.npz
113,pbvs,medium,static,converged,True,"[0.32600360456969923, -0.5800307084211074, -3.263831005893893, -6.7720941872771006, 6.499263524362574, 6.636056417862672]",53.209999084472656,0.9925139546394348,0.9925139546394348,53.209999084472656,0.0,4.065999999999774,3.565999999999829,5.065999999999664,153,0.1474422330030699,11.39613851163641,1.1925061999354511,,traces/static_pbvs_0113.npz
113,open_loop,medium,static,converged,True,"[0.32600360456969923, -0.5800307084211074, -3.263831005893893, -6.7720941872771006, 6.499263524362574, 6.636056417862672]",53.209999084472656,0.8944554328918457,0.8944554328918457,53.209999084472656,0.0,5.231999999999646,3.865999999999796,6.231999999999536,188,0.11805427399989948,11.39613851163641,1.3993912001606077,,traces/static_open_loop_0113.npz
114,ibvs,large,static,initial_out_of_view,False,"[9.33099295327668, -12.569459991355126, -14.269119294732214, 12.657750058823169, 8.74418127857125, 28.247657622770575]",,,,,,0.0,,0.0,1,0.0,13.47144050193675,0.0032184000592678785,,traces/static_ibvs_0114.npz
114,pbvs,large,static,initial_out_of_view,False,"[9.33099295327668, -12.569459991355126, -14.269119294732214, 12.657750058823169, 8.74418127857125, 28.247657622770575]",,,,,,0.0,,0.0,1,0.0,13.47144050193675,0.003295399947091937,,traces/static_pbvs_0114.npz
114,open_loop,large,static,initial_out_of_view,False,"[9.33099295327668, -12.569459991355126, -14.269119294732214, 12.657750058823169, 8.74418127857125, 28.247657622770575]",,,,,,0.0,,0.0,1,0.0,13.47144050193675,0.002249599900096655,,traces/static_open_loop_0114.npz
115,ibvs,small,static,converged,True,"[1.1126173222322908, 2.085725249266652, 3.1078903927641433, -1.4419103787969663, 0.30047741079409773, 2.0479786377212843]",104.96031951904297,0.9818360209465027,0.9818360209465027,104.96031951904297,0.0,4.331999999999745,3.8319999999997996,5.331999999999635,161,0.10835039615183106,10.643669499569338,1.264404800022021,,traces/static_ibvs_0115.npz
115,pbvs,small,static,converged,True,"[1.1126173222322908, 2.085725249266652, 3.1078903927641433, -1.4419103787969663, 0.30047741079409773, 2.0479786377212843]",104.96031951904297,0.9750381112098694,0.9750381112098694,104.96031951904297,0.0,4.631999999999712,4.131999999999767,5.631999999999602,170,0.16089493195477333,10.662129167638776,1.280543199973181,,traces/static_pbvs_0115.npz
115,open_loop,small,static,converged,True,"[1.1126173222322908, 2.085725249266652, 3.1078903927641433, -1.4419103787969663, 0.30047741079409773, 2.0479786377212843]",104.96031951904297,0.5331235527992249,0.5331235527992249,104.96031951904297,0.0,5.799999999999583,3.865999999999796,6.799999999999473,205,0.06650001018280002,10.66804174676166,1.6142389001324773,,traces/static_open_loop_0115.npz
116,ibvs,large,static,initial_out_of_view,False,"[5.0078992679781145, 0.09988169998300478, -23.729274646014254, -12.767291404376802, -6.583745035102041, 2.2403274217979785]",,,,,,0.0,,0.0,1,0.0,14.69587228444442,0.0031987999100238085,,traces/static_ibvs_0116.npz
116,pbvs,large,static,initial_out_of_view,False,"[5.0078992679781145, 0.09988169998300478, -23.729274646014254, -12.767291404376802, -6.583745035102041, 2.2403274217979785]",,,,,,0.0,,0.0,1,0.0,14.69587228444442,0.0022931001149117947,,traces/static_pbvs_0116.npz
116,open_loop,large,static,initial_out_of_view,False,"[5.0078992679781145, 0.09988169998300478, -23.729274646014254, -12.767291404376802, -6.583745035102041, 2.2403274217979785]",,,,,,0.0,,0.0,1,0.0,14.69587228444442,0.002327800029888749,,traces/static_open_loop_0116.npz
117,ibvs,large,static,initial_out_of_view,False,"[3.748690798737549, 0.2050614379978697, 23.75356289246229, 15.372097825633006, 2.731682900900587, 17.069656644228353]",,,,,,0.0,,0.0,1,0.0,10.516560144621133,0.0035139000974595547,,traces/static_ibvs_0117.npz
117,pbvs,large,static,initial_out_of_view,False,"[3.748690798737549, 0.2050614379978697, 23.75356289246229, 15.372097825633006, 2.731682900900587, 17.069656644228353]",,,,,,0.0,,0.0,1,0.0,10.516560144621133,0.0031433000694960356,,traces/static_pbvs_0117.npz
117,open_loop,large,static,initial_out_of_view,False,"[3.748690798737549, 0.2050614379978697, 23.75356289246229, 15.372097825633006, 2.731682900900587, 17.069656644228353]",,,,,,0.0,,0.0,1,0.0,10.516560144621133,0.0031190000008791685,,traces/static_open_loop_0117.npz
118,ibvs,small,static,converged,True,"[0.7242184556297468, -0.7427529786358225, -2.2819664413209555, 1.9030590426546574, -2.851378927319136, 3.3460314357578023]",91.26128387451172,0.9668840169906616,0.9668840169906616,91.26128387451172,0.0,4.365999999999741,3.865999999999796,5.365999999999631,162,0.12287103730358835,10.907945867334542,1.2851034998893738,,traces/static_ibvs_0118.npz
118,pbvs,small,static,converged,True,"[0.7242184556297468, -0.7427529786358225, -2.2819664413209555, 1.9030590426546574, -2.851378927319136, 3.3460314357578023]",91.26128387451172,0.9940083026885986,0.9940083026885986,91.26128387451172,0.0,4.3999999999997375,3.899999999999792,5.399999999999627,163,0.17483257846592193,10.907450372297832,1.2060149000026286,,traces/static_pbvs_0118.npz
118,open_loop,small,static,converged,True,"[0.7242184556297468, -0.7427529786358225, -2.2819664413209555, 1.9030590426546574, -2.851378927319136, 3.3460314357578023]",91.26128387451172,0.8559130430221558,0.8559130430221558,91.26128387451172,0.0,5.365999999999631,4.065999999999774,6.365999999999521,192,0.11545555479298028,10.907450372297832,1.4497821000404656,,traces/static_open_loop_0118.npz
119,ibvs,large,static,initial_out_of_view,False,"[6.131773654842451, 8.145784129101585, -12.324260674930015, 13.875212860751105, 16.727561382837095, -19.256969430055115]",,,,,,0.0,,0.0,1,0.0,15.338412243257007,0.003645499935373664,,traces/static_ibvs_0119.npz
119,pbvs,large,static,initial_out_of_view,False,"[6.131773654842451, 8.145784129101585, -12.324260674930015, 13.875212860751105, 16.727561382837095, -19.256969430055115]",,,,,,0.0,,0.0,1,0.0,15.338412243257007,0.002047399990260601,,traces/static_pbvs_0119.npz
119,open_loop,large,static,initial_out_of_view,False,"[6.131773654842451, 8.145784129101585, -12.324260674930015, 13.875212860751105, 16.727561382837095, -19.256969430055115]",,,,,,0.0,,0.0,1,0.0,15.338412243257007,0.002055299933999777,,traces/static_open_loop_0119.npz
120,ibvs,large,static,initial_out_of_view,False,"[-2.1614096191718506, -0.5212091566605075, 22.52322467931107, 20.325120573970104, 11.795658658137036, 10.760660415433328]",,,,,,0.0,,0.0,1,0.0,12.955710109989425,0.002844299888238311,,traces/static_ibvs_0120.npz
120,pbvs,large,static,initial_out_of_view,False,"[-2.1614096191718506, -0.5212091566605075, 22.52322467931107, 20.325120573970104, 11.795658658137036, 10.760660415433328]",,,,,,0.0,,0.0,1,0.0,12.955710109989425,0.002518000081181526,,traces/static_pbvs_0120.npz
120,open_loop,large,static,initial_out_of_view,False,"[-2.1614096191718506, -0.5212091566605075, 22.52322467931107, 20.325120573970104, 11.795658658137036, 10.760660415433328]",,,,,,0.0,,0.0,1,0.0,12.955710109989425,0.0029709001537412405,,traces/static_open_loop_0120.npz
121,ibvs,large,static,initial_out_of_view,False,"[-16.883440496799768, -4.872994896593269, -18.30843637280271, -12.428830805656602, -9.135618800940174, -22.609439672606584]",,,,,,0.0,,0.0,1,0.0,13.45873620333558,0.0018108999356627464,,traces/static_ibvs_0121.npz
121,pbvs,large,static,initial_out_of_view,False,"[-16.883440496799768, -4.872994896593269, -18.30843637280271, -12.428830805656602, -9.135618800940174, -22.609439672606584]",,,,,,0.0,,0.0,1,0.0,13.45873620333558,0.0018806001171469688,,traces/static_pbvs_0121.npz
121,open_loop,large,static,initial_out_of_view,False,"[-16.883440496799768, -4.872994896593269, -18.30843637280271, -12.428830805656602, -9.135618800940174, -22.609439672606584]",,,,,,0.0,,0.0,1,0.0,13.45873620333558,0.002370300004258752,,traces/static_open_loop_0121.npz
122,ibvs,medium,static,converged,True,"[-5.401231541788867, 1.027272851047421, 7.83916454556563, 3.3675730949560627, -6.649526134369124, 6.837598906765933]",157.72198486328125,0.9876469969749451,0.9876469969749451,157.72198486328125,0.0,4.765999999999697,4.265999999999752,5.765999999999587,174,0.22759525051760277,10.639869363309385,1.4184942999854684,,traces/static_ibvs_0122.npz
122,pbvs,medium,static,converged,True,"[-5.401231541788867, 1.027272851047421, 7.83916454556563, 3.3675730949560627, -6.649526134369124, 6.837598906765933]",157.72198486328125,0.9041858911514282,0.9041858911514282,157.72198486328125,0.0,4.631999999999712,4.131999999999767,5.631999999999602,170,0.15826403879303674,10.635551803620368,1.3536807000637054,,traces/static_pbvs_0122.npz
122,open_loop,medium,static,converged,True,"[-5.401231541788867, 1.027272851047421, 7.83916454556563, 3.3675730949560627, -6.649526134369124, 6.837598906765933]",157.72198486328125,0.47549301385879517,0.47549301385879517,157.72198486328125,0.0,6.165999999999543,4.331999999999745,7.165999999999433,216,0.13149635572294507,10.668611987106814,1.6089769001118839,,traces/static_open_loop_0122.npz
123,ibvs,large,static,initial_out_of_view,False,"[11.352722621740998, -0.928445119649826, 23.290806517079936, 9.822945240934956, 15.869055605880362, 18.385451153756662]",,,,,,0.0,,0.0,1,0.0,13.779362167242075,0.003959900001063943,,traces/static_ibvs_0123.npz
123,pbvs,large,static,initial_out_of_view,False,"[11.352722621740998, -0.928445119649826, 23.290806517079936, 9.822945240934956, 15.869055605880362, 18.385451153756662]",,,,,,0.0,,0.0,1,0.0,13.779362167242075,0.004446099977940321,,traces/static_pbvs_0123.npz
123,open_loop,large,static,initial_out_of_view,False,"[11.352722621740998, -0.928445119649826, 23.290806517079936, 9.822945240934956, 15.869055605880362, 18.385451153756662]",,,,,,0.0,,0.0,1,0.0,13.779362167242075,0.003964500036090612,,traces/static_open_loop_0123.npz
124,ibvs,small,static,converged,True,"[0.8213030579425569, -0.8035958293741841, 0.6263045770969482, 3.3850551658298924, -2.3492908594517985, -3.387003929826749]",34.82852554321289,0.9620283842086792,0.9620283842086792,34.82852554321289,0.0,3.6319999999998216,3.1319999999998767,4.631999999999712,140,0.06693881815964124,10.642883052789337,1.003212200012058,,traces/static_ibvs_0124.npz
124,pbvs,small,static,converged,True,"[0.8213030579425569, -0.8035958293741841, 0.6263045770969482, 3.3850551658298924, -2.3492908594517985, -3.387003929826749]",34.82852554321289,0.9974760413169861,0.9974760413169861,34.82852554321289,0.0,3.899999999999792,3.399999999999847,4.899999999999682,148,0.22431556278420506,10.641687585761018,1.1854924999643117,,traces/static_pbvs_0124.npz
124,open_loop,small,static,converged,True,"[0.8213030579425569, -0.8035958293741841, 0.6263045770969482, 3.3850551658298924, -2.3492908594517985, -3.387003929826749]",34.82852554321289,0.19983558356761932,0.19983558356761932,34.82852554321289,0.0,4.531999999999723,3.0319999999998877,5.531999999999613,167,0.06249199934656958,10.644364618016539,1.2276286000851542,,traces/static_open_loop_0124.npz
125,ibvs,small,static,converged,True,"[-2.6431562661632375, 1.2996090939231966, -2.7225364391140126, -0.4964657594253872, 1.9183289904544845, -1.0200363135929997]",54.88029098510742,0.9750921130180359,0.9750921130180359,54.88029098510742,0.0,3.865999999999796,3.365999999999851,4.865999999999686,147,0.056397022784639775,10.976824351341216,1.1607826000545174,,traces/static_ibvs_0125.npz
125,pbvs,small,static,converged,True,"[-2.6431562661632375, 1.2996090939231966, -2.7225364391140126, -0.4964657594253872, 1.9183289904544845, -1.0200363135929997]",54.88029098510742,0.8451006412506104,0.8451006412506104,54.88029098510742,0.0,3.9319999999997886,3.4319999999998436,4.931999999999679,149,0.12158778442912357,10.976824351341216,1.136199199827388,,traces/static_pbvs_0125.npz
125,open_loop,small,static,converged,True,"[-2.6431562661632375, 1.2996090939231966, -2.7225364391140126, -0.4964657594253872, 1.9183289904544845, -1.0200363135929997]",54.88029098510742,0.5537256002426147,0.5537256002426147,54.88029098510742,0.0,5.265999999999642,3.365999999999851,6.265999999999532,189,0.06464433446875872,10.976824351341216,1.3713067998178303,,traces/static_open_loop_0125.npz
126,ibvs,large,static,initial_out_of_view,False,"[-9.822368847874229, 0.5207922696877993, -18.665985922141193, -5.282245867181807, 14.767564696262568, 8.792646917537375]",,,,,,0.0,,0.0,1,0.0,14.222308729600485,0.002582400105893612,,traces/static_ibvs_0126.npz
126,pbvs,large,static,initial_out_of_view,False,"[-9.822368847874229, 0.5207922696877993, -18.665985922141193, -5.282245867181807, 14.767564696262568, 8.792646917537375]",,,,,,0.0,,0.0,1,0.0,14.222308729600485,0.002827299991622567,,traces/static_pbvs_0126.npz
126,open_loop,large,static,initial_out_of_view,False,"[-9.822368847874229, 0.5207922696877993, -18.665985922141193, -5.282245867181807, 14.767564696262568, 8.792646917537375]",,,,,,0.0,,0.0,1,0.0,14.222308729600485,0.002042700070887804,,traces/static_open_loop_0126.npz
127,ibvs,small,static,converged,True,"[1.3331240378584708, 0.15150966387656872, 0.2931135587680398, -1.108334351210198, -2.601456350929049, -1.108853724021519]",43.789573669433594,0.9980005621910095,0.9980005621910095,43.789573669433594,0.0,3.7319999999998106,3.2319999999998656,4.731999999999701,143,0.06260263389286815,10.64413366803478,1.132252600044012,,traces/static_ibvs_0127.npz
127,pbvs,small,static,converged,True,"[1.3331240378584708, 0.15150966387656872, 0.2931135587680398, -1.108334351210198, -2.601456350929049, -1.108853724021519]",43.789573669433594,0.981689989566803,0.981689989566803,43.789573669433594,0.0,3.9319999999997886,3.4319999999998436,4.931999999999679,149,0.24757600935267954,10.646483988502194,1.1002080000471324,,traces/static_pbvs_0127.npz
127,open_loop,small,static,open_loop_residual,True,"[1.3331240378584708, 0.15150966387656872, 0.2931135587680398, -1.108334351210198, -2.601456350929049, -1.108853724021519]",43.789573669433594,1.0736805200576782,1.0736805200576782,43.789573669433594,0.0,5.231999999999646,,6.231999999999536,188,0.1156868661860197,10.73908854502156,1.3823023999575526,,traces/static_open_loop_0127.npz
128,ibvs,medium,static,initial_out_of_view,False,"[6.652588232472988, 4.0354509562351755, 8.69359511225396, 9.203393962633449, -5.2004247883303805, 2.206775643925157]",,,,,,0.0,,0.0,1,0.0,9.841199937419757,0.0033899000845849514,,traces/static_ibvs_0128.npz
128,pbvs,medium,static,initial_out_of_view,False,"[6.652588232472988, 4.0354509562351755, 8.69359511225396, 9.203393962633449, -5.2004247883303805, 2.206775643925157]",,,,,,0.0,,0.0,1,0.0,9.841199937419757,0.003176500089466572,,traces/static_pbvs_0128.npz
128,open_loop,medium,static,initial_out_of_view,False,"[6.652588232472988, 4.0354509562351755, 8.69359511225396, 9.203393962633449, -5.2004247883303805, 2.206775643925157]",,,,,,0.0,,0.0,1,0.0,9.841199937419757,0.002387499902397394,,traces/static_open_loop_0128.npz
129,ibvs,small,static,converged,True,"[-2.1071566387690837, 0.2771677929419214, 0.23742560479688546, 2.95621421066969, 1.4467841842199487, 0.8133085878162056]",73.13218688964844,0.9786071181297302,0.9786071181297302,73.13218688964844,0.0,4.165999999999763,3.665999999999818,5.165999999999653,156,0.05450938640818728,10.672362230619964,1.2606254999991506,,traces/static_ibvs_0129.npz
129,pbvs,small,static,converged,True,"[-2.1071566387690837, 0.2771677929419214, 0.23742560479688546, 2.95621421066969, 1.4467841842199487, 0.8133085878162056]",73.13218688964844,0.9615669250488281,0.9615669250488281,73.13218688964844,0.0,4.265999999999752,3.765999999999807,5.265999999999642,159,0.17962640056498774,10.670661022057944,1.3028057001065463,,traces/static_pbvs_0129.npz
129,open_loop,small,static,converged,True,"[-2.1071566387690837, 0.2771677929419214, 0.23742560479688546, 2.95621421066969, 1.4467841842199487, 0.8133085878162056]",73.13218688964844,0.5316291451454163,0.5316291451454163,73.13218688964844,0.0,5.265999999999642,3.7319999999998106,6.265999999999532,189,0.10630691252352793,10.656118919936915,1.423120099818334,,traces/static_open_loop_0129.npz
130,ibvs,small,static,converged,True,"[1.201795071970662, 1.64102911745867, -3.138962878775618, -3.376349134211929, 2.4779200014841445, -0.9098537170249257]",54.04005432128906,0.9737438559532166,0.9737438559532166,54.04005432128906,0.0,3.899999999999792,3.399999999999847,4.899999999999682,148,0.06701009533501026,11.061465522710863,1.1116276001557708,,traces/static_ibvs_0130.npz
130,pbvs,small,static,converged,True,"[1.201795071970662, 1.64102911745867, -3.138962878775618, -3.376349134211929, 2.4779200014841445, -0.9098537170249257]",54.04005432128906,0.9446418285369873,0.9446418285369873,54.04005432128906,0.0,3.999999999999781,3.499999999999836,4.999999999999671,151,0.15681648299524853,11.061465522710863,1.1275827998761088,,traces/static_pbvs_0130.npz
130,open_loop,small,static,converged,True,"[1.201795071970662, 1.64102911745867, -3.138962878775618, -3.376349134211929, 2.4779200014841445, -0.9098537170249257]",54.04005432128906,0.9960203766822815,0.9960203766822815,54.04005432128906,0.0,5.365999999999631,4.699999999999704,6.365999999999521,192,0.1119016356504994,11.061465522710863,1.4893211999442428,,traces/static_open_loop_0130.npz
131,ibvs,medium,static,initial_out_of_view,False,"[-1.2049147373126576, -5.776668319116228, 1.7945779407892655, -3.3548240231042694, -7.3269438043709325, 3.0384009092553725]",,,,,,0.0,,0.0,1,0.0,10.424075779836798,0.0036012001801282167,,traces/static_ibvs_0131.npz
131,pbvs,medium,static,initial_out_of_view,False,"[-1.2049147373126576, -5.776668319116228, 1.7945779407892655, -3.3548240231042694, -7.3269438043709325, 3.0384009092553725]",,,,,,0.0,,0.0,1,0.0,10.424075779836798,0.0022538001649081707,,traces/static_pbvs_0131.npz
131,open_loop,medium,static,initial_out_of_view,False,"[-1.2049147373126576, -5.776668319116228, 1.7945779407892655, -3.3548240231042694, -7.3269438043709325, 3.0384009092553725]",,,,,,0.0,,0.0,1,0.0,10.424075779836798,0.00216630008071661,,traces/static_open_loop_0131.npz
132,ibvs,small,static,converged,True,"[-2.5538462827930655, -1.8931628377977399, -1.9299059104958634, 1.9311102631492112, 0.6115879507123285, -2.0446169181305356]",97.96627807617188,0.9460691213607788,0.9460691213607788,97.96627807617188,0.0,4.365999999999741,3.865999999999796,5.365999999999631,162,0.07520966154034787,10.883340266920898,1.2958749998360872,,traces/static_ibvs_0132.npz
132,pbvs,small,static,converged,True,"[-2.5538462827930655, -1.8931628377977399, -1.9299059104958634, 1.9311102631492112, 0.6115879507123285, -2.0446169181305356]",97.96627807617188,0.9972552061080933,0.9972552061080933,97.96627807617188,0.0,5.131999999999657,4.631999999999712,6.131999999999547,185,0.13310214104378187,10.882214814808858,1.4015536999795586,,traces/static_pbvs_0132.npz
132,open_loop,small,static,converged,True,"[-2.5538462827930655, -1.8931628377977399, -1.9299059104958634, 1.9311102631492112, 0.6115879507123285, -2.0446169181305356]",97.96627807617188,0.546728253364563,0.546728253364563,97.96627807617188,0.0,5.565999999999609,3.999999999999781,6.565999999999499,198,0.10343871152415023,10.882214814808858,1.4546455999370664,,traces/static_open_loop_0132.npz
133,ibvs,small,static,converged,True,"[-2.5305975037018476, -2.6679506796484485, 2.756832581734507, 3.4276284170637323, -1.487841324220772, 0.7757867244218595]",84.97461700439453,0.9790807962417603,0.9790807962417603,84.97461700439453,0.0,4.265999999999752,3.765999999999807,5.265999999999642,159,0.08640511814255722,10.642058294993488,1.2215318998787552,,traces/static_ibvs_0133.npz
133,pbvs,small,static,converged,True,"[-2.5305975037018476, -2.6679506796484485, 2.756832581734507, 3.4276284170637323, -1.487841324220772, 0.7757867244218595]",84.97461700439453,0.9291168451309204,0.9291168451309204,84.97461700439453,0.0,4.0999999999997705,3.599999999999825,5.09999999999966,154,0.16805154208247433,10.638369176666677,1.1424889001064003,,traces/static_pbvs_0133.npz
133,open_loop,small,static,converged,True,"[-2.5305975037018476, -2.6679506796484485, 2.756832581734507, 3.4276284170637323, -1.487841324220772, 0.7757867244218595]",84.97461700439453,0.814656138420105,0.814656138420105,84.97461700439453,0.0,5.365999999999631,4.1999999999997595,6.365999999999521,192,0.1491711770563804,10.68894940275917,1.3837991999462247,,traces/static_open_loop_0133.npz
134,ibvs,large,static,initial_out_of_view,False,"[-13.909797444668293, 5.040134472298462, -12.117886027315205, 17.734117667583213, -14.617045150028352, -10.586765334437285]",,,,,,0.0,,0.0,1,0.0,12.317406657154912,0.0024319998919963837,,traces/static_ibvs_0134.npz
134,pbvs,large,static,initial_out_of_view,False,"[-13.909797444668293, 5.040134472298462, -12.117886027315205, 17.734117667583213, -14.617045150028352, -10.586765334437285]",,,,,,0.0,,0.0,1,0.0,12.317406657154912,0.001635099994018674,,traces/static_pbvs_0134.npz
134,open_loop,large,static,initial_out_of_view,False,"[-13.909797444668293, 5.040134472298462, -12.117886027315205, 17.734117667583213, -14.617045150028352, -10.586765334437285]",,,,,,0.0,,0.0,1,0.0,12.317406657154912,0.0018972998950630426,,traces/static_open_loop_0134.npz
135,ibvs,medium,static,converged,True,"[7.921082011292176, -3.028045015813234, 9.914061973572885, -2.2478841432867256, -5.148952969965983, -2.571643746412523]",183.00555419921875,0.9836642742156982,0.9836642742156982,183.00555419921875,0.0,4.931999999999679,4.431999999999734,5.931999999999569,179,0.2126203859918538,10.641858090369595,1.3117251999210566,,traces/static_ibvs_0135.npz
135,pbvs,medium,static,converged,True,"[7.921082011292176, -3.028045015813234, 9.914061973572885, -2.2478841432867256, -5.148952969965983, -2.571643746412523]",183.00555419921875,0.9221552610397339,0.9221552610397339,183.00555419921875,0.0,5.09999999999966,4.599999999999715,6.09999999999955,184,0.17292524424644207,10.643656456259775,1.4270685000810772,,traces/static_pbvs_0135.npz
135,open_loop,medium,static,converged,True,"[7.921082011292176, -3.028045015813234, 9.914061973572885, -2.2478841432867256, -5.148952969965983, -2.571643746412523]",183.00555419921875,0.472164511680603,0.472164511680603,183.00555419921875,0.0,6.365999999999521,4.431999999999734,7.365999999999411,222,0.17221531327628603,10.657539593197765,1.6795632999856025,,traces/static_open_loop_0135.npz
136,ibvs,large,static,initial_out_of_view,False,"[12.225173769326737, 3.729062702725269, -6.819374345263796, 5.639393344878876, -12.474544526452773, 27.945311484429027]",,,,,,0.0,,0.0,1,0.0,11.464177166094423,0.0020864999387413263,,traces/static_ibvs_0136.npz
136,pbvs,large,static,initial_out_of_view,False,"[12.225173769326737, 3.729062702725269, -6.819374345263796, 5.639393344878876, -12.474544526452773, 27.945311484429027]",,,,,,0.0,,0.0,1,0.0,11.464177166094423,0.002155900001525879,,traces/static_pbvs_0136.npz
136,open_loop,large,static,initial_out_of_view,False,"[12.225173769326737, 3.729062702725269, -6.819374345263796, 5.639393344878876, -12.474544526452773, 27.945311484429027]",,,,,,0.0,,0.0,1,0.0,11.464177166094423,0.001891900086775422,,traces/static_open_loop_0136.npz
137,ibvs,large,static,initial_out_of_view,False,"[-8.94745686314526, -7.77417004314629, 8.74156128973371, -28.784684768803242, -14.35967663088009, 27.055553279581666]",,,,,,0.0,,0.0,1,0.0,9.937578670098933,0.0020274000708013773,,traces/static_ibvs_0137.npz
137,pbvs,large,static,initial_out_of_view,False,"[-8.94745686314526, -7.77417004314629, 8.74156128973371, -28.784684768803242, -14.35967663088009, 27.055553279581666]",,,,,,0.0,,0.0,1,0.0,9.937578670098933,0.003063499927520752,,traces/static_pbvs_0137.npz
137,open_loop,large,static,initial_out_of_view,False,"[-8.94745686314526, -7.77417004314629, 8.74156128973371, -28.784684768803242, -14.35967663088009, 27.055553279581666]",,,,,,0.0,,0.0,1,0.0,9.937578670098933,0.0027852999046444893,,traces/static_open_loop_0137.npz
138,ibvs,large,static,initial_out_of_view,False,"[16.736361191196742, -11.004299578003632, 17.424966590579558, 0.37721902045062095, -13.754120344870662, -25.849415957021996]",,,,,,0.0,,0.0,1,0.0,9.019413732040226,0.002576699946075678,,traces/static_ibvs_0138.npz
138,pbvs,large,static,initial_out_of_view,False,"[16.736361191196742, -11.004299578003632, 17.424966590579558, 0.37721902045062095, -13.754120344870662, -25.849415957021996]",,,,,,0.0,,0.0,1,0.0,9.019413732040226,0.0032723001204431057,,traces/static_pbvs_0138.npz
138,open_loop,large,static,initial_out_of_view,False,"[16.736361191196742, -11.004299578003632, 17.424966590579558, 0.37721902045062095, -13.754120344870662, -25.849415957021996]",,,,,,0.0,,0.0,1,0.0,9.019413732040226,0.003259599907323718,,traces/static_open_loop_0138.npz
139,ibvs,medium,static,initial_out_of_view,False,"[-4.421699242625719, -0.2707063982953084, 9.503663694942478, -11.761275025322176, 7.392339752693898, 11.145233259395741]",,,,,,0.0,,0.0,1,0.0,11.373855703415302,0.0025794999673962593,,traces/static_ibvs_0139.npz
139,pbvs,medium,static,initial_out_of_view,False,"[-4.421699242625719, -0.2707063982953084, 9.503663694942478, -11.761275025322176, 7.392339752693898, 11.145233259395741]",,,,,,0.0,,0.0,1,0.0,11.373855703415302,0.0024621000047773123,,traces/static_pbvs_0139.npz
139,open_loop,medium,static,initial_out_of_view,False,"[-4.421699242625719, -0.2707063982953084, 9.503663694942478, -11.761275025322176, 7.392339752693898, 11.145233259395741]",,,,,,0.0,,0.0,1,0.0,11.373855703415302,0.00319429999217391,,traces/static_open_loop_0139.npz
140,ibvs,medium,static,initial_out_of_view,False,"[-2.7629633478681015, 2.6367585598441963, 9.704413370407242, 4.084583018902549, 3.5878522410626648, 11.495341935898018]",,,,,,0.0,,0.0,1,0.0,10.132218308791463,0.0023611998185515404,,traces/static_ibvs_0140.npz
140,pbvs,medium,static,initial_out_of_view,False,"[-2.7629633478681015, 2.6367585598441963, 9.704413370407242, 4.084583018902549, 3.5878522410626648, 11.495341935898018]",,,,,,0.0,,0.0,1,0.0,10.132218308791463,0.002878500148653984,,traces/static_pbvs_0140.npz
140,open_loop,medium,static,initial_out_of_view,False,"[-2.7629633478681015, 2.6367585598441963, 9.704413370407242, 4.084583018902549, 3.5878522410626648, 11.495341935898018]",,,,,,0.0,,0.0,1,0.0,10.132218308791463,0.002795400097966194,,traces/static_open_loop_0140.npz
141,ibvs,large,static,initial_out_of_view,False,"[-6.033988514414615, 5.1247637875961765, 18.83488945875228, -6.256793849967799, 4.112265901285678, 6.232470448050741]",,,,,,0.0,,0.0,1,0.0,10.176671431789655,0.00292200013063848,,traces/static_ibvs_0141.npz
141,pbvs,large,static,initial_out_of_view,False,"[-6.033988514414615, 5.1247637875961765, 18.83488945875228, -6.256793849967799, 4.112265901285678, 6.232470448050741]",,,,,,0.0,,0.0,1,0.0,10.176671431789655,0.0024935000110417604,,traces/static_pbvs_0141.npz
141,open_loop,large,static,initial_out_of_view,False,"[-6.033988514414615, 5.1247637875961765, 18.83488945875228, -6.256793849967799, 4.112265901285678, 6.232470448050741]",,,,,,0.0,,0.0,1,0.0,10.176671431789655,0.002528199926018715,,traces/static_open_loop_0141.npz
142,ibvs,medium,static,initial_out_of_view,False,"[6.652220456962169, -6.228744665876716, -6.327796008242572, -8.8279499551399, -2.3995616976373775, 9.101469950962482]",,,,,,0.0,,0.0,1,0.0,11.515206537933741,0.0019232998602092266,,traces/static_ibvs_0142.npz
142,pbvs,medium,static,initial_out_of_view,False,"[6.652220456962169, -6.228744665876716, -6.327796008242572, -8.8279499551399, -2.3995616976373775, 9.101469950962482]",,,,,,0.0,,0.0,1,0.0,11.515206537933741,0.0026941001415252686,,traces/static_pbvs_0142.npz
142,open_loop,medium,static,initial_out_of_view,False,"[6.652220456962169, -6.228744665876716, -6.327796008242572, -8.8279499551399, -2.3995616976373775, 9.101469950962482]",,,,,,0.0,,0.0,1,0.0,11.515206537933741,0.0020936999935656786,,traces/static_open_loop_0142.npz
143,ibvs,medium,static,initial_out_of_view,False,"[-3.798739441836535, 2.5602917189405385, -5.142602500852885, 11.639905383510186, -4.781458001059869, -7.216490385336761]",,,,,,0.0,,0.0,1,0.0,11.365559835486053,0.002969800028949976,,traces/static_ibvs_0143.npz
143,pbvs,medium,static,initial_out_of_view,False,"[-3.798739441836535, 2.5602917189405385, -5.142602500852885, 11.639905383510186, -4.781458001059869, -7.216490385336761]",,,,,,0.0,,0.0,1,0.0,11.365559835486053,0.0021418998949229717,,traces/static_pbvs_0143.npz
143,open_loop,medium,static,initial_out_of_view,False,"[-3.798739441836535, 2.5602917189405385, -5.142602500852885, 11.639905383510186, -4.781458001059869, -7.216490385336761]",,,,,,0.0,,0.0,1,0.0,11.365559835486053,0.0023646000772714615,,traces/static_open_loop_0143.npz
144,ibvs,small,static,converged,True,"[1.8395103952293708, -1.487716859277303, -2.1034258715683762, 2.956199154227863, 1.4641138287138675, 2.9180485608397797]",56.52314376831055,0.9962051510810852,0.9962051510810852,56.52314376831055,0.0,3.799999999999803,3.299999999999858,4.799999999999693,145,0.08494415735021335,10.920534676155722,1.1376900000032037,,traces/static_ibvs_0144.npz
144,pbvs,small,static,converged,True,"[1.8395103952293708, -1.487716859277303, -2.1034258715683762, 2.956199154227863, 1.4641138287138675, 2.9180485608397797]",56.52314376831055,0.8811094164848328,0.8811094164848328,56.52314376831055,0.0,3.999999999999781,3.499999999999836,4.999999999999671,151,0.17161981769648127,10.920534676155722,1.2960093000438064,,traces/static_pbvs_0144.npz
144,open_loop,small,static,converged,True,"[1.8395103952293708, -1.487716859277303, -2.1034258715683762, 2.956199154227863, 1.4641138287138675, 2.9180485608397797]",56.52314376831055,0.8431785106658936,0.8431785106658936,56.52314376831055,0.0,5.399999999999627,3.599999999999825,6.399999999999517,193,0.1583156357505146,10.920534676155722,1.6547071998938918,,traces/static_open_loop_0144.npz
145,ibvs,small,static,initial_out_of_view,False,"[-2.6222646488572954, -2.698254522949591, -3.7169134701405744, -2.340896649514284, -1.81853223766552, -3.528181546246709]",,,,,,0.0,,0.0,1,0.0,11.093506738174158,0.004926599794998765,,traces/static_ibvs_0145.npz
145,pbvs,small,static,initial_out_of_view,False,"[-2.6222646488572954, -2.698254522949591, -3.7169134701405744, -2.340896649514284, -1.81853223766552, -3.528181546246709]",,,,,,0.0,,0.0,1,0.0,11.093506738174158,0.0029682000167667866,,traces/static_pbvs_0145.npz
145,open_loop,small,static,initial_out_of_view,False,"[-2.6222646488572954, -2.698254522949591, -3.7169134701405744, -2.340896649514284, -1.81853223766552, -3.528181546246709]",,,,,,0.0,,0.0,1,0.0,11.093506738174158,0.0026865999680012465,,traces/static_open_loop_0145.npz
146,ibvs,large,static,initial_out_of_view,False,"[-10.294186117290728, -17.600042626142116, -21.71194325122179, 6.047549467670699, 0.4677948784090127, 10.019543412027346]",,,,,,0.0,,0.0,1,0.0,14.211700165332774,0.002199099864810705,,traces/static_ibvs_0146.npz
146,pbvs,large,static,initial_out_of_view,False,"[-10.294186117290728, -17.600042626142116, -21.71194325122179, 6.047549467670699, 0.4677948784090127, 10.019543412027346]",,,,,,0.0,,0.0,1,0.0,14.211700165332774,0.002386499894782901,,traces/static_pbvs_0146.npz
146,open_loop,large,static,initial_out_of_view,False,"[-10.294186117290728, -17.600042626142116, -21.71194325122179, 6.047549467670699, 0.4677948784090127, 10.019543412027346]",,,,,,0.0,,0.0,1,0.0,14.211700165332774,0.0017391000874340534,,traces/static_open_loop_0146.npz
147,ibvs,large,static,converged,True,"[6.238503027374438, -6.3562756536577325, 1.6463113197886692, 27.691305684430752, 6.163298411944986, -29.379886886732436]",48.94014358520508,0.9963602423667908,0.9963602423667908,48.94014358520508,0.0,4.499999999999726,3.999999999999781,5.499999999999616,166,0.35000000000000003,12.547332755779872,1.564750700024888,,traces/static_ibvs_0147.npz
147,pbvs,large,static,converged,True,"[6.238503027374438, -6.3562756536577325, 1.6463113197886692, 27.691305684430752, 6.163298411944986, -29.379886886732436]",48.94014358520508,0.9813069105148315,0.9813069105148315,48.94014358520508,0.0,4.531999999999723,4.031999999999778,5.531999999999613,167,0.35000000000000003,12.547332755779872,1.4974295999854803,,traces/static_pbvs_0147.npz
147,open_loop,large,static,converged,True,"[6.238503027374438, -6.3562756536577325, 1.6463113197886692, 27.691305684430752, 6.163298411944986, -29.379886886732436]",48.94014358520508,0.6404080986976624,0.6404080986976624,48.94014358520508,0.0,6.331999999999525,4.231999999999756,7.3319999999994145,221,0.35,12.547332755779872,2.0056578000076115,,traces/static_open_loop_0147.npz
148,ibvs,small,static,converged,True,"[-2.8704067147596413, 1.1971528212321694, 1.6022362586636332, -0.33465582157437, 1.0854714379736574, 1.055060413005192]",87.42700958251953,0.9551714062690735,0.9551714062690735,87.42700958251953,0.0,4.2999999999997485,3.799999999999803,5.299999999999638,160,0.06892948309678235,10.644407075387694,1.4741074999328703,,traces/static_ibvs_0148.npz
148,pbvs,small,static,converged,True,"[-2.8704067147596413, 1.1971528212321694, 1.6022362586636332, -0.33465582157437, 1.0854714379736574, 1.055060413005192]",87.42700958251953,0.8738390803337097,0.8738390803337097,87.42700958251953,0.0,4.531999999999723,4.031999999999778,5.531999999999613,167,0.09750357451704905,10.660017976049096,1.5332166999578476,,traces/static_pbvs_0148.npz
148,open_loop,small,static,converged,True,"[-2.8704067147596413, 1.1971528212321694, 1.6022362586636332, -0.33465582157437, 1.0854714379736574, 1.055060413005192]",87.42700958251953,0.6510868668556213,0.6510868668556213,87.42700958251953,0.0,5.565999999999609,3.8319999999997996,6.565999999999499,198,0.05999207559943655,10.67476115424877,1.7369514000602067,,traces/static_open_loop_0148.npz
149,ibvs,medium,static,initial_out_of_view,False,"[-7.734694482162592, 7.859807507642865, -6.383538229267773, 7.352431979595217, 2.1224768160479144, 1.4347772619201642]",,,,,,0.0,,0.0,1,0.0,11.559568613342929,0.002728099934756756,,traces/static_ibvs_0149.npz
149,pbvs,medium,static,initial_out_of_view,False,"[-7.734694482162592, 7.859807507642865, -6.383538229267773, 7.352431979595217, 2.1224768160479144, 1.4347772619201642]",,,,,,0.0,,0.0,1,0.0,11.559568613342929,0.0025476000737398863,,traces/static_pbvs_0149.npz
149,open_loop,medium,static,initial_out_of_view,False,"[-7.734694482162592, 7.859807507642865, -6.383538229267773, 7.352431979595217, 2.1224768160479144, 1.4347772619201642]",,,,,,0.0,,0.0,1,0.0,11.559568613342929,0.0020343998912721872,,traces/static_open_loop_0149.npz
150,ibvs,medium,static,initial_out_of_view,False,"[-3.0006521854572945, 1.8681334538724066, -9.727252766708974, 6.836090431137389, 1.1872840669550975, -2.609938797376943]",,,,,,0.0,,0.0,1,0.0,12.010957134866047,0.0019374999683350325,,traces/static_ibvs_0150.npz
150,pbvs,medium,static,initial_out_of_view,False,"[-3.0006521854572945, 1.8681334538724066, -9.727252766708974, 6.836090431137389, 1.1872840669550975, -2.609938797376943]",,,,,,0.0,,0.0,1,0.0,12.010957134866047,0.003280000062659383,,traces/static_pbvs_0150.npz
150,open_loop,medium,static,initial_out_of_view,False,"[-3.0006521854572945, 1.8681334538724066, -9.727252766708974, 6.836090431137389, 1.1872840669550975, -2.609938797376943]",,,,,,0.0,,0.0,1,0.0,12.010957134866047,0.0020710001699626446,,traces/static_open_loop_0150.npz
151,ibvs,small,static,converged,True,"[-1.6177195158454687, -0.6335160916414333, 1.562387107424465, -3.6466882865952357, 0.43524767723635716, 0.3103201725578355]",21.240203857421875,0.9731318354606628,0.9731318354606628,21.240203857421875,0.0,3.065999999999884,2.565999999999939,4.065999999999774,123,0.08500275383878338,10.635763131302507,1.1561099998652935,,traces/static_ibvs_0151.npz
151,pbvs,small,static,converged,True,"[-1.6177195158454687, -0.6335160916414333, 1.562387107424465, -3.6466882865952357, 0.43524767723635716, 0.3103201725578355]",21.240203857421875,0.9435626268386841,0.9435626268386841,21.240203857421875,0.0,3.265999999999862,2.765999999999917,4.265999999999752,129,0.12706373217413405,10.644561657626067,1.1939176998566836,,traces/static_pbvs_0151.npz
151,open_loop,small,static,converged,True,"[-1.6177195158454687, -0.6335160916414333, 1.562387107424465, -3.6466882865952357, 0.43524767723635716, 0.3103201725578355]",21.240203857421875,0.5293892621994019,0.5293892621994019,21.240203857421875,0.0,4.499999999999726,2.7319999999999207,5.499999999999616,166,0.0320218018542728,10.656847946049318,1.390123600140214,,traces/static_open_loop_0151.npz
152,ibvs,medium,static,converged,True,"[-7.8798118021745385, -6.459895611579219, 3.3423246598322542, -6.454901390153998, -3.005361145561009, 2.3299389575511675]",161.0653533935547,0.9301022887229919,0.9301022887229919,161.0653533935547,0.0,4.765999999999697,4.265999999999752,5.765999999999587,174,0.1910755420737908,10.644372159796983,1.6043446999974549,,traces/static_ibvs_0152.npz
152,pbvs,medium,static,converged,True,"[-7.8798118021745385, -6.459895611579219, 3.3423246598322542, -6.454901390153998, -3.005361145561009, 2.3299389575511675]",161.0653533935547,0.9941651225090027,0.9941651225090027,161.0653533935547,0.0,4.765999999999697,4.265999999999752,5.765999999999587,174,0.1504912675181342,10.64805579797057,1.5762987998314202,,traces/static_pbvs_0152.npz
152,open_loop,medium,static,converged,True,"[-7.8798118021745385, -6.459895611579219, 3.3423246598322542, -6.454901390153998, -3.005361145561009, 2.3299389575511675]",161.0653533935547,0.44979196786880493,0.44979196786880493,161.0653533935547,0.0,6.165999999999543,4.2999999999997485,7.165999999999433,216,0.1504912675181342,10.658242520927807,1.9895240000914782,,traces/static_open_loop_0152.npz
153,ibvs,medium,static,converged,True,"[-2.8447445692477746, -1.6779639512918951, -1.033153777410936, -11.10183271220265, 0.26040895039349365, 9.602861411586105]",49.5594596862793,0.9539710879325867,0.9539710879325867,49.5594596862793,0.0,3.899999999999792,3.399999999999847,4.899999999999682,148,0.22581236963672763,10.993778158994722,1.3256335000041872,,traces/static_ibvs_0153.npz
153,pbvs,medium,static,converged,True,"[-2.8447445692477746, -1.6779639512918951, -1.033153777410936, -11.10183271220265, 0.26040895039349365, 9.602861411586105]",49.5594596862793,0.6518710255622864,0.6518710255622864,49.5594596862793,0.0,4.031999999999778,3.5319999999998326,5.031999999999668,152,0.18083360338466822,10.993778158994722,1.3614199999719858,,traces/static_pbvs_0153.npz
153,open_loop,medium,static,converged,True,"[-2.8447445692477746, -1.6779639512918951, -1.033153777410936, -11.10183271220265, 0.26040895039349365, 9.602861411586105]",49.5594596862793,0.5049566626548767,0.5049566626548767,49.5594596862793,0.0,5.031999999999668,3.499999999999836,6.031999999999558,182,0.17345581550290193,10.993778158994722,1.6670851001981646,,traces/static_open_loop_0153.npz
154,ibvs,small,static,converged,True,"[-2.324877636220574, 0.28181354107715695, 2.983635319207031, -3.8476673397607355, 0.4731553180459458, 0.38492777346452023]",65.2078628540039,0.979157567024231,0.979157567024231,65.2078628540039,0.0,3.9319999999997886,3.4319999999998436,4.931999999999679,149,0.10339024366942182,10.64065777444783,1.4632381999399513,,traces/static_ibvs_0154.npz
154,pbvs,small,static,converged,True,"[-2.324877636220574, 0.28181354107715695, 2.983635319207031, -3.8476673397607355, 0.4731553180459458, 0.38492777346452023]",65.2078628540039,0.9831557273864746,0.9831557273864746,65.2078628540039,0.0,3.999999999999781,3.499999999999836,4.999999999999671,151,0.18023058540472944,10.636773700238058,1.3483644998632371,,traces/static_pbvs_0154.npz
154,open_loop,small,static,converged,True,"[-2.324877636220574, 0.28181354107715695, 2.983635319207031, -3.8476673397607355, 0.4731553180459458, 0.38492777346452023]",65.2078628540039,0.8498391509056091,0.8498391509056091,65.2078628540039,0.0,5.46599999999962,3.765999999999807,6.46599999999951,195,0.052844045958833116,10.6699331216199,1.6002130000852048,,traces/static_open_loop_0154.npz
155,ibvs,medium,static,converged,True,"[-6.167196974547288, -2.921433886265884, 6.042425597341108, -5.935357107472495, 1.843895376922486, 2.358043753171213]",103.72904205322266,0.959308385848999,0.959308385848999,103.72904205322266,0.0,4.431999999999734,3.9319999999997886,5.431999999999624,164,0.18107518153001287,10.639032374509366,1.5005336999893188,,traces/static_ibvs_0155.npz
155,pbvs,medium,static,converged,True,"[-6.167196974547288, -2.921433886265884, 6.042425597341108, -5.935357107472495, 1.843895376922486, 2.358043753171213]",103.72904205322266,0.8383402228355408,0.8383402228355408,103.72904205322266,0.0,4.499999999999726,3.999999999999781,5.499999999999616,166,0.12696468452094234,10.636271693981495,1.4209496001712978,,traces/static_pbvs_0155.npz
155,open_loop,medium,static,converged,True,"[-6.167196974547288, -2.921433886265884, 6.042425597341108, -5.935357107472495, 1.843895376922486, 2.358043753171213]",103.72904205322266,0.5741690397262573,0.5741690397262573,103.72904205322266,0.0,5.865999999999576,3.899999999999792,6.865999999999466,207,0.11181040536685835,10.676443998036397,1.7203246001154184,,traces/static_open_loop_0155.npz
156,ibvs,medium,static,initial_out_of_view,False,"[4.852910310274309, -0.8595240793648156, -3.6398931171161557, -9.525047769459777, -7.706547150904493, 5.616670876251931]",,,,,,0.0,,0.0,1,0.0,11.105147869495658,0.002683799946680665,,traces/static_ibvs_0156.npz
156,pbvs,medium,static,initial_out_of_view,False,"[4.852910310274309, -0.8595240793648156, -3.6398931171161557, -9.525047769459777, -7.706547150904493, 5.616670876251931]",,,,,,0.0,,0.0,1,0.0,11.105147869495658,0.0025760000571608543,,traces/static_pbvs_0156.npz
156,open_loop,medium,static,initial_out_of_view,False,"[4.852910310274309, -0.8595240793648156, -3.6398931171161557, -9.525047769459777, -7.706547150904493, 5.616670876251931]",,,,,,0.0,,0.0,1,0.0,11.105147869495658,0.0023207999765872955,,traces/static_open_loop_0156.npz
157,ibvs,small,static,converged,True,"[-2.125765205851618, 2.9285836603338726, -2.595761216191435, 3.6803480953368233, -2.185441659462936, -0.5731252686098678]",76.85818481445312,0.9681829810142517,0.9681829810142517,76.85818481445312,0.0,4.231999999999756,3.7319999999998106,5.231999999999646,158,0.05489760827632491,10.96104441594844,1.4386008000001311,,traces/static_ibvs_0157.npz
157,pbvs,small,static,converged,True,"[-2.125765205851618, 2.9285836603338726, -2.595761216191435, 3.6803480953368233, -2.185441659462936, -0.5731252686098678]",76.85818481445312,0.6200506687164307,0.6200506687164307,76.85818481445312,0.0,4.431999999999734,3.9319999999997886,5.431999999999624,164,0.20537159505799218,10.96104441594844,1.361648099962622,,traces/static_pbvs_0157.npz
157,open_loop,small,static,converged,True,"[-2.125765205851618, 2.9285836603338726, -2.595761216191435, 3.6803480953368233, -2.185441659462936, -0.5731252686098678]",76.85818481445312,0.39300087094306946,0.39300087094306946,76.85818481445312,0.0,5.331999999999635,3.699999999999814,6.331999999999525,191,0.11416538967795986,10.96104441594844,1.4144377999473363,,traces/static_open_loop_0157.npz
158,ibvs,small,static,converged,True,"[-2.8104215915229998, 2.444729861190849, 2.5037669189519303, 0.21504549335436174, -2.971569314240414, 3.35876611827448]",84.48895263671875,0.973446786403656,0.973446786403656,84.48895263671875,0.0,4.1999999999997595,3.699999999999814,5.199999999999649,157,0.09745293505658009,10.641034269969131,1.208299299934879,,traces/static_ibvs_0158.npz
158,pbvs,small,static,converged,True,"[-2.8104215915229998, 2.444729861190849, 2.5037669189519303, 0.21504549335436174, -2.971569314240414, 3.35876611827448]",84.48895263671875,0.8566040396690369,0.8566040396690369,84.48895263671875,0.0,4.46599999999973,3.965999999999785,5.46599999999962,165,0.13994002382225718,10.657974758408551,1.2169487997889519,,traces/static_pbvs_0158.npz
158,open_loop,small,static,converged,True,"[-2.8104215915229998, 2.444729861190849, 2.5037669189519303, 0.21504549335436174, -2.971569314240414, 3.35876611827448]",84.48895263671875,0.4757867157459259,0.4757867157459259,84.48895263671875,0.0,5.631999999999602,3.799999999999803,6.631999999999492,200,0.06405413043917058,10.665256729814987,1.5016419000457972,,traces/static_open_loop_0158.npz
159,ibvs,medium,static,initial_out_of_view,False,"[0.7971926262494655, 0.5148260120562345, -8.918126948112855, 0.11337187021377915, -1.5220726110001603, 5.096869952438855]",,,,,,0.0,,0.0,1,0.0,11.803414385228537,0.0031476998701691628,,traces/static_ibvs_0159.npz
159,pbvs,medium,static,initial_out_of_view,False,"[0.7971926262494655, 0.5148260120562345, -8.918126948112855, 0.11337187021377915, -1.5220726110001603, 5.096869952438855]",,,,,,0.0,,0.0,1,0.0,11.803414385228537,0.0029291000682860613,,traces/static_pbvs_0159.npz
159,open_loop,medium,static,initial_out_of_view,False,"[0.7971926262494655, 0.5148260120562345, -8.918126948112855, 0.11337187021377915, -1.5220726110001603, 5.096869952438855]",,,,,,0.0,,0.0,1,0.0,11.803414385228537,0.003044300014153123,,traces/static_open_loop_0159.npz
160,ibvs,large,static,initial_out_of_view,False,"[2.4370555823253888, 14.120425469383036, -17.432355785002436, -29.72615915847323, -17.72911752445217, 16.802652441592954]",,,,,,0.0,,0.0,1,0.0,13.30532853212625,0.00232889992184937,,traces/static_ibvs_0160.npz
160,pbvs,large,static,initial_out_of_view,False,"[2.4370555823253888, 14.120425469383036, -17.432355785002436, -29.72615915847323, -17.72911752445217, 16.802652441592954]",,,,,,0.0,,0.0,1,0.0,13.30532853212625,0.0020740998443216085,,traces/static_pbvs_0160.npz
160,open_loop,large,static,initial_out_of_view,False,"[2.4370555823253888, 14.120425469383036, -17.432355785002436, -29.72615915847323, -17.72911752445217, 16.802652441592954]",,,,,,0.0,,0.0,1,0.0,13.30532853212625,0.0031720001716166735,,traces/static_open_loop_0160.npz
161,ibvs,large,static,initial_out_of_view,False,"[16.77107428445978, -1.3403386728989375, 7.840767368490731, -28.091806739926245, -14.320497737504505, -14.437298588666454]",,,,,,0.0,,0.0,1,0.0,10.004217959648782,0.002809199970215559,,traces/static_ibvs_0161.npz
161,pbvs,large,static,initial_out_of_view,False,"[16.77107428445978, -1.3403386728989375, 7.840767368490731, -28.091806739926245, -14.320497737504505, -14.437298588666454]",,,,,,0.0,,0.0,1,0.0,10.004217959648782,0.0025545998942106962,,traces/static_pbvs_0161.npz
161,open_loop,large,static,initial_out_of_view,False,"[16.77107428445978, -1.3403386728989375, 7.840767368490731, -28.091806739926245, -14.320497737504505, -14.437298588666454]",,,,,,0.0,,0.0,1,0.0,10.004217959648782,0.0030869999900460243,,traces/static_open_loop_0161.npz
162,ibvs,medium,static,converged,True,"[-3.6612284349302335, 2.155961244817565, -2.9848690264790667, -1.5412845836134323, 1.2843723195443992, -4.226881701573585]",71.98471069335938,0.9891451597213745,0.9891451597213745,71.98471069335938,0.0,4.031999999999778,3.5319999999998326,5.031999999999668,152,0.08338030666142113,11.011513816721127,1.1122588000725955,,traces/static_ibvs_0162.npz
162,pbvs,medium,static,converged,True,"[-3.6612284349302335, 2.155961244817565, -2.9848690264790667, -1.5412845836134323, 1.2843723195443992, -4.226881701573585]",71.98471069335938,0.8716524243354797,0.8716524243354797,71.98471069335938,0.0,4.83199999999969,4.331999999999745,5.83199999999958,176,0.1732783043961559,11.011513816721127,1.3037161999382079,,traces/static_pbvs_0162.npz
162,open_loop,medium,static,converged,True,"[-3.6612284349302335, 2.155961244817565, -2.9848690264790667, -1.5412845836134323, 1.2843723195443992, -4.226881701573585]",71.98471069335938,0.28288570046424866,0.28288570046424866,71.98471069335938,0.0,5.499999999999616,3.5319999999998326,6.499999999999506,196,0.11237430217751093,11.011513816721127,1.439977299887687,,traces/static_open_loop_0162.npz
163,ibvs,large,static,initial_out_of_view,False,"[-5.17099611018855, -16.540560009283453, 19.924564347025466, 16.64190016523598, 16.928015388285246, -19.12858811936677]",,,,,,0.0,,0.0,1,0.0,16.46723487583212,0.0025961000937968493,,traces/static_ibvs_0163.npz
163,pbvs,large,static,initial_out_of_view,False,"[-5.17099611018855, -16.540560009283453, 19.924564347025466, 16.64190016523598, 16.928015388285246, -19.12858811936677]",,,,,,0.0,,0.0,1,0.0,16.46723487583212,0.0025725997984409332,,traces/static_pbvs_0163.npz
163,open_loop,large,static,initial_out_of_view,False,"[-5.17099611018855, -16.540560009283453, 19.924564347025466, 16.64190016523598, 16.928015388285246, -19.12858811936677]",,,,,,0.0,,0.0,1,0.0,16.46723487583212,0.0030966000631451607,,traces/static_open_loop_0163.npz
164,ibvs,small,static,converged,True,"[-0.8693105661682532, 2.869827612985695, -3.496517227113398, 3.2743107608044415, 2.0368780606247503, 0.6789947366017373]",52.799373626708984,0.9512742161750793,0.9512742161750793,52.799373626708984,0.0,3.965999999999785,3.46599999999984,4.965999999999675,150,0.06746231867328348,11.09929385366572,1.1901926998980343,,traces/static_ibvs_0164.npz
164,pbvs,small,static,converged,True,"[-0.8693105661682532, 2.869827612985695, -3.496517227113398, 3.2743107608044415, 2.0368780606247503, 0.6789947366017373]",52.799373626708984,0.7302869558334351,0.7302869558334351,52.799373626708984,0.0,3.999999999999781,3.499999999999836,4.999999999999671,151,0.17298191649856315,11.09929385366572,1.1234635999426246,,traces/static_pbvs_0164.npz
164,open_loop,small,static,converged,True,"[-0.8693105661682532, 2.869827612985695, -3.496517227113398, 3.2743107608044415, 2.0368780606247503, 0.6789947366017373]",52.799373626708984,0.5299959778785706,0.5299959778785706,52.799373626708984,0.0,5.131999999999657,3.365999999999851,6.131999999999547,185,0.10579395948242012,11.09929385366572,1.36266059987247,,traces/static_open_loop_0164.npz
165,ibvs,medium,static,converged,True,"[-6.8168669789804355, -3.190857945124826, 4.742774153505016, 3.0688708722687537, -4.05477115808983, -7.315408792109854]",173.3740997314453,0.9744278788566589,0.9744278788566589,173.3740997314453,0.0,4.865999999999686,4.365999999999741,5.865999999999576,177,0.17229484769547276,10.659220157042894,1.2827278999611735,,traces/static_ibvs_0165.npz
165,pbvs,medium,static,converged,True,"[-6.8168669789804355, -3.190857945124826, 4.742774153505016, 3.0688708722687537, -4.05477115808983, -7.315408792109854]",173.3740997314453,0.8270218372344971,0.8270218372344971,173.3740997314453,0.0,4.665999999999708,4.165999999999763,5.665999999999598,171,0.17565305252778085,10.646450883667107,1.2961069999728352,,traces/static_pbvs_0165.npz
165,open_loop,medium,static,converged,True,"[-6.8168669789804355, -3.190857945124826, 4.742774153505016, 3.0688708722687537, -4.05477115808983, -7.315408792109854]",173.3740997314453,0.39045894145965576,0.39045894145965576,173.3740997314453,0.0,6.131999999999547,4.2999999999997485,7.131999999999437,215,0.16610540507381988,10.654115096974,1.639523999998346,,traces/static_open_loop_0165.npz
166,ibvs,large,static,initial_out_of_view,False,"[9.647462883566043, 12.079712799824481, -24.112160294028524, 11.000566100086473, 7.427988084338352, 7.140764429447152]",,,,,,0.0,,0.0,1,0.0,15.073782375903466,0.0021613999269902706,,traces/static_ibvs_0166.npz
166,pbvs,large,static,initial_out_of_view,False,"[9.647462883566043, 12.079712799824481, -24.112160294028524, 11.000566100086473, 7.427988084338352, 7.140764429447152]",,,,,,0.0,,0.0,1,0.0,15.073782375903466,0.0029090000316500664,,traces/static_pbvs_0166.npz
166,open_loop,large,static,initial_out_of_view,False,"[9.647462883566043, 12.079712799824481, -24.112160294028524, 11.000566100086473, 7.427988084338352, 7.140764429447152]",,,,,,0.0,,0.0,1,0.0,15.073782375903466,0.002877800026908517,,traces/static_open_loop_0166.npz
167,ibvs,medium,static,converged,True,"[3.1881158682478272, 4.562646060796789, -3.082065436388673, -4.241609837111346, 0.6385334052116214, -2.9672788576981866]",119.41478729248047,0.96456378698349,0.96456378698349,119.41478729248047,0.0,4.599999999999715,4.0999999999997705,5.599999999999605,169,0.13022992007652395,11.049073374310954,1.3712551000062376,,traces/static_ibvs_0167.npz
167,pbvs,medium,static,converged,True,"[3.1881158682478272, 4.562646060796789, -3.082065436388673, -4.241609837111346, 0.6385334052116214, -2.9672788576981866]",119.41478729248047,0.8688627481460571,0.8688627481460571,119.41478729248047,0.0,4.899999999999682,4.3999999999997375,5.899999999999572,178,0.19643388376894155,11.049073374310954,1.361876100068912,,traces/static_pbvs_0167.npz
167,open_loop,medium,static,converged,True,"[3.1881158682478272, 4.562646060796789, -3.082065436388673, -4.241609837111346, 0.6385334052116214, -2.9672788576981866]",119.41478729248047,0.5377829074859619,0.5377829074859619,119.41478729248047,0.0,5.865999999999576,4.031999999999778,6.865999999999466,207,0.11662071506497602,11.049073374310954,1.4990999998990446,,traces/static_open_loop_0167.npz
168,ibvs,small,static,converged,True,"[-0.2080770609088436, 2.904094462181387, -0.8409049990316966, -2.2466838661486808, 1.8782206645601125, 3.9022189787137442]",72.34085845947266,0.9912173748016357,0.9912173748016357,72.34085845947266,0.0,3.999999999999781,3.499999999999836,4.999999999999671,151,0.06124309724741682,10.76332460451476,1.1178953999187797,,traces/static_ibvs_0168.npz
168,pbvs,small,static,converged,True,"[-0.2080770609088436, 2.904094462181387, -0.8409049990316966, -2.2466838661486808, 1.8782206645601125, 3.9022189787137442]",72.34085845947266,0.8796384334564209,0.8796384334564209,72.34085845947266,0.0,4.565999999999719,4.065999999999774,5.565999999999609,168,0.16538306622755705,10.76332460451476,1.313326699892059,,traces/static_pbvs_0168.npz
168,open_loop,small,static,converged,True,"[-0.2080770609088436, 2.904094462181387, -0.8409049990316966, -2.2466838661486808, 1.8782206645601125, 3.9022189787137442]",72.34085845947266,0.651920735836029,0.651920735836029,72.34085845947266,0.0,5.365999999999631,3.665999999999818,6.365999999999521,192,0.06442869898490942,10.76332460451476,1.4326845998875797,,traces/static_open_loop_0168.npz
169,ibvs,medium,static,initial_out_of_view,False,"[5.769127775201543, -2.1832858098947057, -4.935140158406741, 1.881621933543535, -6.809080259432379, 4.647842598621843]",,,,,,0.0,,0.0,1,0.0,11.22576371974026,0.002692699898034334,,traces/static_ibvs_0169.npz
169,pbvs,medium,static,initial_out_of_view,False,"[5.769127775201543, -2.1832858098947057, -4.935140158406741, 1.881621933543535, -6.809080259432379, 4.647842598621843]",,,,,,0.0,,0.0,1,0.0,11.22576371974026,0.002456599846482277,,traces/static_pbvs_0169.npz
169,open_loop,medium,static,initial_out_of_view,False,"[5.769127775201543, -2.1832858098947057, -4.935140158406741, 1.881621933543535, -6.809080259432379, 4.647842598621843]",,,,,,0.0,,0.0,1,0.0,11.22576371974026,0.0026690999511629343,,traces/static_open_loop_0169.npz
170,ibvs,large,static,initial_out_of_view,False,"[9.00996039729339, -11.676431874270953, -7.538001124523596, 24.078809627109834, 17.426426700129966, 29.183860402622756]",,,,,,0.0,,0.0,1,0.0,17.458933453352856,0.0027125999331474304,,traces/static_ibvs_0170.npz
170,pbvs,large,static,initial_out_of_view,False,"[9.00996039729339, -11.676431874270953, -7.538001124523596, 24.078809627109834, 17.426426700129966, 29.183860402622756]",,,,,,0.0,,0.0,1,0.0,17.458933453352856,0.002464599907398224,,traces/static_pbvs_0170.npz
170,open_loop,large,static,initial_out_of_view,False,"[9.00996039729339, -11.676431874270953, -7.538001124523596, 24.078809627109834, 17.426426700129966, 29.183860402622756]",,,,,,0.0,,0.0,1,0.0,17.458933453352856,0.0018792999908328056,,traces/static_open_loop_0170.npz
171,ibvs,small,static,converged,True,"[2.185961446538177, -0.8725444369443767, 1.5476315057839303, 2.106880295677125, 0.19765957621996666, 2.7913323402095704]",34.5203742980957,0.9691800475120544,0.9691800475120544,34.5203742980957,0.0,3.4319999999998436,2.9319999999998987,4.431999999999734,134,0.05452630242087504,10.638437364290377,0.9747206000611186,,traces/static_ibvs_0171.npz
171,pbvs,small,static,converged,True,"[2.185961446538177, -0.8725444369443767, 1.5476315057839303, 2.106880295677125, 0.19765957621996666, 2.7913323402095704]",34.5203742980957,0.8913606405258179,0.8913606405258179,34.5203742980957,0.0,3.665999999999818,3.165999999999873,4.665999999999708,141,0.21377524750280463,10.645400497769911,1.0737706001382321,,traces/static_pbvs_0171.npz
171,open_loop,small,static,converged,True,"[2.185961446538177, -0.8725444369443767, 1.5476315057839303, 2.106880295677125, 0.19765957621996666, 2.7913323402095704]",34.5203742980957,0.859988272190094,0.859988272190094,34.5203742980957,0.0,5.265999999999642,3.199999999999869,6.265999999999532,189,0.13823742156398894,10.701588142940473,1.3732940000481904,,traces/static_open_loop_0171.npz
172,ibvs,large,static,initial_out_of_view,False,"[10.645057358910734, -7.041870921551514, 20.055595796526063, 10.419947769749761, -7.106695214835602, 19.06528500018299]",,,,,,0.0,,0.0,1,0.0,9.243582242689055,0.0031415000557899475,,traces/static_ibvs_0172.npz
172,pbvs,large,static,initial_out_of_view,False,"[10.645057358910734, -7.041870921551514, 20.055595796526063, 10.419947769749761, -7.106695214835602, 19.06528500018299]",,,,,,0.0,,0.0,1,0.0,9.243582242689055,0.003217600053176284,,traces/static_pbvs_0172.npz
172,open_loop,large,static,initial_out_of_view,False,"[10.645057358910734, -7.041870921551514, 20.055595796526063, 10.419947769749761, -7.106695214835602, 19.06528500018299]",,,,,,0.0,,0.0,1,0.0,9.243582242689055,0.0025126999244093895,,traces/static_open_loop_0172.npz
173,ibvs,large,static,initial_out_of_view,False,"[-17.935971584744216, -9.934295402347967, 9.574569496169296, -29.067718221453173, 15.472339118356551, 19.990919569416]",,,,,,0.0,,0.0,1,0.0,15.997821653205577,0.002376799937337637,,traces/static_ibvs_0173.npz
173,pbvs,large,static,initial_out_of_view,False,"[-17.935971584744216, -9.934295402347967, 9.574569496169296, -29.067718221453173, 15.472339118356551, 19.990919569416]",,,,,,0.0,,0.0,1,0.0,15.997821653205577,0.0021007999312132597,,traces/static_pbvs_0173.npz
173,open_loop,large,static,initial_out_of_view,False,"[-17.935971584744216, -9.934295402347967, 9.574569496169296, -29.067718221453173, 15.472339118356551, 19.990919569416]",,,,,,0.0,,0.0,1,0.0,15.997821653205577,0.002522900002077222,,traces/static_open_loop_0173.npz
174,ibvs,large,static,initial_out_of_view,False,"[-4.875642798593072, -7.697873781242222, 20.1114033589377, 12.768000320915775, 6.843397742241649, -13.066339013844871]",,,,,,0.0,,0.0,1,0.0,11.623023683903632,0.0023695998825132847,,traces/static_ibvs_0174.npz
174,pbvs,large,static,initial_out_of_view,False,"[-4.875642798593072, -7.697873781242222, 20.1114033589377, 12.768000320915775, 6.843397742241649, -13.066339013844871]",,,,,,0.0,,0.0,1,0.0,11.623023683903632,0.003876000177115202,,traces/static_pbvs_0174.npz
174,open_loop,large,static,initial_out_of_view,False,"[-4.875642798593072, -7.697873781242222, 20.1114033589377, 12.768000320915775, 6.843397742241649, -13.066339013844871]",,,,,,0.0,,0.0,1,0.0,11.623023683903632,0.0038889001589268446,,traces/static_open_loop_0174.npz
175,ibvs,medium,static,initial_out_of_view,False,"[6.5494055444591766, 1.4499648336523023, 3.1438996472095386, 4.280991308935349, 6.874009896024043, 7.164363116931273]",,,,,,0.0,,0.0,1,0.0,10.895984278721077,0.009644899982959032,,traces/static_ibvs_0175.npz
175,pbvs,medium,static,initial_out_of_view,False,"[6.5494055444591766, 1.4499648336523023, 3.1438996472095386, 4.280991308935349, 6.874009896024043, 7.164363116931273]",,,,,,0.0,,0.0,1,0.0,10.895984278721077,0.0031163999810814857,,traces/static_pbvs_0175.npz
175,open_loop,medium,static,initial_out_of_view,False,"[6.5494055444591766, 1.4499648336523023, 3.1438996472095386, 4.280991308935349, 6.874009896024043, 7.164363116931273]",,,,,,0.0,,0.0,1,0.0,10.895984278721077,0.0029688000213354826,,traces/static_open_loop_0175.npz
176,ibvs,medium,static,initial_out_of_view,False,"[-4.388391922484114, 6.771804294819864, 1.9753565401818172, -10.050944574849844, -0.8992611423869974, 2.2138243573061516]",,,,,,0.0,,0.0,1,0.0,10.583529257537174,0.0031322999857366085,,traces/static_ibvs_0176.npz
176,pbvs,medium,static,initial_out_of_view,False,"[-4.388391922484114, 6.771804294819864, 1.9753565401818172, -10.050944574849844, -0.8992611423869974, 2.2138243573061516]",,,,,,0.0,,0.0,1,0.0,10.583529257537174,0.002952700015157461,,traces/static_pbvs_0176.npz
176,open_loop,medium,static,initial_out_of_view,False,"[-4.388391922484114, 6.771804294819864, 1.9753565401818172, -10.050944574849844, -0.8992611423869974, 2.2138243573061516]",,,,,,0.0,,0.0,1,0.0,10.583529257537174,0.00336650013923645,,traces/static_open_loop_0176.npz
177,ibvs,small,static,converged,True,"[1.0562434380520562, 1.4933322699738358, 3.305510914398644, 1.3297072911162475, -2.392604963393902, 0.6914687667988098]",59.26686477661133,0.9815810322761536,0.9815810322761536,59.26686477661133,0.0,3.765999999999807,3.265999999999862,4.765999999999697,144,0.07772517771475188,10.638396675730212,1.1562053998932242,,traces/static_ibvs_0177.npz
177,pbvs,small,static,converged,True,"[1.0562434380520562, 1.4933322699738358, 3.305510914398644, 1.3297072911162475, -2.392604963393902, 0.6914687667988098]",59.26686477661133,0.9987494945526123,0.9987494945526123,59.26686477661133,0.0,4.0999999999997705,3.599999999999825,5.09999999999966,154,0.18731993632090657,10.6764723935602,1.2174198001157492,,traces/static_pbvs_0177.npz
177,open_loop,small,static,converged,True,"[1.0562434380520562, 1.4933322699738358, 3.305510914398644, 1.3297072911162475, -2.392604963393902, 0.6914687667988098]",59.26686477661133,0.36436888575553894,0.36436888575553894,59.26686477661133,0.0,5.531999999999613,3.299999999999858,6.531999999999503,197,0.07759655007702998,10.645023395692615,1.5256326000671834,,traces/static_open_loop_0177.npz
178,ibvs,medium,static,converged,True,"[-2.3070194294079087, -3.1538528508351718, -0.7323251649009741, -3.2561292641221478, -0.08380221289209366, -10.741187299901622]",94.76280212402344,0.9852165579795837,0.9852165579795837,94.76280212402344,0.0,4.2999999999997485,3.799999999999803,5.299999999999638,160,0.316525751911661,10.750908832397828,1.2243119000922889,,traces/static_ibvs_0178.npz
178,pbvs,medium,static,converged,True,"[-2.3070194294079087, -3.1538528508351718, -0.7323251649009741, -3.2561292641221478, -0.08380221289209366, -10.741187299901622]",94.76280212402344,0.8602129220962524,0.8602129220962524,94.76280212402344,0.0,4.599999999999715,4.0999999999997705,5.599999999999605,169,0.2507010051763656,10.750908832397828,1.2827390001621097,,traces/static_pbvs_0178.npz
178,open_loop,medium,static,converged,True,"[-2.3070194294079087, -3.1538528508351718, -0.7323251649009741, -3.2561292641221478, -0.08380221289209366, -10.741187299901622]",94.76280212402344,0.526439368724823,0.526439368724823,94.76280212402344,0.0,5.965999999999565,3.699999999999814,6.965999999999455,210,0.2507010051763656,10.750908832397828,1.517217499902472,,traces/static_open_loop_0178.npz
179,ibvs,large,static,initial_out_of_view,False,"[1.1040379754779401, 3.1214729861116837, 13.181914317892549, -28.379963767791484, 14.019292524432316, -28.523667038054533]",,,,,,0.0,,0.0,1,0.0,14.441584779785838,0.0040837000124156475,,traces/static_ibvs_0179.npz
179,pbvs,large,static,initial_out_of_view,False,"[1.1040379754779401, 3.1214729861116837, 13.181914317892549, -28.379963767791484, 14.019292524432316, -28.523667038054533]",,,,,,0.0,,0.0,1,0.0,14.441584779785838,0.003774399869143963,,traces/static_pbvs_0179.npz
179,open_loop,large,static,initial_out_of_view,False,"[1.1040379754779401, 3.1214729861116837, 13.181914317892549, -28.379963767791484, 14.019292524432316, -28.523667038054533]",,,,,,0.0,,0.0,1,0.0,14.441584779785838,0.004152599954977632,,traces/static_open_loop_0179.npz
180,ibvs,small,static,converged,True,"[-0.8116470141896799, 0.7421701487775283, 1.7372137198047977, 2.2666268531893223, 2.4345608400215886, 3.2716326785324332]",82.67066955566406,0.9934746026992798,0.9934746026992798,82.67066955566406,0.0,4.231999999999756,3.7319999999998106,5.231999999999646,158,0.07908478187205531,10.644095342140375,1.2050435000564903,,traces/static_ibvs_0180.npz
180,pbvs,small,static,converged,True,"[-0.8116470141896799, 0.7421701487775283, 1.7372137198047977, 2.2666268531893223, 2.4345608400215886, 3.2716326785324332]",82.67066955566406,0.9299045205116272,0.9299045205116272,82.67066955566406,0.0,4.265999999999752,3.765999999999807,5.265999999999642,159,0.21012845146387815,10.645768232562869,1.1247363998554647,,traces/static_pbvs_0180.npz
180,open_loop,small,static,converged,True,"[-0.8116470141896799, 0.7421701487775283, 1.7372137198047977, 2.2666268531893223, 2.4345608400215886, 3.2716326785324332]",82.67066955566406,0.5447830557823181,0.5447830557823181,82.67066955566406,0.0,5.365999999999631,3.765999999999807,6.365999999999521,192,0.09993654782665377,10.668726496949526,1.4623306000139564,,traces/static_open_loop_0180.npz
181,ibvs,small,static,converged,True,"[2.6025139872914096, -2.434248963252106, 3.5528698289736234, -0.8241152620446233, -2.700716980968761, 0.5355809804299918]",65.01028442382812,0.9929360151290894,0.9929360151290894,65.01028442382812,0.0,3.999999999999781,3.499999999999836,4.999999999999671,151,0.09407040165974725,10.639262138313503,1.081497099949047,,traces/static_ibvs_0181.npz
181,pbvs,small,static,converged,True,"[2.6025139872914096, -2.434248963252106, 3.5528698289736234, -0.8241152620446233, -2.700716980968761, 0.5355809804299918]",65.01028442382812,0.9601922035217285,0.9601922035217285,65.01028442382812,0.0,3.999999999999781,3.499999999999836,4.999999999999671,151,0.15888158653777987,10.648732357091516,1.1122451999690384,,traces/static_pbvs_0181.npz
181,open_loop,small,static,converged,True,"[2.6025139872914096, -2.434248963252106, 3.5528698289736234, -0.8241152620446233, -2.700716980968761, 0.5355809804299918]",65.01028442382812,0.3352868854999542,0.3352868854999542,65.01028442382812,0.0,5.499999999999616,3.599999999999825,6.499999999999506,196,0.07273264855722722,10.658953737131027,1.4389700000174344,,traces/static_open_loop_0181.npz
182,ibvs,medium,static,converged,True,"[-4.992727341724558, 3.22067047732002, -1.6680969101827987, -7.658145489447752, -5.478068766598517, -5.183510062313693]",58.3629150390625,0.9898604154586792,0.9898604154586792,58.3629150390625,0.0,3.899999999999792,3.399999999999847,4.899999999999682,148,0.15959548058796277,10.864783999024583,1.0771695000585169,,traces/static_ibvs_0182.npz
182,pbvs,medium,static,converged,True,"[-4.992727341724558, 3.22067047732002, -1.6680969101827987, -7.658145489447752, -5.478068766598517, -5.183510062313693]",58.3629150390625,0.9758789539337158,0.9758789539337158,58.3629150390625,0.0,4.1999999999997595,3.699999999999814,5.199999999999649,157,0.15606799132371396,10.864783999024583,1.2294127999339253,,traces/static_pbvs_0182.npz
182,open_loop,medium,static,converged,True,"[-4.992727341724558, 3.22067047732002, -1.6680969101827987, -7.658145489447752, -5.478068766598517, -5.183510062313693]",58.3629150390625,0.5234120488166809,0.5234120488166809,58.3629150390625,0.0,5.799999999999583,3.4319999999998436,6.799999999999473,205,0.15606799132371396,10.864783999024583,1.6152307000011206,,traces/static_open_loop_0182.npz
183,ibvs,small,static,converged,True,"[0.9435768353674865, -1.0781377815672426, 0.15553990134730444, 2.025187138151904, 2.7066526733823633, 3.839586786691939]",21.160295486450195,0.9435598850250244,0.9435598850250244,21.160295486450195,0.0,3.2319999999998656,2.7319999999999207,4.231999999999756,128,0.06391357854887561,10.65488551019934,0.9108996998984367,,traces/static_ibvs_0183.npz
183,pbvs,small,static,converged,True,"[0.9435768353674865, -1.0781377815672426, 0.15553990134730444, 2.025187138151904, 2.7066526733823633, 3.839586786691939]",21.160295486450195,0.9055325388908386,0.9055325388908386,21.160295486450195,0.0,3.299999999999858,2.7999999999999132,4.2999999999997485,130,0.21487581418623686,10.65488551019934,0.9996727998368442,,traces/static_pbvs_0183.npz
183,open_loop,small,static,converged,True,"[0.9435768353674865, -1.0781377815672426, 0.15553990134730444, 2.025187138151904, 2.7066526733823633, 3.839586786691939]",21.160295486450195,0.6178496479988098,0.6178496479988098,21.160295486450195,0.0,5.09999999999966,2.6999999999999242,6.09999999999955,184,0.07677863572114015,10.65488551019934,1.350918099982664,,traces/static_open_loop_0183.npz
184,ibvs,medium,static,converged,True,"[-3.689919875972688, 2.2041821850036634, 2.497969979047234, 4.941738203127066, -3.2283528042578347, -10.135335736762613]",130.3380584716797,0.9667946696281433,0.9667946696281433,130.3380584716797,0.0,4.631999999999712,4.131999999999767,5.631999999999602,170,0.13139256864545784,10.65107463944012,1.2911366999614984,,traces/static_ibvs_0184.npz
184,pbvs,medium,static,converged,True,"[-3.689919875972688, 2.2041821850036634, 2.497969979047234, 4.941738203127066, -3.2283528042578347, -10.135335736762613]",130.3380584716797,0.8749672174453735,0.8749672174453735,130.3380584716797,0.0,4.631999999999712,4.131999999999767,5.631999999999602,170,0.2334489124057536,10.644034987979957,1.2946442000102252,,traces/static_pbvs_0184.npz
184,open_loop,medium,static,converged,True,"[-3.689919875972688, 2.2041821850036634, 2.497969979047234, 4.941738203127066, -3.2283528042578347, -10.135335736762613]",130.3380584716797,0.4777284264564514,0.4777284264564514,130.3380584716797,0.0,5.865999999999576,4.0999999999997705,6.865999999999466,207,0.2334489124057536,10.657433034715847,1.6237850999459624,,traces/static_open_loop_0184.npz
185,ibvs,medium,static,initial_out_of_view,False,"[5.253249661090971, -7.180581519488339, -2.1510926783828133, -9.485662686030413, -7.399648111704897, -8.458846498290253]",,,,,,0.0,,0.0,1,0.0,10.926232745515472,0.0026766001246869564,,traces/static_ibvs_0185.npz
185,pbvs,medium,static,initial_out_of_view,False,"[5.253249661090971, -7.180581519488339, -2.1510926783828133, -9.485662686030413, -7.399648111704897, -8.458846498290253]",,,,,,0.0,,0.0,1,0.0,10.926232745515472,0.00176170002669096,,traces/static_pbvs_0185.npz
185,open_loop,medium,static,initial_out_of_view,False,"[5.253249661090971, -7.180581519488339, -2.1510926783828133, -9.485662686030413, -7.399648111704897, -8.458846498290253]",,,,,,0.0,,0.0,1,0.0,10.926232745515472,0.00239839986898005,,traces/static_open_loop_0185.npz
186,ibvs,medium,static,converged,True,"[-3.232886562751345, -7.748451295812071, 6.0734778366231446, 2.2193874328081726, 7.717518694992414, 9.347976534644534]",93.1452865600586,0.9909483790397644,0.9909483790397644,93.1452865600586,0.0,4.365999999999741,3.865999999999796,5.365999999999631,162,0.19074101496419021,11.467915734842636,1.3291922002099454,,traces/static_ibvs_0186.npz
186,pbvs,medium,static,converged,True,"[-3.232886562751345, -7.748451295812071, 6.0734778366231446, 2.2193874328081726, 7.717518694992414, 9.347976534644534]",93.1452865600586,0.9894737601280212,0.9894737601280212,93.1452865600586,0.0,4.599999999999715,4.0999999999997705,5.599999999999605,169,0.16010468070102407,11.467915734842636,1.3063678999897093,,traces/static_pbvs_0186.npz
186,open_loop,medium,static,converged,True,"[-3.232886562751345, -7.748451295812071, 6.0734778366231446, 2.2193874328081726, 7.717518694992414, 9.347976534644534]",93.1452865600586,0.6117851138114929,0.6117851138114929,93.1452865600586,0.0,5.899999999999572,4.031999999999778,6.899999999999462,208,0.16010468070102407,11.467915734842636,1.564463899936527,,traces/static_open_loop_0186.npz
187,ibvs,small,static,converged,True,"[-1.5097687497081573, 1.6052475927805725, -3.4469656316090376, -0.5874546432191883, 0.26936970567994845, -1.2802176637151321]",36.443275451660156,0.9451825618743896,0.9451825618743896,36.443275451660156,0.0,3.565999999999829,3.065999999999884,4.565999999999719,138,0.06662632149447327,11.060974345342059,1.0930298999883235,,traces/static_ibvs_0187.npz
187,pbvs,small,static,converged,True,"[-1.5097687497081573, 1.6052475927805725, -3.4469656316090376, -0.5874546432191883, 0.26936970567994845, -1.2802176637151321]",36.443275451660156,0.9705761075019836,0.9705761075019836,36.443275451660156,0.0,4.1999999999997595,3.699999999999814,5.199999999999649,157,0.13841847303248533,11.060974345342059,1.1694956000428647,,traces/static_pbvs_0187.npz
187,open_loop,small,static,converged,True,"[-1.5097687497081573, 1.6052475927805725, -3.4469656316090376, -0.5874546432191883, 0.26936970567994845, -1.2802176637151321]",36.443275451660156,0.7515596151351929,0.7515596151351929,36.443275451660156,0.0,4.865999999999686,3.365999999999851,5.865999999999576,177,0.0790175626565684,11.060974345342059,1.4827521000988781,,traces/static_open_loop_0187.npz
188,ibvs,small,static,converged,True,"[1.9544151154273317, 2.8427674743993743, 2.476936680562739, 1.389994177913521, -2.857771945858908, 1.2258079474170183]",73.7258529663086,0.9774169325828552,0.9774169325828552,73.7258529663086,0.0,3.9319999999997886,3.4319999999998436,4.931999999999679,149,0.0688483618275405,10.640202704520073,1.1076019001193345,,traces/static_ibvs_0188.npz
188,pbvs,small,static,converged,True,"[1.9544151154273317, 2.8427674743993743, 2.476936680562739, 1.389994177913521, -2.857771945858908, 1.2258079474170183]",73.7258529663086,0.9375414848327637,0.9375414848327637,73.7258529663086,0.0,4.0999999999997705,3.599999999999825,5.09999999999966,154,0.14431905965665773,10.656191024542967,1.1737106000073254,,traces/static_pbvs_0188.npz
188,open_loop,small,static,converged,True,"[1.9544151154273317, 2.8427674743993743, 2.476936680562739, 1.389994177913521, -2.857771945858908, 1.2258079474170183]",73.7258529663086,0.5529104471206665,0.5529104471206665,73.7258529663086,0.0,5.699999999999594,3.5319999999998326,6.699999999999484,202,0.0854894619125912,10.667270676866536,1.5224159001372755,,traces/static_open_loop_0188.npz
189,ibvs,medium,static,initial_out_of_view,False,"[-4.270627009435204, -3.4585621228840147, 0.271707957698446, 1.896669637300505, -4.33449853949098, -11.34209846723337]",,,,,,0.0,,0.0,1,0.0,10.600512629612,0.0033626998774707317,,traces/static_ibvs_0189.npz
189,pbvs,medium,static,initial_out_of_view,False,"[-4.270627009435204, -3.4585621228840147, 0.271707957698446, 1.896669637300505, -4.33449853949098, -11.34209846723337]",,,,,,0.0,,0.0,1,0.0,10.600512629612,0.0020761999767273664,,traces/static_pbvs_0189.npz
189,open_loop,medium,static,initial_out_of_view,False,"[-4.270627009435204, -3.4585621228840147, 0.271707957698446, 1.896669637300505, -4.33449853949098, -11.34209846723337]",,,,,,0.0,,0.0,1,0.0,10.600512629612,0.002401100005954504,,traces/static_open_loop_0189.npz
190,ibvs,medium,static,initial_out_of_view,False,"[-7.26107358865038, -5.636782029801314, 1.4335141074259745, 10.916991584512736, -5.154887826164323, 11.471857586780885]",,,,,,0.0,,0.0,1,0.0,10.575278217378106,0.00217329990118742,,traces/static_ibvs_0190.npz
190,pbvs,medium,static,initial_out_of_view,False,"[-7.26107358865038, -5.636782029801314, 1.4335141074259745, 10.916991584512736, -5.154887826164323, 11.471857586780885]",,,,,,0.0,,0.0,1,0.0,10.575278217378106,0.0017343999352306128,,traces/static_pbvs_0190.npz
190,open_loop,medium,static,initial_out_of_view,False,"[-7.26107358865038, -5.636782029801314, 1.4335141074259745, 10.916991584512736, -5.154887826164323, 11.471857586780885]",,,,,,0.0,,0.0,1,0.0,10.575278217378106,0.0017783998046070337,,traces/static_open_loop_0190.npz
191,ibvs,large,static,initial_out_of_view,False,"[-17.625163566596243, -13.819145798411416, 24.356405139294274, 0.4918046152952513, -14.839550123879905, -22.69719719512493]",,,,,,0.0,,0.0,1,0.0,8.590615475381668,0.0020582000724971294,,traces/static_ibvs_0191.npz
191,pbvs,large,static,initial_out_of_view,False,"[-17.625163566596243, -13.819145798411416, 24.356405139294274, 0.4918046152952513, -14.839550123879905, -22.69719719512493]",,,,,,0.0,,0.0,1,0.0,8.590615475381668,0.0021770999301224947,,traces/static_pbvs_0191.npz
191,open_loop,large,static,initial_out_of_view,False,"[-17.625163566596243, -13.819145798411416, 24.356405139294274, 0.4918046152952513, -14.839550123879905, -22.69719719512493]",,,,,,0.0,,0.0,1,0.0,8.590615475381668,0.0024574999697506428,,traces/static_open_loop_0191.npz
192,ibvs,large,static,initial_out_of_view,False,"[6.92502637330611, -11.222226261052239, -21.193857349725846, 28.67553633140149, -3.9680431725646788, -24.36416410946306]",,,,,,0.0,,0.0,1,0.0,14.533871629489152,0.001644599949941039,,traces/static_ibvs_0192.npz
192,pbvs,large,static,initial_out_of_view,False,"[6.92502637330611, -11.222226261052239, -21.193857349725846, 28.67553633140149, -3.9680431725646788, -24.36416410946306]",,,,,,0.0,,0.0,1,0.0,14.533871629489152,0.0017731999978423119,,traces/static_pbvs_0192.npz
192,open_loop,large,static,initial_out_of_view,False,"[6.92502637330611, -11.222226261052239, -21.193857349725846, 28.67553633140149, -3.9680431725646788, -24.36416410946306]",,,,,,0.0,,0.0,1,0.0,14.533871629489152,0.0015295997727662325,,traces/static_open_loop_0192.npz
193,ibvs,small,static,converged,True,"[-2.2417896913136617, -0.7435698393199663, -1.5150004406142248, -1.5568194534486466, -2.5415972627845997, 2.8436650834263695]",81.20144653320312,0.9719951152801514,0.9719951152801514,81.20144653320312,0.0,4.265999999999752,3.765999999999807,5.265999999999642,159,0.07783051627182865,10.815902600528194,1.2156420999672264,,traces/static_ibvs_0193.npz
193,pbvs,small,static,converged,True,"[-2.2417896913136617, -0.7435698393199663, -1.5150004406142248, -1.5568194534486466, -2.5415972627845997, 2.8436650834263695]",81.20144653320312,0.999581515789032,0.999581515789032,81.20144653320312,0.0,4.46599999999973,3.965999999999785,5.46599999999962,165,0.2342719005603649,10.81488714207017,1.2505965000018477,,traces/static_pbvs_0193.npz
193,open_loop,small,static,converged,True,"[-2.2417896913136617, -0.7435698393199663, -1.5150004406142248, -1.5568194534486466, -2.5415972627845997, 2.8436650834263695]",81.20144653320312,0.9007275104522705,0.9007275104522705,81.20144653320312,0.0,5.231999999999646,4.165999999999763,6.231999999999536,188,0.09049497291189523,10.81488714207017,1.4469878000672907,,traces/static_open_loop_0193.npz
194,ibvs,medium,static,initial_out_of_view,False,"[-7.912970347351887, -5.828369692670947, -5.553880377025175, 11.263318764717908, 3.347068394065923, -10.497460710366934]",,,,,,0.0,,0.0,1,0.0,11.684613226096166,0.0031836999114602804,,traces/static_ibvs_0194.npz
194,pbvs,medium,static,initial_out_of_view,False,"[-7.912970347351887, -5.828369692670947, -5.553880377025175, 11.263318764717908, 3.347068394065923, -10.497460710366934]",,,,,,0.0,,0.0,1,0.0,11.684613226096166,0.002736399881541729,,traces/static_pbvs_0194.npz
194,open_loop,medium,static,initial_out_of_view,False,"[-7.912970347351887, -5.828369692670947, -5.553880377025175, 11.263318764717908, 3.347068394065923, -10.497460710366934]",,,,,,0.0,,0.0,1,0.0,11.684613226096166,0.0021071999799460173,,traces/static_open_loop_0194.npz
195,ibvs,small,static,converged,True,"[1.1048669514814549, 2.8444208423591864, -1.6036218225986936, 3.566602200478698, -1.721636155654061, -0.6216124458655967]",16.48666763305664,0.9861186146736145,0.9861186146736145,16.49198341369629,0.03224290534606933,2.7319999999999207,2.231999999999976,3.7319999999998106,113,0.07670295730958591,10.843085604419644,0.8245360001455992,,traces/static_ibvs_0195.npz
195,pbvs,small,static,converged,True,"[1.1048669514814549, 2.8444208423591864, -1.6036218225986936, 3.566602200478698, -1.721636155654061, -0.6216124458655967]",16.48666763305664,0.9377923607826233,0.9377923607826233,16.74269676208496,1.5529465063938597,2.7319999999999207,2.231999999999976,3.7319999999998106,113,0.20280096114467117,10.843085604419644,0.8726892000995576,,traces/static_pbvs_0195.npz
195,open_loop,small,static,converged,True,"[1.1048669514814549, 2.8444208423591864, -1.6036218225986936, 3.566602200478698, -1.721636155654061, -0.6216124458655967]",16.48666763305664,0.3818812966346741,0.3818812966346741,16.74269676208496,1.5529465063938597,4.865999999999686,2.1999999999999793,5.865999999999576,177,0.07835150625465051,10.843085604419644,1.3456234000623226,,traces/static_open_loop_0195.npz
196,ibvs,large,static,initial_out_of_view,False,"[-15.174975904623516, -3.757400287491846, -13.549111109919675, 11.403241868041086, 17.40124199887434, -6.065769127421877]",,,,,,0.0,,0.0,1,0.0,15.977319908077494,0.0019175999332219362,,traces/static_ibvs_0196.npz
196,pbvs,large,static,initial_out_of_view,False,"[-15.174975904623516, -3.757400287491846, -13.549111109919675, 11.403241868041086, 17.40124199887434, -6.065769127421877]",,,,,,0.0,,0.0,1,0.0,15.977319908077494,0.0019145000260323286,,traces/static_pbvs_0196.npz
196,open_loop,large,static,initial_out_of_view,False,"[-15.174975904623516, -3.757400287491846, -13.549111109919675, 11.403241868041086, 17.40124199887434, -6.065769127421877]",,,,,,0.0,,0.0,1,0.0,15.977319908077494,0.0020932999905198812,,traces/static_open_loop_0196.npz
197,ibvs,large,static,initial_out_of_view,False,"[-11.076316705575596, 1.9753472586562637, 21.484977708900317, 17.673203522339314, 14.42202591971386, -10.400262985932326]",,,,,,0.0,,0.0,1,0.0,13.511003785895422,0.0020403999369591475,,traces/static_ibvs_0197.npz
197,pbvs,large,static,initial_out_of_view,False,"[-11.076316705575596, 1.9753472586562637, 21.484977708900317, 17.673203522339314, 14.42202591971386, -10.400262985932326]",,,,,,0.0,,0.0,1,0.0,13.511003785895422,0.0022692999336868525,,traces/static_pbvs_0197.npz
197,open_loop,large,static,initial_out_of_view,False,"[-11.076316705575596, 1.9753472586562637, 21.484977708900317, 17.673203522339314, 14.42202591971386, -10.400262985932326]",,,,,,0.0,,0.0,1,0.0,13.511003785895422,0.0023360000923275948,,traces/static_open_loop_0197.npz
198,ibvs,medium,static,initial_out_of_view,False,"[-4.680736665684401, -0.13231616698092274, 8.354874430244777, 7.614360084742181, 1.1213940388523884, -7.729822161826627]",,,,,,0.0,,0.0,1,0.0,10.10556421156591,0.0023706001229584217,,traces/static_ibvs_0198.npz
198,pbvs,medium,static,initial_out_of_view,False,"[-4.680736665684401, -0.13231616698092274, 8.354874430244777, 7.614360084742181, 1.1213940388523884, -7.729822161826627]",,,,,,0.0,,0.0,1,0.0,10.10556421156591,0.002348399953916669,,traces/static_pbvs_0198.npz
198,open_loop,medium,static,initial_out_of_view,False,"[-4.680736665684401, -0.13231616698092274, 8.354874430244777, 7.614360084742181, 1.1213940388523884, -7.729822161826627]",,,,,,0.0,,0.0,1,0.0,10.10556421156591,0.002697699936106801,,traces/static_open_loop_0198.npz
199,ibvs,large,static,initial_out_of_view,False,"[13.840485845610967, 14.065420890265585, 0.892964219049837, -3.187825829241614, 12.919804195473898, -21.355609953155064]",,,,,,0.0,,0.0,1,0.0,11.935547554003081,0.003419100074097514,,traces/static_ibvs_0199.npz
199,pbvs,large,static,initial_out_of_view,False,"[13.840485845610967, 14.065420890265585, 0.892964219049837, -3.187825829241614, 12.919804195473898, -21.355609953155064]",,,,,,0.0,,0.0,1,0.0,11.935547554003081,0.0037237999495118856,,traces/static_pbvs_0199.npz
199,open_loop,large,static,initial_out_of_view,False,"[13.840485845610967, 14.065420890265585, 0.892964219049837, -3.187825829241614, 12.919804195473898, -21.355609953155064]",,,,,,0.0,,0.0,1,0.0,11.935547554003081,0.003707400057464838,,traces/static_open_loop_0199.npz
200,ibvs,large,static,initial_out_of_view,False,"[0.8037607953683583, 0.68244207256528, -14.088721861658977, 3.7318963414766912, -17.491056452345358, -27.060723699862887]",,,,,,0.0,,0.0,1,0.0,12.563174044718048,0.0026660000439733267,,traces/static_ibvs_0200.npz
200,pbvs,large,static,initial_out_of_view,False,"[0.8037607953683583, 0.68244207256528, -14.088721861658977, 3.7318963414766912, -17.491056452345358, -27.060723699862887]",,,,,,0.0,,0.0,1,0.0,12.563174044718048,0.0033734000753611326,,traces/static_pbvs_0200.npz
200,open_loop,large,static,initial_out_of_view,False,"[0.8037607953683583, 0.68244207256528, -14.088721861658977, 3.7318963414766912, -17.491056452345358, -27.060723699862887]",,,,,,0.0,,0.0,1,0.0,12.563174044718048,0.0024212999269366264,,traces/static_open_loop_0200.npz
0,ibvs,fixed_demo,target_step,converged,True,"[3.0, -3.0, 4.0, 3.0, -2.0, 2.0]",45.13802719116211,0.9240765571594238,0.9240765571594238,45.13802719116211,0.0,3.5319999999998326,3.0319999999998877,4.531999999999723,137,0.08228462923712604,10.66121320866292,1.0221870001405478,1.0000000000000007,traces/target_step_ibvs_0000.npz
0,pbvs,fixed_demo,target_step,converged,True,"[3.0, -3.0, 4.0, 3.0, -2.0, 2.0]",45.13802719116211,0.9392812848091125,0.9392812848091125,45.13802719116211,0.0,3.5319999999998326,3.0319999999998877,4.531999999999723,137,0.1897092608794645,10.639850847004618,1.0633217999711633,1.0000000000000007,traces/target_step_pbvs_0000.npz
0,open_loop,fixed_demo,target_step,open_loop_residual,True,"[3.0, -3.0, 4.0, 3.0, -2.0, 2.0]",45.13802719116211,20.854145050048828,20.854145050048828,45.13802719116211,0.0,5.431999999999624,,6.431999999999514,194,0.11412127498546262,10.65944770039378,1.4254139999393374,1.0000000000000007,traces/target_step_open_loop_0000.npz
